{
  "title": "",
  "description": "",
  "variables": {
    "assignedUserName": {
      "type": "string"
    },
    "assignees": {
      "type": "string"
    },
    "currentTaskNumber": {
      "type": "string"
    },
    "empDialogSearchVar": {
      "type": "string"
    },
    "isReassignBulk": {
      "type": "boolean",
      "defaultValue": false
    },
    "PersonsSDP": {
      "type": "vb/ServiceDataProvider",
      "defaultValue": {
        "endpoint": "hcmRestApi/getall_emps",
        "responseType": "getall_emps",
        "itemsPath": "items",
        "keyAttributes": "UserName",
        "transformsContext": {
          "vb-textFilterAttributes": [
            "PersonNumber"
          ]
        }
      }
    },
    "selectedEmployees": {
      "type": "any[]"
    },
    "selectedEmployeesOptions": {
      "type": "any[]"
    },
    "selectedTasksNumbers": {
      "type": "any[]"
    },
    "statusCheckBoxTasks": {
      "type": "object[]"
    },
    "taskComment": {
      "type": "string"
    },
    "usersFilteredADP": {
      "type": "vb/ArrayDataProvider2",
      "defaultValue": {
        "itemType": "application:XXYASUser",
        "keyAttributes": "personId"
      }
    },
    "xxyasApprovalHistoryADP": {
      "type": "vb/ArrayDataProvider2",
      "defaultValue": {
        "itemType": "application:XXYASApprovalHistory",
        "keyAttributes": "requestLineId"
      }
    },
    "xxyasSearchCriteria": {
      "type": {
        "assignee": "string",
        "empName": "string",
        "moduleKeyName": "string",
        "requestNo": "string"
      }
    },
    "xxyasTaskListADP": {
      "type": "vb/ArrayDataProvider2",
      "defaultValue": {
        "itemType": "taskListType",
        "keyAttributes": "number"
      }
    }

  },
  "metadata": {},
  "types": {
    "@decorators.getall_emps": {
      "endpoint": "getall_emps",
      "service": "hcmRestApi",
      "path": "response"
    },

    "@decorators.taskListType": {
      "endpoint": "getXXYA_HCM_EXT_PCS_ADMI_TASK_LIST1_0Tasks",
      "service": "ics",
      "path": "response"
    },
    "getall_emps": {
      "items": [
        {
          "DisplayName": "string",
          "PersonId": "number",
          "PersonNumber": "string",
          "UserName": "string"
        }
      ]
    },
    "taskListType": {
      "assignedDate": "string",
      "assignees": {
        "hasMore": "boolean",
        "items": [
          {
            "id": "string",
            "levels": "number",
            "type": "string"
          }
        ]
      },
      "createdBy": "string",
      "createdDate": "string",
      "fromUserDisplayName": "string",
      "fromUserName": "string",
      "hasSubTasksFlag": "boolean",
      "href": "string",
      "id": "string",
      "length": "number",
      "longSummary": "string",
      "number": "number",
      "priority": "number",
      "processDefId": "string",
      "processId": "string",
      "processInstanceDetail": {
        "href": "string",
        "length": "number",
        "rel": "string"
      },
      "processName": "string",
      "rel": "string",
      "state": "string",
      "status": "string",
      "title": "string",
      "updatedById": "string",
      "updatedDate": "string"
    }

  },
  "chains": {

  },
  "eventListeners": {
    "aClick": {
      "chains": [
        {
          "chainId": "RequestNoHyperlinkClickChain",
          "parameters": {
            "key": "{{ $current.key }}",
            "index": "{{ $current.index }}",
            "current": "{{ $current }}"
          }
        }
      ]
    },
    "buttonAction": {
      "chains": [
        {
          "chainId": "ReassignBulkActionButtonActionChain"
        }
      ]
    },
    "checkboxSetIdValue": {
      "chains": [
        {
          "chainId": "StatusCheckboxSetTasksValueChangeChain",
          "parameters": {
            "value": "{{ $event.detail.value }}"
          }
        }
      ]
    },
    "listViewSelected": {
      "chains": [
{
          "chainId": "ListViewSelectedChangeChain",
          "parameters": {
            "keys": "{{ Array.from($event.detail.value.values()) }}"
          }
        }
      ]
    },
    "ojButtonCancelPopupOjAction": {
      "chains": [
        {
          "chainId": "CancelReassignButtonActionChain"
        }
      ]
    },
    "ojButtonOjAction": {
      "chains": [
        {
          "chainId": "TaskCommentsButtonActionChain",
          "parameters": {
            "key": "{{ $current.key }}",
            "index": "{{ $current.index }}",
            "current": "{{ $current }}"
          }
        }
      ]
    },
    "ojButtonOjAction2": {
      "chains": [
        {
          "chainId": "ReassignButtonActionChain",
          "parameters": {
            "key": "{{ $current.key }}",
            "index": "{{ $current.index }}",
            "current": "{{ $current }}"
          }
        }
      ]
    },
    "ojButtonOjAction3": {
      "chains": [
        {
          "chainId": "ResetButtonActionChain"
        }
      ]
    },
    "ojButtonOjAction4": {
      "chains": [
        {
          "chainId": "SearchButtonActionChain"
        }
      ]
    },
    "ojButtonOjAction5": {
      "chains": [
        {
          "chainId": "ExportPendingButtonActionChain"
        }
      ]
    },
    "ojButtonOjAction6": {
      "chains": [
        {
          "chainId": "UsersDialogResetButtonActionChain"
        }
      ]
    },
    "ojButtonOjAction7": {
      "chains": [
        {
          "chainId": "UsersDialogSearchButtonActionChain"
        }
      ]
    },
    "ojButtonOjAction8": {
      "chains": [
        {
          "chainId": "ButtonActionChain"
        }
      ]
    },
    "ojTableDblclick": {
      "chains": [
        {
          "chainId": "UsersDialogTableDblclickChain"
        }
      ]
    },
    "ojTableFirstSelectedRow": {
      "chains": [
        {
          "chainId": "UsersDialogTableFirstSelectedRowChangeChain",
          "parameters": {
            "rowKey": "{{$event.detail.value.key}}",
            "rowData": "{{$event.detail.value.data}}"
          }
        }
      ]
    },
    "showApprovalTaskPopupOjAction": {
      "chains": [
        {
          "chainId": "TaskApprovalHistoryButtonActionChain",
          "parameters": {
            "key": "{{ $current.key }}",
            "index": "{{ $current.index }}",
            "current": "{{ $current }}"
          }
        }
      ]
    },
    "showAssigneesTaskPopupOjAction": {
      "chains": [
        {
          "chainId": "ViewAssigneesButtonActionChain",
          "parameters": {
            "key": "{{ $current.key }}",
            "index": "{{ $current.index }}",
            "current": "{{ $current }}"
          }
        }
      ]
    },
    "spanClick": {
      "chains": [
        {
          "chainId": "refreshTasksIconClickChain"
        }
      ]
    }

  },
  "imports": {
    "components": {
      "oj-button": {
        "path": "ojs/ojbutton"
      },
      "oj-checkboxset": {
        "path": "ojs/ojcheckboxset"
      },
      "oj-collapsible": {
        "path": "ojs/ojcollapsible"
      },
      "oj-combobox-one": {
        "path": "ojs/ojselectcombobox"
      },
      "oj-dialog": {
        "path": "ojs/ojdialog"
      },
      "oj-form-layout": {
        "path": "ojs/ojformlayout"
      },
      "oj-input-date": {
        "path": "ojs/ojdatetimepicker"
      },
      "oj-input-date-time": {
        "path": "ojs/ojdatetimepicker"
      },
      "oj-input-text": {
        "path": "ojs/ojinputtext"
      },
      "oj-label": {
        "path": "ojs/ojlabel"
      },
      "oj-label-value": {
        "path": "ojs/ojlabelvalue"
      },
      "oj-list-item-layout": {
        "path": "ojs/ojlistitemlayout"
      },
      "oj-list-view": {
        "path": "ojs/ojlistview"
      },
      "oj-option": {
        "path": "ojs/ojoption"
      },
      "oj-popup": {
        "path": "ojs/ojpopup"
      },
      "oj-select-many": {
        "path": "ojs/ojselectcombobox"
      },
      "oj-selector": {
        "path": "ojs/ojselector"
      },
      "oj-switch": {
        "path": "ojs/ojswitch"
      },
      "oj-switcher": {
        "path": "ojs/ojswitcher"
      },
      "oj-tab-bar": {
        "path": "ojs/ojnavigationlist"
      },
      "oj-table": {
        "path": "ojs/ojtable"
      },
      "oj-text-area": {
        "path": "ojs/ojinputtext"
      },
      "oj-toolbar": {
        "path": "ojs/ojtoolbar"
      },
      "oj-validation-group": {
        "path": "ojs/ojvalidationgroup"
      }

    }
  }
}