{
  "id": "overseas-business",
  "description": "Flow main",
  "defaultPage": "overseas-business-search",
  "chains": {},
  "services": {},
  "types": {
    "chargeAccountType": {
      "chargeAccount": "string",
      "codeCombinationId": "string"
    },
    "empProjectsType": {
      "projectTask": "string",
      "projectTaskId": "string"
    },
    "orgExpenditureType": {
      "name": "string",
      "organizationId": "string"
    },
    "TaskCollection": {
      "count": "number",
      "hasMore": "boolean",
      "items": [
        {
          "actions": [
            {
              "actionId": "string",
              "id": "string",
              "label": "string",
              "taskId": "string",
              "type": "string"
            }
          ],
          "summary": "string",
          "rootInstanceId": "any",
          "assignedDate": "string",
          "creationDate": "string",
          "creationUser": "string",
          "deployedProcess": {
            "aliases": "string[]",
            "id": "string",
            "label": "string"
          },
          "description": "string",
          "id": "string",
          "label": "string",
          "priority": "number",
          "processInstance": {
            "id": "string",
            "label": "string"
          },
          "state": "string",
          "TaskCollection": {
            "field1": "string"
          },
          "availableActions": {
            "custom": [
              {
                "actionid": "string",
                "title": "string"
              }
            ]
          },
          "taskDefinitionKey": "string",
          "title": "string"
        }
      ],
      "limit": "number",
      "links": [
        {
          "href": "string",
          "rel": "string"
        }
      ],
      "offset": "number",
      "totalResults": "number",
      "TaskCollection": {
        "field1": "string"
      }
    },
    "TaskComplete": {
      "comment": "string",
      "outcome": "string"
    },
    "XXYASOverSeasTravelType": {
      "accommodationValue": "string",
      "accomProvidedBy": "string",
      "acttualDays": "string",
      "additionalDays": "string",
      "ameCategory": "string",
      "approvalComments": "string",
      "approvalLevel": "string",
      "approvedBy": "string",
      "assignmentId": "string",
      "attribute1": "string",
      "attribute10": "string",
      "attribute2": "string",
      "attribute3": "string",
      "attribute4": "string",
      "attribute5": "string",
      "attribute6": "string",
      "attribute7": "string",
      "attribute8": "string",
      "attribute9": "string",
      "birthDate": "string",
      "budgetType": "string",
      "businessUnit": "string",
      "chargeAcct": "string",
      "chargeAcctId": "string",
      "createdBy": "string",
      "currencyCode": "string",
      "currentStatus": "string",
      "currentStatusValue": "string",
      "daysWithTrvl": "string",
      "departureDate": "string",
      "expendiureOrg": "string",
      "fullName": "string",
      "gradeId": "string",
      "gradeName": "string",
      "groupLeader": "string",
      "groupLeaderNo": "string",
      "hireDate": "string",
      "homeTownAirname": "string",
      "hotelSupplier": "string",
      "justification": "string",
      "legalEntityId": "string",
      "legalEntityName": "string",
      "mobileNum": "string",
      "mode": "string",
      "nationality": "string",
      "officialEventEndDate": "string",
      "officialEventStartDate": "string",
      "organization": "string",
      "organizationId": "string",
      "overBusTrvlId": "string",
      "overBusTrvlNo": "string",
      "passExpirationDate": "string",
      "passportExpDate": "string",
      "passportNum": "string",
      "passportNumber": "string",
      "perDiemCategory": "string",
      "perdiemValue": "string",
      "personId": "string",
      "personNumber": "string",
      "processId": "string",
      "projectAndTask": "string",
      "remarks": "string",
      "requestedBy": "string",
      "requester": "string",
      "returnDate": "string",
      "salaryBasis": "string",
      "salaryBasisId": "string",
      "ticketAmount": "string",
      "ticketClass": "string",
      "ticketDueDate": "string",
      "ticketEligibility": "string",
      "ticketSupplier": "string",
      "ticketType": "string",
      "toDestination": "string",
      "toDestinationValue": "string",
      "totalAmount": "string",
      "trainingName": "string",
      "trainingType": "string",
      "trainingTypeValue": "string",
      "travel": "string",
      "travelHours": "string",
      "travelType": "string",
      "travelTypeValue": "string",
      "travelValue": "any",
      "userId": "string",
      "userName": "string"
    }
  },
  "variables": {
    "AORTypes": {
      "type": "application:XXYASAORRespType[]"
    },
    "xxAccomodationType": {
      "type": "vb/ArrayDataProvider2",
      "defaultValue": {
        "itemType": "application:XXYASLOOKUP",
        "keyAttributes": "lookupCode"
      }
    },
    "xxApprovalStatusADP": {
      "type": "vb/ArrayDataProvider2",
      "defaultValue": {
        "itemType": "application:XXYASLOOKUP",
        "keyAttributes": "lookupCode"
      }
    },
    "xxHomeTownAirport": {
      "type": "vb/ArrayDataProvider2",
      "defaultValue": {
        "itemType": "application:XXYASVALUESET",
        "keyAttributes": "flexValueId"
      }
    },
    "xxTrainingTypeADP": {
      "type": "vb/ArrayDataProvider2",
      "defaultValue": {
        "itemType": "application:XXYASLOOKUP",
        "keyAttributes": "lookupCode"
      }
    },
    "xxTravelADP": {
      "type": "vb/ArrayDataProvider2",
      "defaultValue": {
        "itemType": "application:XXYASLOOKUP",
        "keyAttributes": "lookupCode"
      }
    },
    "xxTravelHoursADP": {
      "type": "vb/ArrayDataProvider2",
      "defaultValue": {
        "itemType": "application:XXYASLOOKUP",
        "keyAttributes": "lookupCode"
      }
    },
    "xxTravelTypeADP": {
      "type": "vb/ArrayDataProvider2",
      "defaultValue": {
        "itemType": "application:XXYASLOOKUP",
        "keyAttributes": "lookupCode"
      }
    },
    "xxYasChargeAccountADP": {
      "type": "vb/ArrayDataProvider2",
      "defaultValue": {
        "itemType": "chargeAccountType",
        "keyAttributes": "codeCombinationId"
      }
    },
    "xxYasEmpProjectsADP": {
      "type": "vb/ArrayDataProvider2",
      "defaultValue": {
        "itemType": "empProjectsType",
        "keyAttributes": "projectTaskId"
      }
    },
    "xxyashardshipCountriesADP": {
      "type": "vb/ArrayDataProvider2",
      "defaultValue": {
        "itemType": "application:XXYASLOOKUP",
        "keyAttributes": "lookupCode"
      }
    },
    "xxyasHotelSupplierADP": {
      "type": "vb/ArrayDataProvider2",
      "defaultValue": {
        "itemType": "application:XXYASLOOKUP",
        "keyAttributes": "lookupCode"
      }
    },
    "xxYasOrgExpenditureADP": {
      "type": "vb/ArrayDataProvider2",
      "defaultValue": {
        "itemType": "orgExpenditureType",
        "keyAttributes": "organizationId"
      }
    },
    "xxyasticketSupplierADP": {
      "type": "vb/ArrayDataProvider2",
      "defaultValue": {
        "itemType": "application:XXYASLOOKUP",
        "keyAttributes": "lookupCode"
      }
    },
    "xxYasUser": {
      "type": "application:XXYASUser"
    }
  },
  "eventListeners": {
    "vbEnter": {
      "chains": [
        {
          "chainId": "initCommonLOV",
          "parameters": {}
        }
      ]
    }
  }
}