{

    "id": "child-education",
    "description": "Flow main",
    "defaultPage": "child-education-search",
    "chains": {
      },
    "services": {},
    "types": {
        "@decorators.TaskCollection": {
            "endpoint": "getTaskCollection",
            "service": "oracle.vb.internal.service.integration.process",
            "path": "response"
        },
    "TaskCollection": {
      "count": "number",
      "hasMore": "boolean",
      "items": [
        {
          "actions": [
            {
              "actionId": "string",
              "id": "string",
              "label": "string",
              "taskId": "string",
              "type": "string"
            }
          ],
          "summary" : "string",
          "rootInstanceId" : "any",
          "assignedDate": "string",
          "creationDate": "string",
          "creationUser": "string",
          "deployedProcess": {
            "aliases": "string[]",
            "id": "string",
            "label": "string"
          },
          "description": "string",
          "id": "string",
          "label": "string",
          "priority": "number",
          "processInstance": {
            "id": "string",
            "label": "string"
          },
          "state": "string",
          "TaskCollection": {
            "field1": "string"
          },
          "availableActions": {           
              "custom": [
               { "actionid": "string",
                 "title": "string"
               }
              ]
            },
                    "taskDefinitionKey": "string",
                    "title": "string"
        }
      ],
      "limit": "number",
      "links": [
        {
          "href": "string",
          "rel": "string"
        }
      ],
      "offset": "number",
      "totalResults": "number",
      "TaskCollection": {
        "field1": "string"
      }
    },
    "TaskComplete": {
      "comment": "string",
      "outcome": "string"
    },
        "XXYASChildEducation": {
            "academicYear": "string",
            "approvalComments": "string",
            "approvalLevel": "string",
            "approvedBy": "string",
            "assignmentId": "string",
            "attribute1": "string",
            "attribute10": "string",
            "attribute2": "string",
            "attribute3": "string",
            "attribute4": "string",
            "attribute5": "string",
            "attribute6": "string",
            "attribute7": "string",
            "attribute8": "string",
            "attribute9": "string",
            "balanceAmount": "number",
            "birthDate": "string",
            "businessUnit": "string",
            "chiEduReqId": "string",
            "chiEduReqNo": "string",
            "childSchool": "string",
            "contactAge": "string",
            "contactDob": "string",
            "contactName": "string",
            "contactPersonId": "string",
            "createdBy": "string",
            "currencyCode": "string",
            "currentStatus": "string",
            "currentStatusValue": "string",
            "description": "string",
            "eligibilityAmount": "number",
            "fullName": "string",
            "gradeId": "string",
            "gradeName": "string",
            "gradeRateValue": "number",
            "hireDate": "string",
            "legalEntityId": "string",
            "legalEntityName": "string",
            "mode": "string",
            "nationality": "string",
            "organization": "string",
            "organizationId": "string",
            "personId": "string",
            "personNumber": "string",
            "personRole": "string",
            "processId": "string",
            "receiptAmount": "number",
            "receiptDate": "string",
            "receiptNumber": "string",
            "remarks": "string",
            "requestedBy": "string",
            "salaryBasis": "string",
            "salaryBasisId": "string",
            "userId": "string",
            "userName": "string",
            "utilizedAmount": "number",
            "year": "string",
            "yearValue": "string"

        }

      },
    "variables": {
        "AORTypes": {
            "type": "application:XXYASAORRespType[]"
        },
        "xxyasApprovalStatusADP": {
            "type": "vb/ArrayDataProvider2",
            "defaultValue": {
                "itemType": "application:XXYASLOOKUP",
                "keyAttributes": "lookupCode"
            }
        },
        "xxyasCurrencyADP": {
            "type": "vb/ArrayDataProvider2",
            "defaultValue": {
                "itemType": "application:XXYASCurrency",
                "keyAttributes": "currencyCode"
            }
        },
        "xxyasPersonSearchCriteria": {
            "type": "application:XXYASPersonSearchCriteria"
        },
        "xxyasUser": {
            "type": "application:XXYASUser"
        },
        "xxyasYearADP": {
            "type": "vb/ArrayDataProvider2",
            "defaultValue": {
                "itemType": "application:XXYASLOOKUP",
                "keyAttributes": "lookupCode"
            }
        }

      },
    "eventListeners": {
        "vbEnter": {
            "chains": [
                {
                    "chainId": "initCommonLOVsAction",
                    "parameters": {}
                }
            ]
        }
    }
}