{
	"processingResult": "Success",
	"errorMessage": "Success",
	"XXYASAttachments": [
		{
			"attachmentId": null,
			"moduleReqId": null,
			"moduleName": null,
			"uploadedFile": null,
			"uploadedFileName": null,
			"uploadedFileSize": null,
			"contentType": null,
			"attributeCategory": null,
			"attribute1": null,
			"attribute2": null,
			"attribute3": null,
			"attribute4": null,
			"attribute5": null,
			"attribute6": null,
			"attribute7": null,
			"attribute8": null,
			"attribute9": null,
			"attribute10": null,
			"attribute11": null,
			"attribute12": null,
			"attribute13": null,
			"attribute14": null,
			"attribute15": null,
			"lastUpdatedBy": null,
			"lastUpdateDate": null,
			"lastUpdateLogin": null,
			"creationDate": null,
			"createdBy": null
		}
	]
}