{
  "title": "",
  "description": "",
  "variables": {
    "approval_comments": {
      "type": "string"
    },
    "futureDate": {
      "type": "any"
    },
    "gETSSAPPROVALHISTORYListSDP": {
      "type": "vb/ServiceDataProvider",
      "defaultValue": {
        "endpoint": "ics/GET_SS_APPROVAL_HISTORY",
        "keyAttributes": "seq_id",
        "itemsPath": "",
        "responseType": "gETSSAPPROVALHISTORYResponse",
        "uriParameters": {
          "p_module_name": "LOCAL_BUS",
          "p_module_req_id": "{{ $variables.xxyasLocalBusinessTravel.loclBusTrvlId }}"
        }
      }
    },
    "isPageLoading": {
      "type": "string"
    },
    "isSaved": {
      "type": "boolean",
      "defaultValue": false
    },
    "localBTProcessInstance": {
      "type": "localBTProcessInstanceType",
      "defaultValue": {
        "dataObject": {
          "localBusinessTravelEncashmentRequest": {
            "perdiumValue": "[[ $variables.v_perdiemValue ]]"
          }
        }
      }
    },
    "p_locl_bus_trvl_id": {
      "type": "string",
      "input": "fromUrl"
    },
    "p_process_id": {
      "type": "string",
      "input": "fromUrl"
    },
    "p_requestType": {
      "type": "string",
      "required": true,
      "input": "fromUrl"
    },
    "taskAction": {
      "type": {
        "actionCode": "string",
        "actionId": "string",
        "taskId": "string"
      }
    },
    "taskCompleteVar": {
      "type": "flow:TaskComplete"
    },
    "tasks": {
      "type": "flow:TaskCollection"
    },
    "updateTaskDetailsReq": {
      "type": "application:updateApprovalTaskDetailsReqType"
    },
    "v_perdiemValue": {
      "type": "number"
    },
    "v_totalDays": {
      "type": "number",
      "defaultValue": "[[ parseInt( (((new Date($variables.xxyasLocalBusinessTravel.endDate) - new Date($variables.xxyasLocalBusinessTravel.startDate)) / 86400000) + 1) || 0 ) ]]"
    },
    "xxIsPerdiemFetched": {
      "type": "string"
    },
    "xxYasApprovalLine": {
      "type": "application:xxYasApprovalLine"
    },
    "xxyasAttachmentsADP": {
      "type": "vb/ArrayDataProvider2",
      "defaultValue": {
        "itemType": "application:XXYASAttachment",
        "keyAttributes": "uploadedFileName"
      }
    },
    "xxyasAttachmentsOriginal": {
      "type": "application:XXYASAttachment[]"
    },
    "xxyasEmployeesADP": {
      "type": "vb/ArrayDataProvider2",
      "defaultValue": {
        "itemType": "application:XXYASUser",
        "keyAttributes": "personId"
      }
    },
    "xxyasEmployeeSearchCriteria": {
      "type": "flow:XXYASPersonSearchCriteria"
    },
    "xxyasLocalBusinessTravel": {
      "type": "flow:XXYASLocalBusinessTravelRequest"
    },
    "xxyasLocalBusinessTravelOriginal": {
      "type": "flow:XXYASLocalBusinessTravelRequest"
      
    },
    "xxyasLoclBsnsTrvlValidation": {
      "type": {
        "loclTrvlCount": "number",
        "overseasTrvlCount": "number"
      }
    },
    "xxyasSelectedEmployee": {
      "type": "application:XXYASUser"
    }

  },
  "metadata": {},
  "types": {
    "@decorators.gETSSAPPROVALHISTORYResponse": {
      "endpoint": "GET_SS_APPROVAL_HISTORY",
      "service": "ics",
      "path": "response"
    },
    "@decorators.localBTProcessInstanceType": {
      "endpoint": "createInstance",
      "service": "opa_localBusinessTravel",
      "path": "request"
    },
    "gETSSAPPROVALHISTORYResponse": [
      {
        "approval_comments": "string",
        "approval_level": "string",
        "approved_date": "string",
        "confirmed_by": "string",
        "request_id": "string",
        "seq_id": "string",
        "status": "string"
      }
    ],
    "localBTProcessInstanceType": {
      "dataObject": {
        "localBusinessTravelEncashmentRequest": {
          "accommodationValue": "string",
          "ameCategory": "string",
          "approvalLevel": "string",
          "approvedBy": "string",
          "attribute1": "string",
          "attribute10": "string",
          "attribute2": "string",
          "attribute3": "string",
          "attribute4": "string",
          "attribute5": "string",
          "attribute6": "string",
          "attribute7": "string",
          "attribute8": "string",
          "attribute9": "string",
          "birthDate": "string",
          "businessUnit": "string",
          "currentStatus": "string",
          "currentStatusValue": "string",
          "destination": "string",
          "endDate": "string",
          "fullName": "string",
          "gradeName": "string",
          "hireDate": "string",
          "homeLocation": "string",
          "homeTownAirname": "string",
          "isAccommodationReq": "string",
          "justification": "string",
          "legalEntityId": "string",
          "legalEntityName": "string",
          "localBusTrvl": "string",
          "localTraining": "string",
          "loclBusTrvlId": "string",
          "loclBusTrvlNo": "string",
          "mobileNum": "string",
          "mode": "string",
          "nationality": "string",
          "organization": "string",
          "organizationId": "string",
          "passExpirationDate": "string",
          "passportNumber": "string",
          "perdiumValue": "any",
          "personId": "string",
          "personNumber": "string",
          "processId": "string",
          "remarks": "string",
          "requestedBy": "string",
          "requester": "string",
          "salaryBasis": "string",
          "startDate": "string",
          "ticketClass": "string",
          "ticketDueDate": "string",
          "ticketEligibility": "string",
          "ticketSupplier": "string",
          "ticketType": "string",
          "totalAmount": "number",
          "totalDays": "string",
          "trainingName": "string",
          "trainingType": "string",
          "trainingTypeValue": "string",
          "travel": "string",
          "travelType": "string",
          "travelTypeValue": "string",
          "travelValue": "string",
          "tripLength": "string",
          "tripLengthValue": "string",
          "userId": "string",
          "userName": "string",
          "workLocation": "string"

        }
      },
      "params": {
        "applicationName": "string",
        "applicationVersion": "string",
        "processDefinitionId": "string",
        "processDefinitionKey": "string",
        "processName": "string"
      }
    }

  },
  "chains": {

  },
  "eventListeners": {
    "comboValue": {
      "chains": [
        {
          "chain": "ComboValueChangeChain",
          "parameters": {
            "value": "{{ $event.detail.value }}"
          }
        }
      ]
    },
    "comboValue2": {
      "chains": [
        {
          "chain": "ComboValueChangeChain1",
          "parameters": {
            "value": "{{ $event.detail.value }}"
          }
        }
      ]
    },
    "inputDateValue": {
      "chains": [
        {
          "chain": "InputDateValueChangeChain",
          "parameters": {
            "value": "{{ $event.detail.value }}"
          }
        }
      ]
    },
    "ojButtonCancelCustomerNamePopupOjAction": {
      "chains": [
        {
          "chainId": "noUnSavedDialogAction"
        }
      ]
    },
    "ojButtonCancelCustomerNamePopupOjAction2": {
      "chains": [
        {
          "chainId": "NoApprovalDialogButtonActionChain"
        }
      ]
    },
    "ojButtonCancelPopupOjAction": {
      "chains": [
        {
          "chainId": "CancelRejectDialogButtonActionChain"
        }
      ]
    },
    "ojButtonOjAction": {
      "chains": [
        {
          "chainId": "saveLocalBusinessTravel"
        }
      ]
    },
    "ojButtonOjAction10": {
      "chains": [
        {
          "chainId": "taskButtonActionChain",
          "parameters": {
            "actionCode": "{{ $current.data.title}}",
            "actionId": "{{ $current.data.title}}",
            "taskId": "{{ $variables.tasks.items[0].id }}"
          }
        }
      ]
    },
    "ojButtonOjAction2": {
      "chains": [
        {
          "chainId": "CancelButtonAction"
        }
      ]
    },
    "ojButtonOjAction3": {
      "chains": [
        {
          "chainId": "removeFile",
          "parameters": {
            "key": "{{ $current.key }}",
            "index": "{{ $current.index }}",
            "current": "{{ $current }}"
          }
        }
      ]
    },
    "ojButtonOjAction4": {
      "chains": [
        {
          "chainId": "downloadAttachment",
          "parameters": {
            "key": "{{ $current.key }}",
            "index": "{{ $current.index }}",
            "current": "{{ $current }}"
          }
        }
      ]
    },
    "ojButtonOjAction5": {
      "chains": [
        {
          "chainId": "submitRequestActionChain"
        }
      ]
    },
    "ojButtonOjAction6": {
      "chains": [
        {
          "chainId": "searchEmployeeAction"
        }
      ]
    },
    "ojButtonOjAction7": {
      "chains": [
        {
          "chainId": "okSearch"
        }
      ]
    },
    "ojButtonOjAction8": {
      "chains": [
        {
          "chainId": "resetSearchAction"
        }
      ]
    },
    "ojButtonOjAction9": {
      "chains": [
        {
          "chainId": "cancelSearch"
        }
      ]
    },
    "ojButtonOkCustomerNamePopupOjAction": {
      "chains": [
        {
          "chainId": "yesUnsavedDialogAction"
        }
      ]
    },
    "ojButtonOkCustomerNamePopupOjAction2": {
      "chains": [
        {
          "chainId": "YesApprovalDialogButtonActionChain"
        }
      ]
    },
    "ojButtonRejectPopupOjAction": {
      "chains": [
        {
          "chainId": "RejectButtonActionChain"
        }
      ]
    },
    "ojComboboxOneValue": {
      "chains": [
        {
          "chainId": "AccomodationComboboxOneValueChangeChain",
          "parameters": {
            "value": "{{ $event.detail.value }}"
          }
        }
      ]
    },
    "ojComboboxOneValue2": {
      "chains": [
        {
          "chainId": "TravelTypeComboboxOneValueChangeChain",
          "parameters": {
            "value": "{{ $event.detail.value }}"
          }
        }
      ]
    },
    "ojComboboxOneValue3": {
      "chains": [
        {
          "chainId": "TripLengthComboboxOneValueChangeChain",
          "parameters": {
            "value": "{{ $event.detail.value }}"
          }
        }
      ]
    },
    "ojFilePickerOjSelect": {
      "chains": [
        {
          "chainId": "uploadFiles",
          "parameters": {
            "files": "[[ Array.prototype.slice.call($event.detail.files) ]]"
          }
        }
      ]
    },
    "ojInputTextValue": {
      "chains": [
        {
          "chainId": "NoDaysInputTextValueChangeChain",
          "parameters": {
            "value": "{{ $event.detail.value }}"
          }
        }
      ]
    },
    "ojTableDblclick": {
      "chains": [
        {
          "chainId": "assignEmployeeDblClick"
        }
      ]
    },
    "ojTableFirstSelectedRow": {
      "chains": [
        {
          "chainId": "TableFirstSelectedRowChangeChain",
          "parameters": {
            "rowKey": "{{$event.detail.value.key}}",
            "rowData": "{{$event.detail.value.data}}"
          }
        }
      ]
    },
    "spanClick": {
      "chains": [
        {
          "chainId": "IconClickChain"
        }
      ]
    },
    "vbEnter": {
      "chains": [
        {
          "chainId": "onPageLoad",
          "parameters": {}
        }
      ]
    }

  },
  "imports": {
    "components": {
      "oj-button": {
        "path": "ojs/ojbutton"
      },
      "oj-checkboxset": {
        "path": "ojs/ojcheckboxset"
      },
      "oj-combobox-one": {
        "path": "ojs/ojselectcombobox"
      },
      "oj-dialog": {
        "path": "ojs/ojdialog"
      },
      "oj-file-picker": {
        "path": "ojs/ojfilepicker"
      },
      "oj-form-layout": {
        "path": "ojs/ojformlayout"
      },
      "oj-input-date": {
        "path": "ojs/ojdatetimepicker"
      },
      "oj-input-text": {
        "path": "ojs/ojinputtext"
      },
      "oj-label": {
        "path": "ojs/ojlabel"
      },
      "oj-list-view": {
        "path": "ojs/ojlistview"
      },
      "oj-option": {
        "path": "ojs/ojoption"
      },
      "oj-table": {
        "path": "ojs/ojtable"
      },
      "oj-text-area": {
        "path": "ojs/ojinputtext"
      },
      "oj-toolbar": {
        "path": "ojs/ojtoolbar"
      },
      "oj-validation-group": {
        "path": "ojs/ojvalidationgroup"
      },
      "oj-vb-list-item": {
        "path": "vb/components/list-item/loader"
      }

    },
    "modules": {
      "ojValidationBase": {
        "path": "ojs/ojvalidation-base"
      },
      "ojValidationDateTime": {
        "path": "ojs/ojvalidation-datetime"
      }
    }
  },
  "events": {
    "test": {}
  }
}