{
  "root": "resetVariablesAssignedUserName",
  "description": "",
  "actions": {
    "resetVariablesAssignedUserName": {
      "module": "vb/action/builtin/resetVariablesAction",
      "parameters": {
        "variables": [
          "$page.variables.assignedUserName",
          "$page.variables.currentTaskNumber"
        ]
      },
      "outcomes": {
        "success": "callComponentDialogReassignUsersClose"
      }
    },
    "callComponentDialogReassignUsersClose": {
      "module": "vb/action/builtin/callComponentMethodAction",
      "parameters": {
        "component": "{{ document.getElementById('dialog-reassign-users') }}",
        "method": "close"
      }
    }
  }
}