{
  "description": "",
  "root": "callFunctionLogger",
  "actions": {
    "openUrl": {
      "module": "vb/action/builtin/openUrlAction",
      "parameters": {
        "url": "[[ $application.functions.getHostName($application.path) ]]",
        "params": {
          "p_chiEduReqId": "[[$variables.current.data.module_req_id]]",
          "p_requestType": "REVIEW",
          "page": "shell",
          "shell": "child-education",
          "child-education": "child-education-request"

        }
      }
    },
    "callFunctionLogger": {
      "module": "vb/action/builtin/callModuleFunctionAction",
      "parameters": {
        "module": "[[ $application.functions ]]",
        "functionName": "logger",
        "params": [
          "{{ $variables.current }}"
        ]
      },
      "outcomes": {
        "success": "switchCurrent"
      }
    },
    "switchCurrent": {
      "module": "vb/action/builtin/switchAction",
      "parameters": {
        "caseValue": "[[ $page.functions.splitStringFromProcesInstance($variables.current.data.summary).moduleKeyName ]]",
        "possibleValues": [
          "EDUCATION_ALLOWANCE",
          "AIR_TICKET_ENCASHMENT",
          "OVER_SEASES",
          "ANNUAL_PASSAGE",
          "LOCAL_BUS"
        ]
      },
      "outcomes": {
        "EDUCATION_ALLOWANCE": "openUrl",
        "AIR_TICKET_ENCASHMENT": "openUrl4",
        "OVER_SEASES": "openUrl3",
        "ANNUAL_PASSAGE": "openUrl6",
        "LOCAL_BUS": "openUrl2"
      }
    },
    "openUrl2": {
      "module": "vb/action/builtin/openUrlAction",
      "parameters": {
        "url": "[[ $application.functions.getHostName($application.path) ]]",
        "params": {
          "p_process_id": "[[$variables.current.data.processInstanceId]]",
          "p_requestType": "REVIEW",
          "page": "shell",
          "shell": "local-business",
          "local-business": "local-business-request"
        }
      }
    },
    "openUrl3": {
      "module": "vb/action/builtin/openUrlAction",
      "parameters": {
        "url": "[[ $application.functions.getHostName($application.path) ]]",
        "params": {
          "p_process_id": "[[$variables.current.data.processInstanceId]]",
          "p_requestType": "REVIEW",
          "page": "shell",
          "shell": "overseas-business",
          "overseas-business": "overseas-business-request"
        }
      }
    },
    "openUrl6": {
      "module": "vb/action/builtin/openUrlAction",
      "parameters": {
        "url": "[[ $application.functions.getHostName($application.path) ]]",
        "params": {
          "processId": "[[$variables.current.data.processInstanceId]]",
          "requestType": "REVIEW",
          "page": "shell",
          "shell": "annual-passage",
          "annual-passage": "annual-passage-request"
        }
      }
    },
    "openUrl4": {
      "module": "vb/action/builtin/openUrlAction",
      "parameters": {
        "url": "[[ $application.functions.getHostName($application.path) ]]",
        "params": {
          "p_processId": "[[$variables.current.data.processInstanceId]]",
          "p_requestType": "REVIEW",
          "page": "shell",
          "shell": "air-ticket-encashment",
          "air-ticket-encashment": "air-ticket-encashment-request"
        }
      }
    }
  },
  "variables": {
    "key": {
      "required": true,
      "type": "any",
      "input": "fromCaller"
    },
    "index": {
      "required": true,
      "type": "number",
      "input": "fromCaller"
    },
    "current": {
      "required": true,
      "type": "any",
      "input": "fromCaller"
    }
  }
}