{
  "root": "ifAssignedUserName",
  "description": "",
  "actions": {
    "ifAssignedUserName": {
      "module": "vb/action/builtin/ifAction",
      "parameters": {
        "condition": "[[ $page.variables.assignedUserName ]]"
      },
      "outcomes": {
        "false": "fireNotification",
        "true": "callFunctionOpenSpinnerDialog"
      }
    },
    "fireNotification": {
      "module": "vb/action/builtin/fireNotificationEventAction",
      "parameters": {
        "target": "leaf",
        "message": "Cannot Reassign the Task to this Person as no User related. Please contact the Adminstartor.",
        "summary": "Error",
        "displayMode": "transient"
      }
    },
    "callFunctionOpenSpinnerDialog": {
      "module": "vb/action/builtin/callModuleFunctionAction",
      "parameters": {
        "module": "[[ $application.functions ]]",
        "functionName": "openSpinnerDialog"
      },
      "outcomes": {
        "success": "assignVariablesXxyasApprovalLine"
      }
    },
    "fireNotification2": {
      "module": "vb/action/builtin/fireNotificationEventAction",
      "parameters": {
        "target": "leaf",
        "summary": "[[ $chain.results.reassignTaskCallRest.message.summary ]]",
        "type": "error",
        "displayMode": "persist"
      }
    },
    "callFunctionCloseSpinnerDialog": {
      "module": "vb/action/builtin/callModuleFunctionAction",
      "parameters": {
        "module": "[[ $application.functions ]]",
        "functionName": "closeSpinnerDialog"
      },
      "outcomes": {
        "success": "fireNotification2"
      }
    },
    "callRestApprovalLinesDML": {
      "module": "vb/action/builtin/restAction",
      "parameters": {
        "endpoint": "ics/approvalLinesDML",
        "body": {
          "XXYASApprovalLine": "[[ $page.variables.xxyasApprovalLine ]]"
        }
      },
      "outcomes": {
        "success": "callComponentDialogReassignUsersClose"
      }
    },
    "reassignTaskCallRest": {
      "module": "vb/action/builtin/restAction",
      "parameters": {
        "endpoint": "ics/postXXYAS_HCM_EXT_PCS_REASS_TASKS1_0TasksTaskNumber",
        "uriParams": {
          "taskNumber": "{{ $page.variables.currentTaskNumber }}"
        },
        "body": {
          "identities": [
            {
              "id": "[[$page.variables.assignedUserName]]",
              "type": "user"
            }
          ]
        }
      },
      "outcomes": {
        "failure": "callFunctionCloseSpinnerDialog",
        "success": "callRestApprovalLinesDML"
      }
    },
    "callFunctionCloseSpinnerDialog2": {
      "module": "vb/action/builtin/callModuleFunctionAction",
      "parameters": {
        "module": "[[ $application.functions ]]",
        "functionName": "closeSpinnerDialog"
      },
      "outcomes": {
        "success": "if"
      }
    },
    "if": {
      "module": "vb/action/builtin/ifAction",
      "parameters": {
        "condition": "[[ $chain.results.reassignTaskCallRest.body.state == \"ASSIGNED\" ]]"
      },
      "outcomes": {
        "true": "fireNotification5",
        "false": "fireNotification3"
      }
    },
    "fireNotification5": {
      "module": "vb/action/builtin/fireNotificationEventAction",
      "parameters": {
        "target": "leaf",
        "message": "Task Reassigned Successfully",
        "displayMode": "transient",
        "type": "confirmation",
        "summary": "Success"
      },
      "outcomes": {
        "success": "callChainInitTaskList"
      }
    },
    "fireNotification3": {
      "module": "vb/action/builtin/fireNotificationEventAction",
      "parameters": {
        "target": "leaf",
        "message": "Error, Cannot Reassign Task, Please contact the System Adminstrator",
        "displayMode": "transient",
        "summary": "Error"
      }
    },
    "callComponentDialogReassignUsersClose": {
      "module": "vb/action/builtin/callComponentMethodAction",
      "parameters": {
        "component": "{{ document.getElementById('dialog-reassign-users') }}",
        "method": "close"
      },
      "outcomes": {
        "success": "callFunctionCloseSpinnerDialog2"
      }
    },
    "callChainInitTaskList": {
      "module": "vb/action/builtin/callChainAction",
      "parameters": {
        "id": "initTaskList"
      }
    },
    "assignVariablesXxyasApprovalLine": {
      "module": "vb/action/builtin/assignVariablesAction",
      "parameters": {
        "$page.variables.xxyasApprovalLine": {
          "source": {
            "mode": "EDIT",
            "requestLineId": "{{ $page.variables.currentLineId }}",
            "approvalComments": "{{ $application.user.fullName + \" reassigned the task to \" + $page.variables.assignedUserName }}",
            "lastUpdateLogin": "{{ $application.user.fullName + \" reassigned the task to \" + $page.variables.assignedUserName }}"
          },
          "reset": "none",
          "auto": "always"
        }
      },
      "outcomes": {
        "success": "reassignTaskCallRest"
      }
    }
  }
}