{
  "root": "callRestGetWORKLOCATION",
  "description": "",
  "actions": {
    "fireNotification": {
      "module": "vb/action/builtin/fireNotificationEventAction",
      "parameters": {
        "target": "leaf",
        "summary": "[[ $chain.results.callRestGetWORKLOCATION.message.summary ]]",
        "type": "error",
        "displayMode": "persist"
      }
    },
    "assignVariables": {
      "module": "vb/action/builtin/assignVariablesAction",
      "parameters": {
        "$flow.variables.xxYasWorkLocation": {
          "source": "$chain.results.callRestGetWORKLOCATION.body.XXYASWorkLocation.workLocation"
        }
      }
    },
    "callRestGetWORKLOCATION": {
      "module": "vb/action/builtin/restAction",
      "parameters": {
        "endpoint": "ics/getXXYAS_GET_WORK_LOCATION1_0WorkLocation",
        "uriParams": {
          "P_PERSON_ID": "{{ $flow.variables.xxYasUser.personId }}"
        }
      },
      "outcomes": {
        "failure": "fireNotification",
        "success": "assignVariables"
      }
    }
  }
}