{
  "root": "callFunctionOpenSpinnerDialog",
  "description": "",
  "variables": {},
  "actions": {
    "callFunctionOpenSpinnerDialog": {
      "module": "vb/action/builtin/callModuleFunctionAction",
      "parameters": {
        "module": "[[ $application.functions ]]",
        "functionName": "openSpinnerDialog"
      },
      "outcomes": {
        "success": "runInParallel"
      }
    },
    "runInParallel": {
      "module": "vb/action/builtin/forkAction",
      "parameters": {
        "actions": {

          "callRestPostXXYASCOMMONLOV1GetLovData": "callRestPostXXYASCOMMONLOV1GetLovData",
          "getPersonInfoCallRest": "getPersonInfoCallRest",
          "getAccommodationCallRest": "getAccommodationCallRest",
          "getTravelKMCallRest": "getTravelKMCallRest",
          "getTrainingTypeRest": "getTrainingTypeRest",
          "callRest2": "getTravelCallRest",
          "getTravelTypeCallRest": "getTravelTypeCallRest",
          "callRestGetAORTypes": "callRestGetAORTypes",
          "callRestPostXXYASCOMMONLOV1GetLovData2": "callRestPostXXYASCOMMONLOV1GetLovData2",
          "getStatusCallRest": "getStatusCallRest"
        }
      },
      "outcomes": {
        "join": "CheckEmpAORResponsipilty"
      }
    },
    "fireNotification": {
      "module": "vb/action/builtin/fireNotificationEventAction",
      "parameters": {
        "target": "leaf",
        "summary": "[[ $chain.results.getStatusCallRest.message.summary ]]",
        "type": "error",
        "displayMode": "persist"
      }
    },
    "fireNotification2": {
      "module": "vb/action/builtin/fireNotificationEventAction",
      "parameters": {
        "target": "leaf",
        "summary": "[[ $chain.results.getPersonInfoCallRest.message.summary ]]",
        "type": "error",
        "displayMode": "persist"
      }
    },
    "getPersonInfoCallRest": {
      "module": "vb/action/builtin/restAction",
      "parameters": {
        "endpoint": "ics/postXXYAS_COMMON_LOV1_0GetLovData",
        "uriParams": {
          "lovName": "YAS_PERSON_INFO"
        },
        "body": {
          "XxLOVParameters": [
            {
              "parameter": ""
            },
            {
              "parameter": ""
            },
            {
              "parameter": "[[$application.user.username]]"
            },
            {
              "parameter": ""
            }
          ]
        }
      },
      "outcomes": {
        "failure": "fireNotification2",
        "success": "parsePersonInfoJSON"
      }
    },
    "parsePersonInfoJSON": {
      "module": "vb/action/builtin/callModuleFunctionAction",
      "parameters": {
        "module": "[[ $application.functions ]]",
        "functionName": "parseJSON",
        "params": [
          "{{ $chain.results.getPersonInfoCallRest.body.XxLOVResult }}"
        ]
      },
      "outcomes": {
        "success": "assignVariablesXxYasUser"
      }
    },
    "callFunctionCloseSpinnerDialog": {
      "module": "vb/action/builtin/callModuleFunctionAction",
      "parameters": {
        "module": "[[ $application.functions ]]",
        "functionName": "closeSpinnerDialog"
      }
    },
    "fireNotification3": {
      "module": "vb/action/builtin/fireNotificationEventAction",
      "parameters": {
        "target": "leaf",
        "summary": "[[ $chain.results.getAccommodationCallRest.message.summary ]]",
        "type": "error",
        "displayMode": "persist"
      }
    },
    "assignVariablesXxYasAccommodationADP": {
      "module": "vb/action/builtin/assignVariablesAction",
      "parameters": {
        "$flow.variables.xxYasAccommodationADP": {
          "source": {
            "data": "{{ $chain.results.parseAccommodationJSON }}"
          },
          "reset": "none",
          "auto": "always",
          "mapping": {
            "$target.data": {
              "source": "$source.data",
              "reset": "empty"
            }
          }
        }
      }
    },
    "assignVariablesXxYasApprovalStatusADP": {
      "module": "vb/action/builtin/assignVariablesAction",
      "parameters": {
        "$flow.variables.xxYasApprovalStatusADP": {
          "source": {
            "data": "{{ $chain.results.parseApprovalSatusJSON }}"
          },
          "reset": "none",
          "auto": "always",
          "mapping": {
            "$target.data": {
              "source": "$source.data",
              "reset": "empty"
            }
          }
        }
      }
    },
    "getStatusCallRest": {
      "module": "vb/action/builtin/restAction",
      "parameters": {
        "endpoint": "ics/postXXYAS_COMMON_LOV1_0GetLovData",
        "uriParams": {
          "lovName": "YAS_LOOKUP_LOV"
        },
        "body": {
          "XxLOVParameters": [
            {
              "parameter": "HRC_TXN_STATUS"
            }
          ]
        }
      },
      "outcomes": {
        "failure": "fireNotification",
        "success": "parseApprovalSatusJSON"
      }
    },
    "getAccommodationCallRest": {
      "module": "vb/action/builtin/restAction",
      "parameters": {
        "endpoint": "ics/postXXYAS_COMMON_LOV1_0GetLovData",
        "uriParams": {
          "lovName": "YAS_LOOKUP_LOV"
        },
        "body": {
          "XxLOVParameters": [
            {
              "parameter": "YHL_ACCOMMODATION_REQUIRED"
            }
          ]
        }
      },
      "outcomes": {
        "failure": "fireNotification3",
        "success": "parseAccommodationJSON"
      }
    },
    "parseApprovalSatusJSON": {
      "module": "vb/action/builtin/callModuleFunctionAction",
      "parameters": {
        "module": "[[ $application.functions ]]",
        "functionName": "parseJSON",
        "params": [
          "{{ $chain.results.getStatusCallRest.body.XxLOVResult }}"
        ]
      },
      "outcomes": {
        "success": "assignVariablesXxYasApprovalStatusADP"
      }
    },
    "parseAccommodationJSON": {
      "module": "vb/action/builtin/callModuleFunctionAction",
      "parameters": {
        "module": "[[ $application.functions ]]",
        "functionName": "parseJSON",
        "params": [
          "{{ $chain.results.getAccommodationCallRest.body.XxLOVResult }}"
        ]
      },
      "outcomes": {
        "success": "assignVariablesXxYasAccommodationADP"
      }
    },
    "fireNotification4": {
      "module": "vb/action/builtin/fireNotificationEventAction",
      "parameters": {
        "target": "leaf",
        "summary": "[[ $chain.results.getTravelKMCallRest.message.summary ]]",
        "type": "error",
        "displayMode": "persist"
      }
    },
    "getTravelKMCallRest": {
      "module": "vb/action/builtin/restAction",
      "parameters": {
        "endpoint": "ics/postXXYAS_COMMON_LOV1_0GetLovData",
        "uriParams": {
          "lovName": "YAS_LOOKUP_LOV"
        },
        "body": {
          "XxLOVParameters": [
            {
              "parameter": "YHL_LOC_TRAVEL_KM"
            }
          ]
        }
      },
      "outcomes": {
        "failure": "fireNotification4",
        "success": "parseTravelKMJSON"
      }
    },
    "parseTravelKMJSON": {
      "module": "vb/action/builtin/callModuleFunctionAction",
      "parameters": {
        "module": "[[ $application.functions ]]",
        "functionName": "parseJSON",
        "params": [
          "{{ $chain.results.getTravelKMCallRest.body.XxLOVResult }}"
        ]
      },
      "outcomes": {
        "success": "assignVariablesXxYasTravelKMADP"
      }
    },
    "assignVariablesXxYasTravelKMADP": {
      "module": "vb/action/builtin/assignVariablesAction",
      "parameters": {
        "$flow.variables.xxYasTravelKMADP": {
          "source": {
            "data": "{{ $chain.results.parseTravelKMJSON }}"
          },
          "reset": "none",
          "auto": "always",
          "mapping": {
            "$target.data": {
              "source": "$source.data",
              "reset": "empty"
            }
          }
        }
      }
    },
    "fireNotification5": {
      "module": "vb/action/builtin/fireNotificationEventAction",
      "parameters": {
        "target": "leaf",
        "summary": "[[ $chain.results.getTrainingTypeRest.message.summary ]]",
        "type": "error",
        "displayMode": "persist"
      }
    },
    "getTrainingTypeRest": {
      "module": "vb/action/builtin/restAction",
      "parameters": {
        "endpoint": "ics/postXXYAS_COMMON_LOV1_0GetLovData",
        "uriParams": {
          "lovName": "YAS_LOOKUP_LOV"
        },
        "body": {
          "XxLOVParameters": [
            {
              "parameter": "YHL_TRAINING_TYPE"
            }
          ]
        }
      },
      "outcomes": {
        "failure": "fireNotification5",
        "success": "parseTrainingTypeJSON"
      }
    },
    "parseTrainingTypeJSON": {
      "module": "vb/action/builtin/callModuleFunctionAction",
      "parameters": {
        "module": "[[ $application.functions ]]",
        "functionName": "parseJSON",
        "params": [
          "{{ $chain.results.getTrainingTypeRest.body.XxLOVResult }}"
        ]
      },
      "outcomes": {
        "success": "assignVariablesXxYasTrainingTypeADP"
      }
    },
    "assignVariablesXxYasTrainingTypeADP": {
      "module": "vb/action/builtin/assignVariablesAction",
      "parameters": {
        "$flow.variables.xxYasTrainingTypeADP": {
          "source": {
            "data": "{{ $chain.results.parseTrainingTypeJSON }}"
          },
          "reset": "none",
          "auto": "always",
          "mapping": {
            "$target.data": {
              "source": "$source.data",
              "reset": "empty"
            }
          }
        }
      }
    },
    "fireNotification6": {
      "module": "vb/action/builtin/fireNotificationEventAction",
      "parameters": {
        "target": "leaf",
        "summary": "[[ $chain.results.getTravelTypeCallRest.message.summary ]]",
        "type": "error",
        "displayMode": "persist"
      }
    },
    "fireNotification7": {
      "module": "vb/action/builtin/fireNotificationEventAction",
      "parameters": {
        "target": "leaf",
        "summary": "[[ $chain.results.getTravelCallRest.message.summary ]]",
        "type": "error",
        "displayMode": "persist"
      }
    },
    "parseTravelJSON": {
      "module": "vb/action/builtin/callModuleFunctionAction",
      "parameters": {
        "module": "[[ $application.functions ]]",
        "functionName": "parseJSON",
        "params": [
          "{{ $chain.results.getTravelCallRest.body.XxLOVResult }}"
        ]
      },
      "outcomes": {
        "success": "assignVariablesXxYasTravelADP"
      }
    },
    "callFunctionParseJSON": {
      "module": "vb/action/builtin/callModuleFunctionAction",
      "parameters": {
        "module": "[[ $application.functions ]]",
        "functionName": "parseJSON",
        "params": [
          "{{ $chain.results.getTravelTypeCallRest.body.XxLOVResult }}"
        ]
      },
      "outcomes": {
        "success": "assignVariablesXxYasTravelTypeADP"
      }
    },
    "getTravelTypeCallRest": {
      "module": "vb/action/builtin/restAction",
      "parameters": {
        "endpoint": "ics/postXXYAS_COMMON_LOV1_0GetLovData",
        "uriParams": {
          "lovName": "YAS_LOOKUP_LOV"
        },
        "body": {
          "XxLOVParameters": [
            {
              "parameter": "YHL_TRAVEL_TYPE"
            }
          ]
        }
      },
      "outcomes": {
        "failure": "fireNotification6",
        "success": "callFunctionParseJSON"
      }
    },
    "getTravelCallRest": {
      "module": "vb/action/builtin/restAction",
      "parameters": {
        "endpoint": "ics/postXXYAS_COMMON_LOV1_0GetLovData",
        "uriParams": {
          "lovName": "YAS_LOOKUP_LOV"
        },
        "body": {
          "XxLOVParameters": [
            {
              "parameter": "YHL_TRAVEL"
            }
          ]
        }
      },
      "outcomes": {
        "failure": "fireNotification7",
        "success": "parseTravelJSON"
      }
    },
    "assignVariablesXxYasTravelTypeADP": {
      "module": "vb/action/builtin/assignVariablesAction",
      "parameters": {
        "$flow.variables.xxYasTravelTypeADP": {
          "source": {
            "data": "{{ $chain.results.callFunctionParseJSON }}"
          },
          "reset": "none",
          "auto": "always",
          "mapping": {
            "$target.data": {
              "source": "$source.data",
              "reset": "empty"
            }
          }
        }
      }
    },
    "assignVariablesXxYasTravelADP": {
      "module": "vb/action/builtin/assignVariablesAction",
      "parameters": {
        "$flow.variables.xxYasTravelADP": {
          "source": {
            "data": "{{ $chain.results.parseTravelJSON }}"
          },
          "reset": "none",
          "auto": "always",
          "mapping": {
            "$target.data": {
              "source": "$source.data",
              "reset": "empty"
            }
          }
        }
      }
    },
    "assignVariablesXxYasUser": {
      "module": "vb/action/builtin/assignVariablesAction",
      "parameters": {
        "$flow.variables.xxYasUser": {
          "source": "{{ $chain.results.parsePersonInfoJSON[0] }}",
          "auto": "always",
          "reset": "empty"
        }
      },
      "outcomes": {
        "success": "callChainXxyasCheckUserType"
      }
    },
    "callChainXxyasCheckUserType": {
      "module": "vb/action/builtin/callChainAction",
      "parameters": {
        "id": "xxyasCheckUserType",
        "params": {
          "personId": "{{ $flow.variables.xxYasUser.personId }}"
        }
      }
    },
    "fireNotification8": {
      "module": "vb/action/builtin/fireNotificationEventAction",
      "parameters": {
        "target": "leaf",
        "summary": "[[ $chain.results.callRestGetAORTypes.message.summary ]]",
        "type": "error",
        "displayMode": "persist"
      }
    },
    "callRestGetAORTypes": {
      "module": "vb/action/builtin/restAction",
      "parameters": {
        "endpoint": "ics/postXXYAS_COMMON_LOV1_0GetLovData",
        "uriParams": {
          "lovName": "YAS_AOR_TYPES"
        },
        "body": {
          "XxLOVParameters": [
            {
              "parameter": ""
            }
          ]
        }
      },
      "outcomes": {
        "failure": "fireNotification8",
        "success": "ParseAORJSON"
      }
    },
    "ParseAORJSON": {
      "module": "vb/action/builtin/callModuleFunctionAction",
      "parameters": {
        "module": "[[ $application.functions ]]",
        "functionName": "parseJSON",
        "params": [
          "{{ $chain.results.callRestGetAORTypes.body.XxLOVResult || [] }}"
        ]
      },
      "outcomes": {
        "success": "assignVariablesAORTypes"
      }
    },
    "assignVariablesAORTypes": {
      "module": "vb/action/builtin/assignVariablesAction",
      "parameters": {
        "$flow.variables.AORTypes": {
          "source": "{{ $chain.results.ParseAORJSON || [] }}"
        }
      }
    },
    "CheckEmpAORResponsipilty": {
      "module": "vb/action/builtin/callModuleFunctionAction",
      "parameters": {
        "module": "[[ $application.functions ]]",
        "functionName": "checkEmpAORResponsipilty",
        "params": [
          "{{ $flow.variables.xxYasUser.respType }}",
          "{{ $flow.variables.AORTypes }}"
        ]
      },
      "outcomes": {
        "success": "assignVariablesXxYasUser2"
      }
    },
    "assignVariablesXxYasUser2": {
      "module": "vb/action/builtin/assignVariablesAction",
      "parameters": {
        "$flow.variables.xxYasUser": {
          "source": {
            "aorResp": "{{ $chain.results.CheckEmpAORResponsipilty }}"
          },
          "reset": "none",
          "auto": "always"
        }
      },
      "outcomes": {
        "success": "callFunctionCloseSpinnerDialog"
      }
    },
    "fireNotification9": {
      "module": "vb/action/builtin/fireNotificationEventAction",
      "parameters": {
        "target": "leaf",
        "summary": "[[ $chain.results.callRestPostXXYASCOMMONLOV1GetLovData.message.summary ]]",
        "type": "error",
        "displayMode": "persist"
      }
    },
    "callRestPostXXYASCOMMONLOV1GetLovData": {
      "module": "vb/action/builtin/restAction",
      "parameters": {
        "endpoint": "ics/postXXYAS_COMMON_LOV1_0GetLovData",
        "body": {
          "XxLOVParameters": [
            {
              "parameter": "TICKET SUPPLIER"
            }
          ]
        },
        "uriParams": {
          "lovName": "YAS_LOOKUP_LOV"
        }
      },
      "outcomes": {
        "success": "callFunctionParseJSON2",
        "failure": "fireNotification9"
      }
    },
    "callFunctionParseJSON2": {
      "module": "vb/action/builtin/callModuleFunctionAction",
      "parameters": {
        "module": "[[ $application.functions ]]",
        "functionName": "parseJSON",
        "params": [
          "{{ $chain.results.callRestPostXXYASCOMMONLOV1GetLovData.body.XxLOVResult }}"
        ]
      },
      "outcomes": {
        "success": "assignVariablesXxyasTicketsupplierADP"
      }
    },
    "assignVariablesXxyasTicketsupplierADP": {
      "module": "vb/action/builtin/assignVariablesAction",
      "parameters": {
        "$flow.variables.xxyasTicketsupplierADP": {
          "source": {
            "data": "{{ $chain.results.callFunctionParseJSON2 }}"
          },
          "reset": "none",
          "auto": "always"
        }
      }
    },
    "fireNotification10": {
      "module": "vb/action/builtin/fireNotificationEventAction",
      "parameters": {
        "target": "leaf",
        "summary": "[[ $chain.results.callRestPostXXYASCOMMONLOV1GetLovData2.message.summary ]]",
        "type": "error",
        "displayMode": "persist"
      }
    },
    "callRestPostXXYASCOMMONLOV1GetLovData2": {
      "module": "vb/action/builtin/restAction",
      "parameters": {
        "endpoint": "ics/postXXYAS_COMMON_LOV1_0GetLovData",
        "uriParams": {
          "lovName": "YAS_LOOKUP_LOV"
        },
        "body": {
          "XxLOVParameters": [
            {
              "parameter": "DESTINATION"
            }
          ]
        }
      },
      "outcomes": {
        "success": "callFunctionParseJSON3",
        "failure": "fireNotification10"
      }
    },
    "callFunctionParseJSON3": {
      "module": "vb/action/builtin/callModuleFunctionAction",
      "parameters": {
        "module": "[[ $application.functions ]]",
        "functionName": "parseJSON",
        "params": [
          "{{ $chain.results.callRestPostXXYASCOMMONLOV1GetLovData2.body.XxLOVResult }}"
        ]
      },
      "outcomes": {
        "success": "assignVariablesXxyasDestinationADP"
      }
    },
    "assignVariablesXxyasDestinationADP": {
      "module": "vb/action/builtin/assignVariablesAction",
      "parameters": {
        "$flow.variables.xxyasDestinationADP": {
          "source": {
            "data": "{{ $chain.results.callFunctionParseJSON3 }}"
          },
          "reset": "none",
          "auto": "always"
        }
      },
      "outcomes": {
        "success": "assignVariablesXxyasHomeLocationADP"
      }
    },
    "fireNotification11": {
      "module": "vb/action/builtin/fireNotificationEventAction",
      "parameters": {
        "target": "leaf",
        "summary": "[[ $chain.results.callRestPostXXYASCOMMONLOV1GetLovData3.message.summary ]]",
        "type": "error",
        "displayMode": "persist"
      }
    },
    "assignVariablesXxyasHomeLocationADP": {
      "module": "vb/action/builtin/assignVariablesAction",
      "parameters": {
        "$flow.variables.xxyasHomeLocationADP": {
          "source": {
            "data": "{{ $chain.results.callFunctionParseJSON3 }}"
          },
          "reset": "none",
          "auto": "always"
        }
      }
    }
  }
}