[
    {
        "seq_id": "1",
        "confirmed_by": "",
        "request_id": "9629",
        "approval_level": "Requester",
        "status": "SUBMITTED",
        "approval_comments": "",
        "approved_date": "2025-01-31T05:57:23.000+00:00"
    },
    {
        "seq_id": "2",
        "confirmed_by": "",
        "request_id": "9629",
        "approval_level": "HR Officer",
        "status": "APPROVED",
        "approval_comments": "",
        "approved_date": "2025-01-31T05:58:24.000+00:00"
    },
    {
        "seq_id": "3",
        "confirmed_by": "",
        "request_id": "9629",
        "approval_level": "HR Manager",
        "status": "APPROVED",
        "approval_comments": "",
        "approved_date": "2025-01-31T05:59:08.000+00:00"
    },
    {
        "seq_id": "4",
        "confirmed_by": "",
        "request_id": "9629",
        "approval_level": "Senior Accountant",
        "status": "APPROVED",
        "approval_comments": "",
        "approved_date": "2025-01-31T05:59:24.000+00:00"
    }
]