{
    "openapi": "3.0.0",
    "info": {
        "title": "Ic Api Process V1",
        "version": "1.0.0"
    },
    "servers": [
        {
            "url": "vb-catalog://backends/vbprocess",
            "description": "Ic Api Process V1",
            "x-vb": {
            }
        }
    ],
    "paths": {
        "/search/tasks": {
            "put": {
                "operationId": "putTasks",
                "requestBody": {
                    "content": {
                        "application/json": {
                            "schema": {
                                "$ref": "#/components/schemas/PutTasksRequest"
                            },
                            "examples": {
                                "vb": {
                                    "externalValue": "./examples/putTasks/request_application_json_vb.json"
                                }
                            }
                        }
                    }
                },
                "responses": {},
                "x-vb": {
                    "actionHint": "getMany"
                }
            },
            "post": {
                "operationId": "getTasks",
                "requestBody": {
                    "description": "Request for application/json",
                    "content": {
                        "application/json": {
                            "schema": {
                                "$ref": "#/components/schemas/PostSearchTasksRequest"
                            },
                            "examples": {
                                "vb": {
                                    "summary": "Example stored by VB User",
                                    "externalValue": "./examples/getTasks/request_application_json_vb.json"
                                }
                            }
                        }
                    }
                },
                "responses": {
                    "default": {
                        "description": "Default response",
                        "content": {
                            "application/json": {
                                "schema": {
                                    "$ref": "#/components/schemas/PostSearchTasksResponse"
                                },
                                "examples": {
                                    "vb": {
                                        "externalValue": "./examples/getTasks/response_default_application_json_vb.json"
                                    }
                                }
                            }
                        }
                    }
               },
                "x-vb": {
                    "actionHint": "getMany"
                }
            }
        }
    },
    "components": {
        "schemas": {
            "PutTasksRequest": {
                "type": "object",
                "properties": {
                    "action": {
                        "type": "object",
                        "properties": {
                            "id": {
                                "type": "string"
                            }
                        }
                    },
                    "tasks": {
                        "type": "array",
                        "items": {
                            "type": "string"
                        }
                    },
                    "comment": {
                        "type": "object",
                        "properties": {
                            "commentStr": {
                                "type": "string"
                            },
                            "commentScope": {
                                "type": "string"
                            }
                        }
                    },
                    "assignees": {
                        "type": "array",
                        "items": {
                            "type": "object",
                            "properties": {
                                "id": {
                                    "type": "string"
                                },
                                "type": {
                                    "type": "string"
                                }
                            }
                        }
                    }
                }
            },
            "PostSearchTasksRequest": {
                "type": "object",
                "properties": {
                    "orderBy": {
                        "type": "string"
                    },
                    "offset": {
                        "type": "integer"
                    },
                    "totalResults": {
                        "type": "boolean"
                    },
                    "limit": {
                        "type": "integer"
                    },
                    "assignmentFilter": {
                        "type": "string"
                    },
                    "query": {
                        "type": "string"
                    },
                    "searchType": {
                        "type": "string"
                    },
                    "count": {
                        "type": "boolean"
                    },
                    "select": {
                        "type": "array",
                        "items": {
                            "type": "string"
                        }
                    }
                }
            },
            "PostSearchTasksResponse": {
                "type": "object",
                "properties": {
                    "limit": {
                        "type": "integer"
                    },
                    "offset": {
                        "type": "integer"
                    },
                    "count": {
                        "type": "integer"
                    },
                    "items": {
                        "type": "array",
                        "items": {
                            "type": "object",
                            "properties": {
                                "assignedDate": {
                                    "type": "string"
                                },
                                "rootInstanceId": {
                                    "type": "string"
                                },
                                "applicationTitle": {
                                    "type": "string"
                                },
                                "reasonText": {
                                    "type": "string"
                                },
                                "fromUser": {
                                    "type": "object",
                                    "properties": {
                                        "id": {
                                            "type": "string"
                                        },
                                        "name": {
                                            "nullable": true
                                        },
                                        "displayName": {
                                            "nullable": true
                                        },
                                        "type": {
                                            "nullable": true
                                        }
                                    }
                                },
                                "updatedDate": {
                                    "type": "string"
                                },
                                "title": {
                                    "type": "string"
                                },
                                "type": {
                                    "type": "string"
                                },
                                "processDefinitionKey": {
                                    "type": "string"
                                },
                                "instanceId": {
                                    "type": "string"
                                },
                                "subState": {
                                    "type": "string"
                                },
                                "processName": {
                                    "type": "string"
                                },
                                "state": {
                                    "type": "string"
                                },
                                "id": {
                                    "type": "string"
                                },
                                "applicationName": {
                                    "type": "string"
                                },
                                "applicationVersion": {
                                    "type": "string"
                                },
                                "processDefinitionId": {
                                    "type": "string"
                                },
                                "dataMgmtState": {
                                    "type": "string"
                                },
                                "priority": {
                                    "type": "integer"
                                },
                                "taskDefinitionKey": {
                                    "type": "string"
                                },
                                "createdDate": {
                                    "type": "string"
                                },
                                "createdBy": {
                                    "type": "object",
                                    "properties": {
                                        "id": {
                                            "type": "string"
                                        },
                                        "name": {
                                            "nullable": true
                                        },
                                        "displayName": {
                                            "nullable": true
                                        },
                                        "type": {
                                            "nullable": true
                                        }
                                    }
                                },
                                "createdByType": {
                                    "type": "string"
                                },
                                "assignee": {
                                    "type": "object",
                                    "properties": {
                                        "id": {
                                            "type": "string"
                                        },
                                        "name": {
                                            "nullable": true
                                        },
                                        "displayName": {
                                            "nullable": true
                                        },
                                        "type": {
                                            "nullable": true
                                        }
                                    }
                                },
                                "fromUserType": {
                                    "type": "string"
                                }
                            }
                        }
                    }
                }
            }
        }
    }
}