{
    "links": [
        {
            "href": "https://opa-oic-dev-oic-1726265843960-axnknj3nduol-dxb.process.oci.oraclecloud.com/process/api/v1/tasks",
            "rel": "self"
        },
        {
            "href": "https://opa-oic-dev-oic-1726265843960-axnknj3nduol-dxb.process.oci.oraclecloud.com/process/api/v1",
            "rel": "parent"
        }
    ],
    "limit": 25,
    "offset": 0,
    "count": 1,
    "items": [
        {
            "links": [
                {
                    "href": "https://opa-oic-dev-oic-1726265843960-axnknj3nduol-dxb.process.oci.oraclecloud.com/process/api/v1/tasks/73c9991b-82e8-11ef-82f7-d2c8e3d72475",
                    "rel": "self"
                },
                {
                    "href": "https://opa-oic-dev-oic-1726265843960-axnknj3nduol-dxb.process.oci.oraclecloud.com/process/api/v1/tasks",
                    "rel": "parent"
                },
                {
                    "href": "https://opa-oic-dev-oic-1726265843960-axnknj3nduol-dxb.process.oci.oraclecloud.com/process/api/v1/tasks/73c9991b-82e8-11ef-82f7-d2c8e3d72475/comments",
                    "rel": "comments"
                },
                {
                    "href": "https://opa-oic-dev-oic-1726265843960-axnknj3nduol-dxb.process.oci.oraclecloud.com/process/api/v1/tasks/73c9991b-82e8-11ef-82f7-d2c8e3d72475/documents",
                    "rel": "documents"
                },
                {
                    "href": "https://opa-oic-dev-oic-1726265843960-axnknj3nduol-dxb.process.oci.oraclecloud.com/process/api/v1/tasks/73c9991b-82e8-11ef-82f7-d2c8e3d72475/payload",
                    "rel": "payload"
                }
            ],
            "id": "73c9991b-82e8-11ef-82f7-d2c8e3d72475",
            "title": "User task",
            "isAdhoc": false,
            "priority": 2,
            "isSuspended": false,
            "state": "ASSIGNED",
            "substate": "INITIATED",
            "isEscalated": false,
            "reason": {
                "user": {
                    "id": "77ecbe64419448eeab34a73c28ead962",
                    "name": "Shahgaron_Support"
                },
                "assignee": {
                    "id": "77ecbe64419448eeab34a73c28ead962",
                    "name": "Shahgaron_Support"
                },
                "candidateUsers": [],
                "candidateGroups": [],
                "action": "INITIATE",
                "date": "2024-10-05T07:07:15.841+00:00"
            },
            "reasonText": "Started by Shahgaron_Support to Shahgaron_Support on Sat Oct 05 07:07:15 GMT 2024",
            "assignee": {
                "id": "77ecbe64419448eeab34a73c28ead962",
                "name": "Shahgaron_Support",
                "displayName": "Shahgaron Support"
            },
            "fromUser": {
                "id": "77ecbe64419448eeab34a73c28ead962",
                "name": "Shahgaron_Support",
                "displayName": "Shahgaron Support",
                "type": "USER"
            },
            "createdBy": {
                "id": "77ecbe64419448eeab34a73c28ead962",
                "name": "Shahgaron_Support",
                "displayName": "Shahgaron Support",
                "type": "USER"
            },
            "createdDate": "2024-10-05T07:07:15.839+00:00",
            "lastUpdatedDate": "2024-10-05T07:07:15.841+00:00",
            "assignedDate": "2024-10-05T07:07:15.841+00:00",
            "processName": "TaskProcess",
            "processDefinitionTitle": "taskProcess",
            "activityInstanceId": "73c74f2a-82e8-11ef-82f7-d2c8e3d72475",
            "processInstanceId": "736c8519-82e8-11ef-92de-9a913e140e5e",
            "processDefinitionId": "679ab390-82e8-11ef-9a69-5a1c150ce80b",
            "processDefinitionKey": "Test_tasks--1.0--TaskProcess",
            "processExecutionId": "736c8519-82e8-11ef-92de-9a913e140e5e",
            "rootInstanceId": "736c8519-82e8-11ef-92de-9a913e140e5e",
            "rootProcessId": "736c8519-82e8-11ef-92de-9a913e140e5e",
            "taskDefinitionKey": "flow_a95374c5-492b-9f41-1aec-f6e0e1799ee7",
            "applicationName": "Test_tasks",
            "applicationTitle": "Test_tasks",
            "candidateUsers": [],
            "candidateGroups": [],
            "availableActions": {
                "system": [
                    {
                        "title": "VIEW_TASK_PAYLOAD",
                        "actionId": "VIEW_TASK_PAYLOAD"
                    },
                    {
                        "title": "VIEW_TASK",
                        "actionId": "VIEW_TASK"
                    },
                    {
                        "title": "ADD_DOCUMENT",
                        "actionId": "ADD_DOCUMENT"
                    },
                    {
                        "title": "ADD_COMMENT",
                        "actionId": "ADD_COMMENT"
                    },
                    {
                        "title": "WITHDRAW",
                        "actionId": "WITHDRAW"
                    },
                    {
                        "title": "UPDATE_TASK_PAYLOAD",
                        "actionId": "UPDATE_TASK_PAYLOAD"
                    },
                    {
                        "title": "UPDATE_TASK",
                        "actionId": "UPDATE_TASK"
                    },
                    {
                        "title": "ESCALATE",
                        "actionId": "ESCALATE"
                    },
                    {
                        "title": "REQUEST_FOR_INFO",
                        "actionId": "REQUEST_FOR_INFO"
                    },
                    {
                        "title": "REASSIGN",
                        "actionId": "REASSIGN"
                    }
                ],
                "custom": [
                    {
                        "title": "APPROVE",
                        "actionId": "APPROVE"
                    },
                    {
                        "title": "REJECT",
                        "actionId": "REJECT"
                    }
                ]
            },
            "tags": []
        }
    ]
}