{
  "root": "getUsersCallRest",
  "description": "",
  "actions": {
    "fireNotification": {
      "module": "vb/action/builtin/fireNotificationEventAction",
      "parameters": {
        "target": "leaf",
        "summary": "[[ $chain.results.getUsersCallRest.message.summary ]]",
        "type": "error",
        "displayMode": "persist"
      },
      "outcomes": {
        "success": "return2"
      }
    },
    "getUsersCallRest": {
      "module": "vb/action/builtin/restAction",
      "parameters": {
        "endpoint": "ics/postXXYAS_COMMON_LOV1_0GetLovData",
        "uriParams": {
          "lovName": "YAS_PERSON_INFO"
        },
        "body": {
          "XxLOVParameters": [
            {
              "parameter": ""
            },
            {
              "parameter": ""
            },
            {
              "parameter": ""
            },
            {
              "parameter": ""
            }
          ]
        }
      },
      "outcomes": {
        "failure": "fireNotification",
        "success": "parseUsersJSON"
      }
    },
    "parseUsersJSON": {
      "module": "vb/action/builtin/callModuleFunctionAction",
      "parameters": {
        "module": "[[ $application.functions ]]",
        "functionName": "parseJSON",
        "params": [
          "{{ $chain.results.getUsersCallRest.body.XxLOVResult || [] }}"
        ]
      },
      "outcomes": {
        "success": "assignVariablesXxyasEmployeesADP"
      }
    },
    "assignVariablesXxyasEmployeesADP": {
      "module": "vb/action/builtin/assignVariablesAction",
      "parameters": {
        "$flow.variables.xxyasEmployeesADP": {
          "source": {
            "data": "{{ $chain.results.parseUsersJSON || [] }}"
          },
          "reset": "none",
          "auto": "always",
          "mapping": {
            "$target.data": {
              "source": "$source.data",
              "reset": "empty"
            }
          }
        }
      },
      "outcomes": {
        "success": "return"
      }
    },
    "return": {
      "module": "vb/action/builtin/returnAction",
      "parameters": {
        "outcome": "success"
      }
    },
    "return2": {
      "module": "vb/action/builtin/returnAction",
      "parameters": {
        "outcome": "success"
      }
    }
  }
}