{
  "id": "admin-task-list",
  "description": "Flow main",
  "defaultPage": "admin-task-list-start",
  "chains": {
  },
  "services": {},
  "types": {},
  "variables": {
    "xxyasEmployeesADP": {
      "type": "vb/ArrayDataProvider2",
      "defaultValue": {
        "itemType": "application:XXYASUser",
        "keyAttributes": "personId"
      }
    }
  },
  "eventListeners": {
    "vbEnter": {
      "chains": [
        {
          "chainId": "onPageLoad",
          "parameters": {}
        }
      ]
    }
  }
}