{
  "title": "",
  "description": "",
  "variables": {
    "HROfficerRole": {
      "type": "string"
    },
    "lookup_name": {
      "type": "string"
    },
    "person_id": {
      "type": "any"
    },
    "tasksADP": {
      "type": "vb/ArrayDataProvider2",
      "defaultValue": {
        "itemType": "flow:XXYAS_Tasks_Type",
        "keyAttributes": "requestLineId"
      }
    },
    "tasksCloneArr": {
      "type": "flow:XXYAS_Tasks_Type[]"
    },
    "xxyasApprovalHistoryADP": {
      "type": "vb/ArrayDataProvider2",
      "defaultValue": {
        "itemType": "application:XXYASApprovalHistory"
      }
    },
    "xxyasSearchCriteria": {
      "type": {
        "moduleName": "string",
        "personNameNumber": "string",
        "requestNumber": "string"
      }
    }

  },
  "metadata": {},
  "types": {},
  "eventListeners": {
    "buttonAction": {
      "chains": [
        {
          "chainId": "ResetButtonActionChain"
        }
      ]
    },
    "buttonAction2": {
      "chains": [
        {
          "chainId": "searchButtonActionChain"
        }
      ]
    },
    "buttonAction3": {
      "chains": [
        {
          "chainId": "RefreshButtonActionChain"
        }
      ]
    },
    "hyperlinkClick": {
      "chains": [
        {
          "chainId": "NavigateToTaskPageClickChain",
          "parameters": {
            "key": "{{ $current.key }}",
            "index": "{{ $current.index }}",
            "current": "{{ $current }}"
          }
        }
      ]
    },
    "showApprovalPopupAction": {
      "chains": [
        {
          "chainId": "ViewTaskHistoryClickChain",
          "parameters": {
            "key": "{{ $current.key }}",
            "index": "{{ $current.index }}",
            "current": "{{ $current }}"
          }
        }
      ]
    },
    "vbEnter": {
      "chains": [
        {
          "chainId": "onPageLoad",
          "parameters": {}
        }
      ],
      "@dt": {
        "showInDiagram": "off"
      }
    }
  },
  "imports": {
    "components": {
      "oj-button": {
        "path": "ojs/ojbutton"
      },
      "oj-checkboxset": {
        "path": "ojs/ojcheckboxset"
      },
      "oj-collapsible": {
        "path": "ojs/ojcollapsible"
      },
      "oj-combobox-one": {
        "path": "ojs/ojselectcombobox"
      },
      "oj-form-layout": {
        "path": "ojs/ojformlayout"
      },
      "oj-input-date-time": {
        "path": "ojs/ojdatetimepicker"
      },
      "oj-input-text": {
        "path": "ojs/ojinputtext"
      },
      "oj-label": {
        "path": "ojs/ojlabel"
      },
      "oj-label-value": {
        "path": "ojs/ojlabelvalue"
      },
      "oj-option": {
        "path": "ojs/ojoption"
      },
      "oj-popup": {
        "path": "ojs/ojpopup"
      },
      "oj-table": {
        "path": "ojs/ojtable"
      },
      "oj-toolbar": {
        "path": "ojs/ojtoolbar"
      },
      "oj-validation-group": {
        "path": "ojs/ojvalidationgroup"
      }
    },
    "modules": {
      "ojValidationDateTime": {
        "path": "ojs/ojvalidation-datetime"
      }
    }
  }
}
