{
  "description": "",
  "root": "callFunctionSearchByKey",
  "actions": {
    "callFunctionSearchByKey": {
      "module": "vb/action/builtin/callModuleFunctionAction",
      "parameters": {
        "module": "[[ $application.functions ]]",
        "functionName": "searchByKey",
        "params": [
          "{{ $page.variables.xxyasChildrenADP.data }}",
          "contactPersonId",
          "{{ $page.variables.currAnnualPassageLine.contactPersonId }}"
        ]
      },
      "outcomes": {
        "success": "if"
      }
    },
    "assignVariablesCurrAnnualPassageLine": {
      "module": "vb/action/builtin/assignVariablesAction",
      "parameters": {
        "$page.variables.currAnnualPassageLine": {
          "source": {
            "contactDob": "{{ $chain.results.callFunctionSearchByKey.contactDob }}",
            "concatRelationship": "{{ $chain.results.callFunctionSearchByKey.concatRelationship }}",
            "contactName": "{{ $chain.results.callFunctionSearchByKey.contactName }}",
            "contactPersonId": "{{ $chain.results.callFunctionSearchByKey.contactPersonId }}",
            "passExpirationDate": "{{ $chain.results.callFunctionSearchByKey.passExpirationDate }}",
            "passportNumber": "{{ $chain.results.callFunctionSearchByKey.passportNumber }}"
          },
          "reset": "none",
          "auto": "always"
        }
      },
      "outcomes": {}
    },
    "if": {
      "module": "vb/action/builtin/ifAction",
      "parameters": {
        "condition": "[[ !$application.functions.isEmpty($chain.results.callFunctionSearchByKey) ]]"
      },
      "outcomes": {
        "true": "assignVariablesCurrAnnualPassageLine"
      }
    }
  },
  "variables": {
    "value": {
      "required": true,
      "type": "any",
      "input": "fromCaller"
    }
  }
}