{
  "description": "",
  "root": "assignVariablesLineIdCounter",
  "actions": {
    "openAddSpouseDialog": {
      "module": "vb/action/builtin/callComponentMethodAction",
      "parameters": {
        "component": "{{ document.getElementById('spouse-oj-dialog-817880489-1') }}",
        "method": "open"
      }
    },
    "assignVariablesLineIdCounter": {
      "module": "vb/action/builtin/assignVariablesAction",
      "parameters": {
        "$page.variables.lineIdCounter": {
          "source": "{{ $page.variables.lineIdCounter - 1 }}"
        }
      },
      "outcomes": {
        "success": "assignVariablesCurrAnnualPassageLine"
      }
    },
    "assignVariablesCurrAnnualPassageLine": {
      "module": "vb/action/builtin/assignVariablesAction",
      "parameters": {
        "$page.variables.currAnnualPassageLine": {
          "source": {
            "annualPassageLId": "{{ $page.variables.lineIdCounter }}",
            "annualPassageHId": "{{ $page.variables.annualPassageRequest.annualPassageHId }}"
          },
          "reset": "none",
          "auto": "always"
        }
      },
      "outcomes": {
        "success": "openAddSpouseDialog"
      }
    }
  },
  "variables": {}
}