{
  "description": "",
  "root": "if",
  "actions": {
    "if": {
      "module": "vb/action/builtin/ifAction",
      "parameters": {
        "condition": "[[ $page.variables.requestType == 'REVIEW' || $application.functions.compareObjects($page.variables.annualPassageRequest,$page.variables.annualPassageRequestOriginal)  && $application.functions.checkArrayEq($page.variables.xxyasAnnualPassageLines.data,$page.variables.xxyasAnnualPassageLinesOriginal) ]]"
      },
      "outcomes": {
        "true": "navigateBack",
        "false": "callComponentDialogUnsavedWarningOpen"
      }
    },
    "navigateBack": {
      "module": "vb/action/builtin/navigateBackAction"
    },
    "callComponentDialogUnsavedWarningOpen": {
      "module": "vb/action/builtin/callComponentMethodAction",
      "parameters": {
        "component": "{{ document.getElementById('dialog-unsaved-warning') }}",
        "method": "open"
      }
    }
  },
  "variables": {}
}