{
  "description": "",
  "root": "resetVariablesXxyasEmployeeSearchCriteria",
  "actions": {
    "resetVariablesXxyasEmployeeSearchCriteria": {
      "module": "vb/action/builtin/resetVariablesAction",
      "parameters": {
        "variables": [
          "$page.variables.xxyasEmployeeSearchCriteria",
          "$page.variables.xxyasSelectedEmployee",
          "$page.variables.xxyasEmployeesADP"
        ]
      },
      "outcomes": {
        "success": "callComponentPopupEmployeeSearchClose"
      }
    },
    "callComponentPopupEmployeeSearchClose": {
      "module": "vb/action/builtin/callComponentMethodAction",
      "parameters": {
        "component": "{{ document.getElementById('popup-employee-search') }}",
        "method": "close"
      }
    }
  },
  "variables": {}
}