{
  "description": "",
  "root": "resetVariablesCurrAnnualPassageLine",
  "actions": {
    "resetVariablesCurrAnnualPassageLine": {
      "module": "vb/action/builtin/resetVariablesAction",
      "parameters": {
        "variables": [
          "$page.variables.currAnnualPassageLine"
        ]
      },
      "outcomes": {
        "success": "callComponentChildOjDialogClose"
      }
    },
    "callComponentChildOjDialogClose": {
      "module": "vb/action/builtin/callComponentMethodAction",
      "parameters": {
        "component": "{{ document.getElementById('child-oj-dialog-817880489-1') }}",
        "method": "close"
      }
    }
  },
  "variables": {}
}