{
  "root": "updatedDueDateCallRest",
  "description": "",
  "variables": {
    "p_personId": {
      "type": "string",
      "required": true,
      "input": "fromCaller"
    },
    "p_ticketDueDate": {
      "type": "string",
      "required": true,
      "input": "fromCaller"
    }
  },
  "actions": {
    "fireNotification": {
      "module": "vb/action/builtin/fireNotificationEventAction",
      "parameters": {
        "target": "leaf",
        "summary": "[[ $chain.results.updatedDueDateCallRest.message.summary ]]",
        "type": "error",
        "displayMode": "persist"
      }
    },
    "updatedDueDateCallRest": {
      "module": "vb/action/builtin/restAction",
      "parameters": {
        "endpoint": "ics/getXXYA_OTBI_GEN_EMP_TICK_DUE_DATE1_0LastUpdatedDueDate",
        "uriParams": {
          "person_id": "{{ $variables.p_personId }}"
        }
      },
      "outcomes": {
        "failure": "fireNotification",
        "success": "assignVariablesAnnualPassageRequest"
      }
    },
    "assignVariablesAnnualPassageRequest": {
      "module": "vb/action/builtin/assignVariablesAction",
      "parameters": {
        "$page.variables.annualPassageRequest": {
          "source": {
            "ticketDueDate": "{{ $application.functions.isEmpty($chain.results.updatedDueDateCallRest.body.XXYASTicketDueDate.updated_ticket_due_date)? $variables.p_ticketDueDate : $chain.results.updatedDueDateCallRest.body.XXYASTicketDueDate.updated_ticket_due_date }}"
          },
          "reset": "none",
          "auto": "always"
        }
      }
    }
  }
}