{
  "description": "",
  "root": "assignVariablesCurrAnnualPassageLine",
  "actions": {
    "fireDataProviderEventXxyasAnnualPassageLines": {
      "module": "vb/action/builtin/fireDataProviderEventAction",
      "parameters": {
        "target": "[[ $page.variables.xxyasAnnualPassageLines ]]",
        "remove": {
          "keys": [
            "{{ $variables.key }}"
          ]
        }
      },
      "outcomes": {
        "success": "fireDataProviderEventXxyasAnnualPassageLines2"
      }
    },
    "assignVariablesCurrAnnualPassageLine": {
      "module": "vb/action/builtin/assignVariablesAction",
      "parameters": {
        "$page.variables.currAnnualPassageLine": {
          "source": "{{ $variables.current.row }}",
          "auto": "always"
        }
      },
      "outcomes": {
        "success": "fireDataProviderEventXxyasAnnualPassageLines"
      }
    },
    "ifCurrAnnualPassageLine": {
      "module": "vb/action/builtin/ifAction",
      "parameters": {
        "condition": "[[ $page.variables.currAnnualPassageLine.annualPassageLId < 0 ]]"
      },
      "outcomes": {
        "true": "fireDataProviderEventXxyasAnnualPassageLinesDML",
        "false": "assignVariablesCurrAnnualPassageLine3"
      }
    },
    "fireDataProviderEventXxyasAnnualPassageLinesDML": {
      "module": "vb/action/builtin/fireDataProviderEventAction",
      "parameters": {
        "target": "[[ $page.variables.xxyasAnnualPassageLinesDML ]]",
        "remove": {
          "keys": [
            "{{ $variables.key }}"
          ]
        }
      },
      "outcomes": {
        "success": "fireDataProviderEventXxyasAnnualPassageLinesDML3"
      }
    },
    "assignVariablesCurrAnnualPassageLine3": {
      "module": "vb/action/builtin/assignVariablesAction",
      "parameters": {
        "$page.variables.currAnnualPassageLine": {
          "source": {
            "mode": "DELETE"
          },
          "reset": "none",
          "auto": "always"
        }
      },
      "outcomes": {
        "success": "fireDataProviderEventXxyasAnnualPassageLinesDML2"
      }
    },
    "fireDataProviderEventXxyasAnnualPassageLinesDML2": {
      "module": "vb/action/builtin/fireDataProviderEventAction",
      "parameters": {
        "target": "[[ $page.variables.xxyasAnnualPassageLinesDML ]]",
        "update": {
          "data": "{{ $page.variables.currAnnualPassageLine }}",
          "keys": [
            "{{ $variables.key }}"
          ]
        }
      },
      "outcomes": {
        "success": "resetVariablesCurrAnnualPassageLine"
      }
    },
    "resetVariablesCurrAnnualPassageLine": {
      "module": "vb/action/builtin/resetVariablesAction",
      "parameters": {
        "variables": [
          "$page.variables.currAnnualPassageLine"
        ]
      }
    },
    "fireDataProviderEventXxyasAnnualPassageLines2": {
      "module": "vb/action/builtin/fireDataProviderEventAction",
      "parameters": {
        "target": "[[ $page.variables.xxyasAnnualPassageLines ]]",
        "refresh": null
      },
      "outcomes": {
        "success": "ifCurrAnnualPassageLine"
      }
    },
    "fireDataProviderEventXxyasAnnualPassageLinesDML3": {
      "module": "vb/action/builtin/fireDataProviderEventAction",
      "parameters": {
        "target": "[[ $page.variables.xxyasAnnualPassageLinesDML ]]",
        "refresh": null
      },
      "outcomes": {
        "success": "resetVariablesCurrAnnualPassageLine"
      }
    }
  },
  "variables": {
    "key": {
      "required": true,
      "type": "any",
      "input": "fromCaller"
    },
    "index": {
      "required": true,
      "type": "number",
      "input": "fromCaller"
    },
    "current": {
      "required": true,
      "type": "any",
      "input": "fromCaller"
    }
  }
}