{
  "description": "",
  "root": "assignVariablesVIgnoreValue",
  "actions": {
    "assignVariablesCurrAnnualPassageLine": {
      "module": "vb/action/builtin/assignVariablesAction",
      "parameters": {
        "$page.variables.currAnnualPassageLine": {
          "source": "{{ $variables.current.row }}",
          "auto": "always"
        }
      },
      "outcomes": {
        "success": "ifChild"
      }
    },
    "ifChild": {
      "module": "vb/action/builtin/ifAction",
      "parameters": {
        "condition": "[[ $variables.current.row.concatRelationship === \"Child\" ]]"
      },
      "outcomes": {
        "true": "callComponentChildEditOjDialogOpen",
        "false": "callComponentSpouseEditOjDialogOpen"
      }
    },
    "callComponentChildEditOjDialogOpen": {
      "module": "vb/action/builtin/callComponentMethodAction",
      "parameters": {
        "component": "{{ document.getElementById('child-edit-oj-dialog-817880489-1') }}",
        "method": "open"
      }
    },
    "callComponentSpouseEditOjDialogOpen": {
      "module": "vb/action/builtin/callComponentMethodAction",
      "parameters": {
        "component": "{{ document.getElementById('spouse-edit-oj-dialog-817880489-1') }}",
        "method": "open"
      }
    },
    "assignVariablesVIgnoreValue": {
      "module": "vb/action/builtin/assignVariablesAction",
      "parameters": {
        "$page.variables.v_ignoreValue": {
          "source": "{{ $variables.current.row.contactPersonId }}"
        }
      },
      "outcomes": {
        "success": "assignVariablesCurrAnnualPassageLine"
      }
    }
  },
  "variables": {
    "key": {
      "required": true,
      "type": "any",
      "input": "fromCaller"
    },
    "index": {
      "required": true,
      "type": "number",
      "input": "fromCaller"
    },
    "current": {
      "required": true,
      "type": "any",
      "input": "fromCaller"
    }
  }
}