{
  "description": "",
  "root": "ifAnnualPassageRequest",
  "actions": {
    "resetVariablesXxyasEmployeeSearchCriteria": {
      "module": "vb/action/builtin/resetVariablesAction",
      "parameters": {
        "variables": [
          "$page.variables.xxyasEmployeeSearchCriteria",
          "$page.variables.xxyasEmployeesADP",
          "$page.variables.xxyasSelectedEmployee"
        ]
      },
      "outcomes": {
        "success": "callComponentPopupEmployeeSearchOpen"
      }
    },
    "callComponentPopupEmployeeSearchOpen": {
      "module": "vb/action/builtin/callComponentMethodAction",
      "parameters": {
        "component": "{{ document.getElementById('popup-employee-search') }}",
        "method": "open"
      }
    },
    "ifAnnualPassageRequest": {
      "module": "vb/action/builtin/ifAction",
      "parameters": {
        "condition": "[[ $application.functions.isEmpty($page.variables.annualPassageRequest.annualPassageHId) ]]"
      },
      "outcomes": {
        "true": "resetVariablesXxyasEmployeeSearchCriteria"
      }
    }
  },
  "variables": {}
}