{
  "root": "ifXxyasSelectedEmployee",
  "description": "",
  "actions": {
    "ifXxyasSelectedEmployee": {
      "module": "vb/action/builtin/ifAction",
      "parameters": {
        "condition": "[[ !$application.functions.isEmpty($page.variables.xxyasSelectedEmployee) ]]"
      },
      "outcomes": {
        "true": "callChainCalcEmpEligibilty"
      }
    },
    "callChainCalcEmpEligibilty": {
      "module": "vb/action/builtin/callChainAction",
      "parameters": {
        "id": "calcEmpEligibilty",
        "params": {
          "ticketEligibility": "{{ $page.variables.xxyasSelectedEmployee.ticketEligibility }}"
        }
      },
      "outcomes": {
        "success": "ifXxyasEmpEligibilty"
      }
    },
    "ifXxyasEmpEligibilty": {
      "module": "vb/action/builtin/ifAction",
      "parameters": {
        "condition": "[[ $page.variables.xxyasEmpEligibilty.staff == 0 ]]"
      },
      "outcomes": {
        "true": "fireNotification",
        "false": "callComponentPopupEmployeeSearchClose"
      }
    },
    "fireNotification": {
      "module": "vb/action/builtin/fireNotificationEventAction",
      "parameters": {
        "target": "leaf",
        "summary": "Error",
        "message": "Employee is not eligible for Annual Passage",
        "displayMode": "transient"
      },
      "outcomes": {
        "success": "callChainCalcEmpEligibilty2"
      }
    },
    "callFunctionOpenSpinnerDialog": {
      "module": "vb/action/builtin/callModuleFunctionAction",
      "parameters": {
        "module": "[[ $application.functions ]]",
        "functionName": "openSpinnerDialog"
      },
      "outcomes": {
        "success": "assignVariablesAnnualPassageRequest"
      }
    },
    "callComponentPopupEmployeeSearchClose": {
      "module": "vb/action/builtin/callComponentMethodAction",
      "parameters": {
        "component": "{{ document.getElementById('popup-employee-search') }}",
        "method": "close"
      },
      "outcomes": {
        "success": "callFunctionOpenSpinnerDialog"
      }
    },
    "assignVariablesAnnualPassageRequest": {
      "module": "vb/action/builtin/assignVariablesAction",
      "parameters": {
        "$page.variables.annualPassageRequest": {
          "source": "{{ $page.variables.xxyasSelectedEmployee }}",
          "auto": "always"
        }
      },
      "outcomes": {
        "success": "assignVariablesAnnualPassageRequest2"
      }
    },
    "assignVariablesAnnualPassageRequest2": {
      "module": "vb/action/builtin/assignVariablesAction",
      "parameters": {
        "$page.variables.annualPassageRequest": {
          "source": {
            "mode": "CREATE",
            "currentStatus": "DRAFT"
          },
          "reset": "none",
          "auto": "always"
        }
      },
      "outcomes": {
        "success": "resetVariablesCurrAnnualPassageLine"
      }
    },
    "resetVariablesCurrAnnualPassageLine": {
      "module": "vb/action/builtin/resetVariablesAction",
      "parameters": {
        "variables": [
          "$page.variables.currAnnualPassageLine",
          "$page.variables.xxyasAnnualPassageLines",
          "$page.variables.xxyasAnnualPassageLinesDML"
        ]
      },
      "outcomes": {
        "success": "callChainCheckUpdatedTicketDueDate"
      }
    },
    "callChainCheckUpdatedTicketDueDate": {
      "module": "vb/action/builtin/callChainAction",
      "parameters": {
        "id": "checkUpdatedTicketDueDate",
        "params": {
          "p_personId": "{{ $page.variables.xxyasSelectedEmployee.personId }}",
          "p_ticketDueDate": "{{ $page.variables.xxyasSelectedEmployee.ticketDueDate }}"
        }
      },
      "outcomes": {
        "success": "callChainFetchChildrenInfo"
      }
    },
    "callChainFetchChildrenInfo": {
      "module": "vb/action/builtin/callChainAction",
      "parameters": {
        "id": "FetchChildrenInfo",
        "params": {
          "p_personId": "{{ $page.variables.xxyasSelectedEmployee.personId }}"
        }
      },
      "outcomes": {
        "success": "callChainFetchSpouseInfo"
      }
    },
    "callChainFetchSpouseInfo": {
      "module": "vb/action/builtin/callChainAction",
      "parameters": {
        "id": "FetchSpouseInfo",
        "params": {
          "p_personId": "{{ $page.variables.xxyasSelectedEmployee.personId }}"
        }
      },
      "outcomes": {
        "success": "callFunctionCloseSpinnerDialog"
      }
    },
    "callFunctionCloseSpinnerDialog": {
      "module": "vb/action/builtin/callModuleFunctionAction",
      "parameters": {
        "module": "[[ $application.functions ]]",
        "functionName": "closeSpinnerDialog"
      }
    },
    "callChainCalcEmpEligibilty2": {
      "module": "vb/action/builtin/callChainAction",
      "parameters": {
        "id": "calcEmpEligibilty"
      }
    }
  }
}