{
  "root": "getAnnualPassageReqCallRest",
  "description": "",
  "actions": {
    "return": {
      "module": "vb/action/builtin/returnAction",
      "parameters": {
        "outcome": "failure"
      }
    },
    "fireNotification": {
      "module": "vb/action/builtin/fireNotificationEventAction",
      "parameters": {
        "target": "leaf",
        "summary": "[[ $chain.results.getAnnualPassageReqCallRest.message.summary ]]",
        "type": "error",
        "displayMode": "persist"
      },
      "outcomes": {
        "success": "return4"
      }
    },
    "getAnnualPassageReqCallRest": {
      "module": "vb/action/builtin/restAction",
      "parameters": {
        "endpoint": "ics/postXXYAS_COMMON_LOV1_0GetLovData",
        "uriParams": {
          "lovName": "YAS_AP_H_SEARCH"
        },
        "body": {
          "XxLOVParameters": [
            {
              "parameter": "[[ $page.variables.annualPassageReqId ]]"
            },
            {
              "parameter": "[[ $page.variables.processId ]]"
            },
            {
              "parameter": ""
            },
            {
              "parameter": ""
            },
            {
              "parameter": ""
            }
          ]
        }
      },
      "outcomes": {
        "failure": "fireNotification",
        "success": "parseAnnualPassageReqJSON"
      }
    },
    "parseAnnualPassageReqJSON": {
      "module": "vb/action/builtin/callModuleFunctionAction",
      "parameters": {
        "module": "[[ $application.functions ]]",
        "functionName": "parseJSON",
        "params": [
          "{{ $chain.results.getAnnualPassageReqCallRest.body.XxLOVResult }}"
        ]
      },
      "outcomes": {
        "success": "if"
      }
    },
    "if": {
      "module": "vb/action/builtin/ifAction",
      "parameters": {
        "condition": "[[ $chain.results.parseAnnualPassageReqJSON.length > 0 ]]"
      },
      "outcomes": {
        "true": "assignVariablesAnnualPassageReqId",
        "false": "return2"
      }
    },
    "fireNotification2": {
      "module": "vb/action/builtin/fireNotificationEventAction",
      "parameters": {
        "target": "leaf",
        "summary": "[[ $chain.results.getAnnualPassageLinesCallRest.message.summary ]]",
        "type": "error",
        "displayMode": "persist"
      },
      "outcomes": {
        "success": "return"
      }
    },
    "getAnnualPassageLinesCallRest": {
      "module": "vb/action/builtin/restAction",
      "parameters": {
        "endpoint": "ics/postXXYAS_COMMON_LOV1_0GetLovData",
        "uriParams": {
          "lovName": "YAS_AP_L_SEARCH"
        },
        "body": {
          "XxLOVParameters": [
            {
              "parameter": "[[ $page.variables.annualPassageReqId ]]"
            }
          ]
        }
      },
      "outcomes": {
        "failure": "fireNotification2",
        "success": "parseAnnualPassageLinesJSON"
      }
    },
    "parseAnnualPassageLinesJSON": {
      "module": "vb/action/builtin/callModuleFunctionAction",
      "parameters": {
        "module": "[[ $application.functions ]]",
        "functionName": "parseJSON",
        "params": [
          "{{ $chain.results.getAnnualPassageLinesCallRest.body.XxLOVResult }}"
        ]
      },
      "outcomes": {
        "success": "callChainFetchChildrenInfo"
      }
    },
    "callChainFetchChildrenInfo": {
      "module": "vb/action/builtin/callChainAction",
      "parameters": {
        "id": "FetchChildrenInfo",
        "params": {
          "p_personId": "{{ $chain.results.parseAnnualPassageReqJSON[0].personId }}"
        }
      },
      "outcomes": {
        "success": "callChainFetchSpouseInfo"
      }
    },
    "callChainFetchSpouseInfo": {
      "module": "vb/action/builtin/callChainAction",
      "parameters": {
        "id": "FetchSpouseInfo",
        "params": {
          "p_personId": "{{ $chain.results.parseAnnualPassageReqJSON[0].personId }}"
        }
      },
      "outcomes": {
        "success": "assignVariablesAnnualPassageRequest"
      }
    },
    "assignVariablesAnnualPassageRequest": {
      "module": "vb/action/builtin/assignVariablesAction",
      "parameters": {
        "$page.variables.annualPassageRequest": {
          "source": "{{ $chain.results.parseAnnualPassageReqJSON[0] }}",
          "auto": "always"
        },
        "$page.variables.annualPassageRequestOriginal": {
          "source": "{{ $chain.results.parseAnnualPassageReqJSON[0] }}",
          "auto": "always"
        }
      },
      "outcomes": {
        "success": "assignVariablesXxyasAnnualPassageLines"
      }
    },
    "assignVariablesXxyasAnnualPassageLines": {
      "module": "vb/action/builtin/assignVariablesAction",
      "parameters": {
        "$page.variables.xxyasAnnualPassageLines": {
          "source": {
            "data": "{{ $chain.results.parseAnnualPassageLinesJSON }}"
          },
          "reset": "none",
          "auto": "always",
          "mapping": {
            "$target.data": {
              "source": "$source.data",
              "reset": "empty"
            }
          }
        },
        "$page.variables.xxyasAnnualPassageLinesDML": {
          "source": {
            "data": "{{ $chain.results.parseAnnualPassageLinesJSON }}"
          },
          "reset": "none",
          "auto": "always",
          "mapping": {
            "$target.data": {
              "source": "$source.data",
              "reset": "empty"
            }
          }
        },
        "$page.variables.xxyasAnnualPassageLinesOriginal": {
          "source": "{{ $chain.results.parseAnnualPassageLinesJSON }}",
          "reset": "empty"
        }
      },
      "outcomes": {
        "success": "return3"
      }
    },
    "return2": {
      "module": "vb/action/builtin/returnAction",
      "parameters": {
        "outcome": "failure"
      }
    },
    "return3": {
      "module": "vb/action/builtin/returnAction",
      "parameters": {
        "outcome": "success"
      }
    },
    "return4": {
      "module": "vb/action/builtin/returnAction",
      "parameters": {
        "outcome": "failure"
      }
    },
    "assignVariablesAnnualPassageReqId": {
      "module": "vb/action/builtin/assignVariablesAction",
      "parameters": {
        "$page.variables.annualPassageReqId": {
          "source": "{{ $chain.results.parseAnnualPassageReqJSON[0].annualPassageHId }}"
        }
      },
      "outcomes": {
        "success": "getAnnualPassageLinesCallRest"
      }
    }
  }
}