{
  "root": "getPersonChildrenCallRest",
  "description": "",
  "actions": {
    "fireNotification": {
      "module": "vb/action/builtin/fireNotificationEventAction",
      "parameters": {
        "target": "leaf",
        "summary": "[[ $chain.results.getPersonChildrenCallRest.message.summary ]]",
        "type": "error",
        "displayMode": "persist"
      },
      "outcomes": {
        "success": "return2"
      }
    },
    "getPersonChildrenCallRest": {
      "module": "vb/action/builtin/restAction",
      "parameters": {
        "endpoint": "ics/postXXYAS_COMMON_LOV1_0GetLovData",
        "uriParams": {
          "lovName": "YAS_CONTACT_INFO"
        },
        "body": {
          "XxLOVParameters": [
            {
              "parameter": "[[$variables.p_personId]]"
            },
            {
              "parameter": "Child"
            },
            {
              "parameter": ""
            }
          ]
        }
      },
      "outcomes": {
        "failure": "fireNotification",
        "success": "parseChildrenJSON"
      }
    },
    "parseChildrenJSON": {
      "module": "vb/action/builtin/callModuleFunctionAction",
      "parameters": {
        "module": "[[ $application.functions ]]",
        "functionName": "parseJSON",
        "params": [
          "{{ $chain.results.getPersonChildrenCallRest.body.XxLOVResult }}"
        ]
      },
      "outcomes": {
        "success": "assignVariablesXxyasChildrenADP"
      }
    },
    "assignVariablesXxyasChildrenADP": {
      "module": "vb/action/builtin/assignVariablesAction",
      "parameters": {
        "$page.variables.xxyasChildrenADP": {
          "source": {
            "data": "{{ $chain.results.parseChildrenJSON }}"
          },
          "reset": "none",
          "auto": "always",
          "mapping": {
            "$target.data": {
              "source": "$source.data",
              "reset": "empty"
            }
          }
        }
      },
      "outcomes": {
        "success": "return"
      }
    },
    "return": {
      "module": "vb/action/builtin/returnAction",
      "parameters": {
        "outcome": "success"
      }
    },
    "return2": {
      "module": "vb/action/builtin/returnAction",
      "parameters": {
        "outcome": "failure"
      }
    }
  },
  "variables": {
    "p_personId": {
      "type": "string",
      "required": true,
      "input": "fromCaller"
    }
  }
}