{
  "root": "callRestGetTasks",
  "description": "",
  "actions": {

    "assignVariablesTasks": {
      "module": "vb/action/builtin/assignVariablesAction",
      "parameters": {
        "$page.variables.tasks": {
          "source": "{{ $chain.results.callRestGetTasks.body }}",
          "auto": "always"
        }
      },
      "outcomes": {
        "success": "callFunctionTestData"
      }
    },
    "returnFailure": {
      "module": "vb/action/builtin/returnAction",
      "parameters": {
        "outcome": "failure"
      }
    },
    "returnSuccess": {
      "module": "vb/action/builtin/returnAction",
      "parameters": {
        "outcome": "success"
      }
    },
    "fireNotification2": {
      "module": "vb/action/builtin/fireNotificationEventAction",
      "parameters": {
        "target": "leaf",
        "summary": "[[ $chain.results.callRestGetTasks.message.summary ]]",
        "type": "error",
        "displayMode": "persist"
      },
      "outcomes": {
        "success": "returnFailure"
      }
    },
    "callRestGetTasks": {
      "module": "vb/action/builtin/restAction",
      "parameters": {
        "endpoint": "opa_pcs/getTasks",
        "uriParams": {
          "processInstanceId": "{{ $page.variables.processId }}",
          "state": "ASSIGNED"
        }
      },
      "outcomes": {
        "success": "assignVariablesTasks",
        "failure": "fireNotification2"
      }
    },
    "callFunctionTestData": {
      "module": "vb/action/builtin/callModuleFunctionAction",
      "parameters": {
        "module": "[[ $functions ]]",
        "functionName": "testData",
        "params": [
          "{{ $chain.results.callRestGetTasks.body.items }}"
        ]
      },
      "outcomes": {
        "success": "returnSuccess"
      }
    }
  }
}