{
  "description": "",
  "root": "resetVariablesTaskAction",
  "actions": {

    "resetVariablesTaskAction": {
      "module": "vb/action/builtin/resetVariablesAction",
      "parameters": {
        "variables": [
          "$page.variables.taskAction"
        ]
      },
      "outcomes": {
        "success": "callComponentDialogApproveClose"
      }
    },
    "callComponentDialogApproveClose": {
      "module": "vb/action/builtin/callComponentMethodAction",
      "parameters": {
        "component": "{{ document.getElementById('dialog-approve') }}",
        "method": "close"
      }
    }
  },
  "variables": {}
}