{
  "description": "",
  "root": "ifCurrAnnualPassageLine",
  "actions": {
    "fireDataProviderEventAddLine": {
      "module": "vb/action/builtin/fireDataProviderEventAction",
      "parameters": {
        "target": "[[ $page.variables.xxyasAnnualPassageLines ]]",
        "add": {
          "data": "{{ $page.variables.currAnnualPassageLine }}"
        }
      },
      "outcomes": {
        "success": "assignVariablesCurrAnnualPassageLine"
      }
    },
    "resetVariablesCurrAnnualPassageLine": {
      "module": "vb/action/builtin/resetVariablesAction",
      "parameters": {
        "variables": [
          "$page.variables.currAnnualPassageLine"
        ]
      },
      "outcomes": {
        "success": "callComponentSpouseOjDialogClose"
      }
    },
    "callComponentSpouseOjDialogClose": {
      "module": "vb/action/builtin/callComponentMethodAction",
      "parameters": {
        "component": "{{ document.getElementById('spouse-oj-dialog-817880489-1') }}",
        "method": "close"
      },
      "outcomes": {}
    },
    "ifCurrAnnualPassageLine": {
      "module": "vb/action/builtin/ifAction",
      "parameters": {
        "condition": "[[ !$application.functions.isEmpty($page.variables.currAnnualPassageLine.contactPersonId) ]]"
      },
      "outcomes": {
        "true": "fireDataProviderEventAddLine",
        "false": "resetVariablesCurrAnnualPassageLine"
      }
    },
    "assignVariablesCurrAnnualPassageLine": {
      "module": "vb/action/builtin/assignVariablesAction",
      "parameters": {
        "$page.variables.currAnnualPassageLine": {
          "source": {
            "mode": "CREATE"
          },
          "reset": "none",
          "auto": "always"
        }
      },
      "outcomes": {
        "success": "fireDataProviderEventXxyasAnnualPassageLinesDML"
      }
    },
    "fireDataProviderEventXxyasAnnualPassageLinesDML": {
      "module": "vb/action/builtin/fireDataProviderEventAction",
      "parameters": {
        "target": "[[ $page.variables.xxyasAnnualPassageLinesDML ]]",
        "add": {
          "data": "{{ $page.variables.currAnnualPassageLine }}"
        }
      },
      "outcomes": {
        "success": "resetVariablesCurrAnnualPassageLine"
      }
    }
  },
  "variables": {}
}