{
  "description": "",
  "root": "fireDataProviderEventXxyasAnnualPassageLines",
  "actions": {
    "fireDataProviderEventXxyasAnnualPassageLines": {
      "module": "vb/action/builtin/fireDataProviderEventAction",
      "parameters": {
        "target": "[[ $page.variables.xxyasAnnualPassageLines ]]",
        "update": {
          "data": "{{ $page.variables.currAnnualPassageLine }}"
        }
      },
      "outcomes": {
        "success": "assignVariablesCurrAnnualPassageLine"
      }
    },
    "resetVariablesCurrAnnualPassageLine": {
      "module": "vb/action/builtin/resetVariablesAction",
      "parameters": {
        "variables": [
          "$page.variables.currAnnualPassageLine",
          "$page.variables.v_ignoreValue"
        ]
      },
      "outcomes": {
        "success": "callComponentSpouseEditOjDialogClose"
      }
    },
    "callComponentSpouseEditOjDialogClose": {
      "module": "vb/action/builtin/callComponentMethodAction",
      "parameters": {
        "component": "{{ document.getElementById('spouse-edit-oj-dialog-817880489-1') }}",
        "method": "close"
      }
    },
    "assignVariablesCurrAnnualPassageLine": {
      "module": "vb/action/builtin/assignVariablesAction",
      "parameters": {
        "$page.variables.currAnnualPassageLine": {
          "source": {
            "mode": "{{ $page.variables.currAnnualPassageLine.annualPassageLId < 0 ? 'CREATE' : 'EDIT' }}"
          },
          "reset": "none",
          "auto": "always"
        }
      },
      "outcomes": {
        "success": "fireDataProviderEventXxyasAnnualPassageLinesDML"
      }
    },
    "fireDataProviderEventXxyasAnnualPassageLinesDML": {
      "module": "vb/action/builtin/fireDataProviderEventAction",
      "parameters": {
        "target": "[[ $page.variables.xxyasAnnualPassageLinesDML ]]",
        "update": {
          "data": "{{ $page.variables.currAnnualPassageLine }}"
        }
      },
      "outcomes": {
        "success": "resetVariablesCurrAnnualPassageLine"
      }
    }
  },
  "variables": {}
}