{
  "root": "callFunctionOpenSpinnerDialog",
  "description": "",
  "variables": {},
  "actions": {
    "callChainFetchSpouseInfo": {
      "module": "vb/action/builtin/callChainAction",
      "parameters": {
        "id": "FetchSpouseInfo",
        "params": {
          "p_personId": "{{ $flow.variables.xxyasUser.personId }}"
        }
      },
      "outcomes": {
        "success": "callChainFetchChildrenInfo"
      }
    },
    "callChainFetchChildrenInfo": {
      "module": "vb/action/builtin/callChainAction",
      "parameters": {
        "id": "FetchChildrenInfo",
        "params": {
          "p_personId": "{{ $flow.variables.xxyasUser.personId }}"
        }
      },
      "outcomes": {
        "success": "callChainCheckUpdatedTicketDueDate"
      }
    },
    "ifRequestType": {
      "module": "vb/action/builtin/ifAction",
      "parameters": {
        "condition": "[[ $page.variables.requestType === \"CREATE\" ]]"
      },
      "outcomes": {
        "true": "assignVariablesAnnualPassageRequest",
        "false": "callChainFetchAnnualPassageReq"
      }
    },
    "assignVariablesAnnualPassageRequest": {
      "module": "vb/action/builtin/assignVariablesAction",
      "parameters": {
        "$page.variables.annualPassageRequest": {
          "source": "{{ $flow.variables.xxyasUser }}",
          "auto": "always"
        }
      },
      "outcomes": {
        "success": "callChainFetchSpouseInfo"
      }
    },
    "callFunctionOpenSpinnerDialog": {
      "module": "vb/action/builtin/callModuleFunctionAction",
      "parameters": {
        "module": "[[ $application.functions ]]",
        "functionName": "openSpinnerDialog"
      },
      "outcomes": {
        "success": "ifRequestType"
      }
    },
    "callFunctionCloseSpinnerDialog": {
      "module": "vb/action/builtin/callModuleFunctionAction",
      "parameters": {
        "module": "[[ $application.functions ]]",
        "functionName": "closeSpinnerDialog"
      }
    },
    "callChainFetchTaskActions": {
      "module": "vb/action/builtin/callChainAction",
      "parameters": {
        "id": "FetchTaskActions"
      },
      "outcomes": {
        "success": "assignVariablesRequestType"
      }
    },
    "callChainFetchAnnualPassageReq": {
      "module": "vb/action/builtin/callChainAction",
      "parameters": {
        "id": "FetchAnnualPassageReq"
      },
      "outcomes": {
        "success": "callChainFetchAttachmentsMetadata"
      }
    },
    "callChainCheckUpdatedTicketDueDate": {
      "module": "vb/action/builtin/callChainAction",
      "parameters": {
        "id": "checkUpdatedTicketDueDate",
        "params": {
          "p_personId": "{{ $flow.variables.xxyasUser.personId }}",
          "p_ticketDueDate": "{{ $flow.variables.xxyasUser.ticketDueDate }}"
        }
      },
      "outcomes": {
        "success": "callChainCalcEmpEligibilty"
      }
    },
    "callChainCalcEmpEligibilty": {
      "module": "vb/action/builtin/callChainAction",
      "parameters": {
        "id": "calcEmpEligibilty",
        "params": {
          "ticketEligibility": "{{ $page.variables.annualPassageRequest.ticketEligibility }}"
        }
      },
      "outcomes": {
        "success": "callFunctionCloseSpinnerDialog"
      }
    },
    "assignVariablesRequestType": {
      "module": "vb/action/builtin/assignVariablesAction",
      "parameters": {
        "$page.variables.requestType": {
          "source": "{{ $page.variables.tasks.items.length > 0 && $page.variables.annualPassageRequest.currentStatus == 'REQ_FOR_INFO' ? 'EDIT' : $page.variables.requestType }}"
        }
      },
      "outcomes": {
        "success": "callChainCalcEmpEligibilty"
      }
    },
    "callChainFetchAttachmentsMetadata": {
      "module": "vb/action/builtin/callChainAction",
      "parameters": {
        "id": "fetchAttachmentsMetadata"
      },
      "outcomes": {
        "success": "callChainFetchTaskActions"
      }
    }
  }
}