{
  "description": "",
  "root": "ifXxyasEmpEligibilty",
  "actions": {
    "callFunctionOpenSpinnerDialog": {
      "module": "vb/action/builtin/callModuleFunctionAction",
      "parameters": {
        "module": "[[ $application.functions ]]",
        "functionName": "openSpinnerDialog"
      },
      "outcomes": {
        "success": "callRestGetXXYASEXTOTBIPROBATPERIOD1ProbationPeriod"
      }
    },
    "assignVariablesAnnualPassageRequest": {
      "module": "vb/action/builtin/assignVariablesAction",
      "parameters": {
        "$page.variables.annualPassageRequest": {
          "source": {
            "mode": "{{ $page.variables.requestType }}",
            "requestedBy": "{{ $flow.variables.xxyasUser.personId }}"
          },
          "reset": "none",
          "auto": "always"
        }
      },
      "outcomes": {
        "success": "assignVariablesXxyasAnnualPassageDML"
      }
    },
    "assignVariablesXxyasAnnualPassageDML": {
      "module": "vb/action/builtin/assignVariablesAction",
      "parameters": {
        "$page.variables.xxyasAnnualPassageDML": {
          "source": "{{ $page.variables.annualPassageRequest }}",
          "auto": "always",
          "mapping": {
            "$target.annualPassageLines": {
              "source": "$page.variables.xxyasAnnualPassageLinesDML.data",
              "reset": "empty"
            }
          }
        }
      },
      "outcomes": {
        "success": "callRestAnnualPassageDML"
      }
    },
    "fireNotification": {
      "module": "vb/action/builtin/fireNotificationEventAction",
      "parameters": {
        "target": "leaf",
        "summary": "[[ $chain.results.callRestAnnualPassageDML.message.summary ]]",
        "type": "error",
        "displayMode": "transient"
      },
      "outcomes": {
        "success": "return4"
      }
    },
    "callRestAnnualPassageDML": {
      "module": "vb/action/builtin/restAction",
      "parameters": {
        "endpoint": "ics/annualPassageDML",
        "body": {
          "XXYASAnnualPassage": "[[ $page.variables.xxyasAnnualPassageDML ]]"
        }
      },
      "outcomes": {
        "failure": "callFunctionCloseSpinnerDialog",
        "success": "if3"
      }
    },
    "callFunctionCloseSpinnerDialog": {
      "module": "vb/action/builtin/callModuleFunctionAction",
      "parameters": {
        "module": "[[ $application.functions ]]",
        "functionName": "closeSpinnerDialog"
      },
      "outcomes": {
        "success": "fireNotification"
      }
    },
    "if3": {
      "module": "vb/action/builtin/ifAction",
      "parameters": {
        "condition": "[[ $chain.results.callRestAnnualPassageDML.body.processingResult == 'SUCCESS' ]]"
      },
      "outcomes": {
        "true": "parseAnnualPassageReqJSON",
        "false": "callFunctionCloseSpinnerDialog2"
      }
    },
    "parseAnnualPassageReqJSON": {
      "module": "vb/action/builtin/callModuleFunctionAction",
      "parameters": {
        "module": "[[ $application.functions ]]",
        "functionName": "parseJSON",
        "params": [
          "{{ $chain.results.callRestAnnualPassageDML.body.XXYASAnnualPassageReq }}"
        ]
      },
      "outcomes": {
        "success": "parseAnnualPassageLinesJSON"
      }
    },
    "parseAnnualPassageLinesJSON": {
      "module": "vb/action/builtin/callModuleFunctionAction",
      "parameters": {
        "module": "[[ $application.functions ]]",
        "functionName": "parseJSON",
        "params": [
          "{{ $chain.results.callRestAnnualPassageDML.body.XXYASAnnualPasssageLines }}"
        ]
      },
      "outcomes": {
        "success": "if4"
      }
    },
    "callFunctionCloseSpinnerDialog2": {
      "module": "vb/action/builtin/callModuleFunctionAction",
      "parameters": {
        "module": "[[ $application.functions ]]",
        "functionName": "closeSpinnerDialog"
      },
      "outcomes": {
        "success": "fireNotification3"
      }
    },
    "fireNotification3": {
      "module": "vb/action/builtin/fireNotificationEventAction",
      "parameters": {
        "target": "leaf",
        "summary": "Error",
        "displayMode": "transient"
      },
      "outcomes": {
        "success": "return3"
      }
    },
    "if4": {
      "module": "vb/action/builtin/ifAction",
      "parameters": {
        "condition": "[[ $chain.results.parseAnnualPassageReqJSON.length > 0 ]]"
      },
      "outcomes": {
        "false": "callFunctionCloseSpinnerDialog3",
        "true": "assignVariablesAnnualPassageRequest3"
      }
    },
    "callFunctionCloseSpinnerDialog3": {
      "module": "vb/action/builtin/callModuleFunctionAction",
      "parameters": {
        "module": "[[ $application.functions ]]",
        "functionName": "closeSpinnerDialog"
      },
      "outcomes": {
        "success": "fireNotification4"
      }
    },
    "fireNotification4": {
      "module": "vb/action/builtin/fireNotificationEventAction",
      "parameters": {
        "target": "leaf",
        "summary": "Error",
        "displayMode": "transient"
      },
      "outcomes": {
        "success": "return2"
      }
    },
    "assignVariablesAnnualPassageRequest3": {
      "module": "vb/action/builtin/assignVariablesAction",
      "parameters": {
        "$page.variables.annualPassageRequest": {
          "source": "{{ $chain.results.parseAnnualPassageReqJSON[0] }}",
          "auto": "always"
        }
      },
      "outcomes": {
        "success": "assignVariablesRequestType"
      }
    },
    "assignVariablesRequestType": {
      "module": "vb/action/builtin/assignVariablesAction",
      "parameters": {
        "$page.variables.requestType": {
          "source": "{{ $page.variables.requestType != 'REVIEW' ? 'EDIT' : 'REVIEW' }}"
        },
        "$page.variables.annualPassageReqId": {
          "source": "{{ $page.variables.annualPassageRequest.annualPassageHId }}"
        }
      },
      "outcomes": {
        "success": "assignVariablesAnnualPassageRequestOriginal"
      }
    },
    "assignVariablesAnnualPassageRequestOriginal": {
      "module": "vb/action/builtin/assignVariablesAction",
      "parameters": {
        "$page.variables.annualPassageRequestOriginal": {
          "source": "{{ $chain.results.parseAnnualPassageReqJSON[0] }}",
          "auto": "always"
        }
      },
      "outcomes": {
        "success": "assignVariablesXxyasAnnualPassageLines"
      }
    },
    "assignVariablesXxyasAnnualPassageLines": {
      "module": "vb/action/builtin/assignVariablesAction",
      "parameters": {
        "$page.variables.xxyasAnnualPassageLines": {
          "source": {
            "data": "{{ $chain.results.parseAnnualPassageLinesJSON }}"
          },
          "reset": "none",
          "auto": "always",
          "mapping": {
            "$target.data": {
              "source": "$source.data",
              "reset": "empty"
            }
          }
        }
      },
      "outcomes": {
        "success": "assignVariablesXxyasAnnualPassageLinesOriginal"
      }
    },
    "assignVariablesXxyasAnnualPassageLinesOriginal": {
      "module": "vb/action/builtin/assignVariablesAction",
      "parameters": {
        "$page.variables.xxyasAnnualPassageLinesOriginal": {
          "source": "{{ $chain.results.parseAnnualPassageLinesJSON }}",
          "reset": "empty"
        }
      },
      "outcomes": {
        "success": "assignVariablesXxyasAnnualPassageLinesDML"
      }
    },
    "assignVariablesXxyasAnnualPassageLinesDML": {
      "module": "vb/action/builtin/assignVariablesAction",
      "parameters": {
        "$page.variables.xxyasAnnualPassageLinesDML": {
          "source": {
            "data": "{{ $chain.results.parseAnnualPassageLinesJSON }}"
          },
          "reset": "none",
          "auto": "always",
          "mapping": {
            "$target.data": {
              "source": "$source.data",
              "reset": "empty"
            }
          }
        }
      },
      "outcomes": {
        "success": "resetVariablesXxyasAnnualPassageDML"
      }
    },
    "resetVariablesXxyasAnnualPassageDML": {
      "module": "vb/action/builtin/resetVariablesAction",
      "parameters": {
        "variables": [
          "$page.variables.xxyasAnnualPassageDML"
        ]
      },
      "outcomes": {
        "success": "callChainSaveAttachments"
      }
    },
    "callFunctionCloseSpinnerDialog4": {
      "module": "vb/action/builtin/callModuleFunctionAction",
      "parameters": {
        "module": "[[ $application.functions ]]",
        "functionName": "closeSpinnerDialog"
      },
      "outcomes": {
        "success": "fireNotification5"
      }
    },
    "fireNotification5": {
      "module": "vb/action/builtin/fireNotificationEventAction",
      "parameters": {
        "target": "leaf",
        "summary": "Success",
        "message": "[[ 'Request Saved Successfully '+ $page.variables.annualPassageRequest.annualPassageHNo ]]",
        "type": "confirmation",
        "displayMode": "transient"
      },
      "outcomes": {
        "success": "return"
      }
    },
    "return": {
      "module": "vb/action/builtin/returnAction",
      "parameters": {
        "outcome": "success"
      }
    },
    "return2": {
      "module": "vb/action/builtin/returnAction",
      "parameters": {
        "outcome": "failure"
      }
    },
    "return3": {
      "module": "vb/action/builtin/returnAction",
      "parameters": {
        "outcome": "failure"
      }
    },
    "return4": {
      "module": "vb/action/builtin/returnAction",
      "parameters": {
        "outcome": "failure"
      }
    },
    "return5": {
      "module": "vb/action/builtin/returnAction",
      "parameters": {
        "outcome": "failure"
      }
    },
    "ifXxyasEmpEligibilty": {
      "module": "vb/action/builtin/ifAction",
      "parameters": {
        "condition": "[[ $page.variables.xxyasEmpEligibilty.staff != 0 ]]"
      },
      "outcomes": {
        "true": "ifAnnualPassageRequest",
        "false": "fireNotification6"
      }
    },
    "fireNotification6": {
      "module": "vb/action/builtin/fireNotificationEventAction",
      "parameters": {
        "target": "leaf",
        "summary": "Error",
        "displayMode": "transient",
        "message": "Employee is not eligible for Annual Passage"
      },
      "outcomes": {
        "success": "return6"
      }
    },
    "return6": {
      "module": "vb/action/builtin/returnAction",
      "parameters": {
        "outcome": "failure"
      }
    },
    "callChainCheckSubmittedAPAT": {
      "module": "vb/action/builtin/callChainAction",
      "parameters": {
        "id": "checkSubmittedAP_AT"
      },
      "outcomes": {
        "success": "if5"
      }
    },
    "if5": {
      "module": "vb/action/builtin/ifAction",
      "parameters": {
        "condition": "[[ $page.variables.xxyasAnnualPassageValidation.airTicketEncashmentCount == 0 &&  $page.variables.xxyasAnnualPassageValidation.annualPassageCount == 0 ]]"
      },
      "outcomes": {
        "true": "assignVariablesAnnualPassageRequest",
        "false": "fireNotification7"
      }
    },
    "fireNotification7": {
      "module": "vb/action/builtin/fireNotificationEventAction",
      "parameters": {
        "target": "leaf",
        "summary": "Error",
        "message": "Annual Passage or Air Ticket Encashment claim request is already in progress"
      },
      "outcomes": {
        "success": "callFunctionCloseSpinnerDialog5"
      }
    },
    "callFunctionCloseSpinnerDialog5": {
      "module": "vb/action/builtin/callModuleFunctionAction",
      "parameters": {
        "module": "[[ $application.functions ]]",
        "functionName": "closeSpinnerDialog"
      },
      "outcomes": {
        "success": "return7"
      }
    },
    "return7": {
      "module": "vb/action/builtin/returnAction",
      "parameters": {
        "outcome": "failure"
      }
    },
    "callChainSaveAttachments": {
      "module": "vb/action/builtin/callChainAction",
      "parameters": {
        "id": "saveAttachments"
      },
      "outcomes": {
        "success": "callFunctionCloseSpinnerDialog4"
      }
    },
    "validateEmpEligibltyFullReq": {
      "module": "vb/action/builtin/callModuleFunctionAction",
      "parameters": {
        "module": "[[ $application.functions ]]",
        "functionName": "validateEmpEligibltyFullReq",
        "params": [
          "{{ $page.variables.xxyasEmpEligibilty.spouse }}",
          "{{ $page.variables.xxyasEmpEligibilty.childs }}",
          "{{ $page.variables.xxyasAnnualPassageLines.data }}",
          "{{ $page.variables.xxyasChildrenADP.data }}",
          "{{ $page.variables.xxyasSpouseADP.data }}"
        ]
      },
      "outcomes": {
        "success": "callRestCheckVisaValidation"
      }
    },
    "return8": {
      "module": "vb/action/builtin/returnAction",
      "parameters": {
        "outcome": "failure"
      }
    },
    "fireNotification8": {
      "module": "vb/action/builtin/fireNotificationEventAction",
      "parameters": {
        "target": "leaf",
        "summary": "Error",
        "displayMode": "persist",
        "message": "[[familyMemberRef.data.familyMemberResult]]"
      }
    },
    "callFunctionOpenSpinnerDialog2": {
      "module": "vb/action/builtin/callModuleFunctionAction",
      "parameters": {
        "module": "[[ $application.functions ]]",
        "functionName": "openSpinnerDialog"
      },
      "outcomes": {
        "success": "validateEmpEligibltyFullReq"
      }
    },
    "callRestCheckVisaValidation": {
      "module": "vb/action/builtin/restAction",
      "parameters": {
        "endpoint": "ics/getXXYAS_EXT_OTBI_FAMIL_VISA_VALID1_0CheckVisaValidation",
        "uriParams": {
          "Person_Id": "{{ $page.variables.annualPassageRequest.personId }}"
        }
      },
      "outcomes": {
        "success": "FamilyVisaValidation"
      }
    },
    "callFunctionCloseSpinnerDialog6": {
      "module": "vb/action/builtin/callModuleFunctionAction",
      "parameters": {
        "module": "[[ $application.functions ]]",
        "functionName": "closeSpinnerDialog"
      },
      "outcomes": {
        "success": "if2"
      }
    },
    "FamilyVisaValidation": {
      "module": "vb/action/builtin/callModuleFunctionAction",
      "parameters": {
        "module": "[[ $flow.functions ]]",
        "functionName": "checkVisaValidation",
        "params": [
          "{{ $page.variables.xxyasAnnualPassageLines.data }}",
          "{{ $chain.results.callRestCheckVisaValidation.body.XXYASVisaValidation }}",
          "{{ $page.variables.annualPassageRequest.familyReturnDate }}",
          "{{ $page.variables.annualPassageRequest.passExpirationDate }}"
        ],
        "returnType": "object[]"
      },
      "outcomes": {
        "success": "callFunctionCloseSpinnerDialog6"
      }
    },
    "if2": {
      "module": "vb/action/builtin/ifAction",
      "parameters": {
        "condition": "[[ $chain.results.FamilyVisaValidation.length == 0 ]]"
      },
      "outcomes": {
        "false": "forEach",
        "true": "ifIsFormValid"
      }
    },
    "forEach": {
      "module": "vb/action/builtin/forEachAction",
      "parameters": {
        "items": "{{ Object.values($chain.results.FamilyVisaValidation) }}",
        "as": "familyMemberRef",
        "actionId": "fireNotification8"
      },
      "outcomes": {
        "success": "return8"
      }
    },
    "ifAnnualPassageRequest": {
      "module": "vb/action/builtin/ifAction",
      "parameters": {
        "condition": "[[ !$application.functions.isEmpty($page.variables.annualPassageRequest.processId) ]]"
      },
      "outcomes": {
        "false": "callFunctionOpenSpinnerDialog2",
        "true": "ifIsFormValid"
      }
    },
    "ifIsFormValid": {
      "module": "vb/action/builtin/ifAction",
      "parameters": {
        "condition": "[[ $application.functions.isFormValid('annual-passage-vg') ]]"
      },
      "outcomes": {
        "true": "callFunctionOpenSpinnerDialog",
        "false": "return5"
      }
    },
    "fireNotification2": {
      "module": "vb/action/builtin/fireNotificationEventAction",
      "parameters": {
        "target": "leaf",
        "summary": "[[ $chain.results.callRestGetXXYASEXTOTBIPROBATPERIOD1ProbationPeriod.message.summary ]]",
        "type": "error",
        "displayMode": "transient",
        "message": "Error While checking Probation Period, Please Contact the Administrator!."
      },
      "outcomes": {
        "success": "return10"
      }
    },
    "if": {
      "module": "vb/action/builtin/ifAction",
      "parameters": {
        "condition": "[[ $chain.results.callRestGetXXYASEXTOTBIPROBATPERIOD1ProbationPeriod.body.XXYASProbationPeriod.status == \"Completed\" ]]"
      },
      "outcomes": {
        "true": "callChainCheckSubmittedAPAT",
        "false": "callFunctionCloseSpinnerDialog7"
      }
    },
    "callFunctionClose": {
      "module": "vb/action/builtin/callModuleFunctionAction",
      "parameters": {
        "module": "[[ $functions ]]",
        "functionName": "close"
      },
      "outcomes": {
        "success": "fireNotification2"
      }
    },
    "callRestGetXXYASEXTOTBIPROBATPERIOD1ProbationPeriod": {
      "module": "vb/action/builtin/restAction",
      "parameters": {
        "endpoint": "ics/getXXYAS_EXT_OTBI_PROBAT_PERIOD1_0ProbationPeriod",
        "uriParams": {
          "Person_Id": "{{ $page.variables.annualPassageRequest.personId }}"
        }
      },
      "outcomes": {
        "failure": "callFunctionClose",
        "success": "if"
      }
    },
    "return9": {
      "module": "vb/action/builtin/returnAction",
      "parameters": {
        "outcome": "failure"
      }
    },
    "return10": {
      "module": "vb/action/builtin/returnAction",
      "parameters": {
        "outcome": "failure"
      }
    },
    "callFunctionCloseSpinnerDialog7": {
      "module": "vb/action/builtin/callModuleFunctionAction",
      "parameters": {
        "module": "[[ $application.functions ]]",
        "functionName": "closeSpinnerDialog"
      },
      "outcomes": {
        "success": "fireNotification10"
      }
    },
    "fireNotification10": {
      "module": "vb/action/builtin/fireNotificationEventAction",
      "parameters": {
        "target": "leaf",
        "displayMode": "transient",
        "summary": "Warning",
        "message": "Probation Period is not Completed, So the Employee is not eligible yet. Please Contact the Administrator!."
      },
      "outcomes": {
        "success": "return9"
      }
    }
  },
  "variables": {}
}