{
  "description": "",
  "root": "callFunctionOpenSpinnerDialog",
  "actions": {
    "callFunctionOpenSpinnerDialog": {
      "module": "vb/action/builtin/callModuleFunctionAction",
      "parameters": {
        "module": "[[ $application.functions ]]",
        "functionName": "openSpinnerDialog"
      },
      "outcomes": {
        "success": "callFunctionEnhanceAnnualPassageLines"
      }
    },
    "callChainCheckSubmittedAPAT": {
      "module": "vb/action/builtin/callChainAction",
      "parameters": {
        "id": "checkSubmittedAP_AT"
      },
      "outcomes": {
        "success": "if"
      }
    },
    "if": {
      "module": "vb/action/builtin/ifAction",
      "parameters": {
        "condition": "[[ $page.variables.xxyasAnnualPassageValidation.airTicketEncashmentCount == 0 && $page.variables.xxyasAnnualPassageValidation.annualPassageCount == 0 ]]"
      },
      "outcomes": {
        "false": "callFunctionCloseSpinnerDialog",
        "true": "assignVariablesAnnualPassageInstanceRequest"
      }
    },
    "callFunctionCloseSpinnerDialog": {
      "module": "vb/action/builtin/callModuleFunctionAction",
      "parameters": {
        "module": "[[ $application.functions ]]",
        "functionName": "closeSpinnerDialog"
      },
      "outcomes": {
        "success": "fireNotification"
      }
    },
    "fireNotification": {
      "module": "vb/action/builtin/fireNotificationEventAction",
      "parameters": {
        "target": "leaf",
        "message": "Annual Passage or Air Ticket Encashment claim request is already in progress",
        "summary": "Error",
        "displayMode": "transient"
      }
    },
    "fireNotification2": {
      "module": "vb/action/builtin/fireNotificationEventAction",
      "parameters": {
        "target": "leaf",
        "summary": "[[ $chain.results.startProcess.message.summary ]]",
        "type": "error",
        "displayMode": "persist"
      },
      "outcomes": {
        "success": "fireNotification3"
      }
    },
    "assignVariablesRequestType": {
      "module": "vb/action/builtin/assignVariablesAction",
      "parameters": {
        "$page.variables.requestType": {
          "source": "REVIEW"
        },
        "$page.variables.annualPassageRequest": {
          "source": {
            "currentStatus": "PENDING"
          },
          "reset": "none",
          "auto": "always"
        },
        "$page.variables.annualPassageRequestOriginal": {
          "source": {
            "currentStatus": "PENDING"
          },
          "reset": "none",
          "auto": "always"
        }
      },
      "outcomes": {
        "success": "callFunctionCloseSpinnerDialog2"
      }
    },
    "callFunctionCloseSpinnerDialog2": {
      "module": "vb/action/builtin/callModuleFunctionAction",
      "parameters": {
        "module": "[[ $application.functions ]]",
        "functionName": "closeSpinnerDialog"
      },
      "outcomes": {
        "success": "fireNotification4"
      }
    },
    "fireNotification4": {
      "module": "vb/action/builtin/fireNotificationEventAction",
      "parameters": {
        "target": "leaf",
        "summary": "Success",
        "message": "Request Submitted successfully",
        "displayMode": "transient",
        "type": "confirmation"
      }
    },
    "callFunctionCloseSpinnerDialog3": {
      "module": "vb/action/builtin/callModuleFunctionAction",
      "parameters": {
        "module": "[[ $application.functions ]]",
        "functionName": "closeSpinnerDialog"
      },
      "outcomes": {
        "success": "fireNotification2"
      }
    },
    "callFunctionEnhanceAnnualPassageLines": {
      "module": "vb/action/builtin/callModuleFunctionAction",
      "parameters": {
        "module": "[[ $flow.functions ]]",
        "functionName": "enhanceAnnualPassageLines",
        "params": [
          "{{ $page.variables.xxyasAnnualPassageLinesDML.data }}"
        ]
      },
      "outcomes": {
        "success": "callChainCheckSubmittedAPAT"
      }
    },
    "fireNotification3": {
      "module": "vb/action/builtin/fireNotificationEventAction",
      "parameters": {
        "target": "leaf",
        "summary": "[[ $chain.results.callRestCreateInstance.message.summary ]]",
        "type": "error",
        "displayMode": "persist"
      }
    },
    "callRestCreateInstance": {
      "module": "vb/action/builtin/restAction",
      "parameters": {
        "endpoint": "opa_AnnualPassage/createInstance",
        "body": "{{ $page.variables.annualPassageInstanceRequest }}"
      },
      "outcomes": {
        "success": "assignVariablesRequestType",
        "failure": "callFunctionCloseSpinnerDialog3"
      }
    },
    "assignVariablesAnnualPassageInstanceRequest": {
      "module": "vb/action/builtin/assignVariablesAction",
      "parameters": {
        "$page.variables.annualPassageInstanceRequest": {
          "source": {
            "dataObject": {
              "annualPassageRequest": "{{ $page.variables.annualPassageRequest }}"
            },
            "params": {
              "applicationName": "XXYASAnnualPassageApplication",
              "processName": "XXYASAnnualPassageProcess"
            }
          },
          "reset": "none",
          "auto": "always",
          "mapping": {
            "$target.dataObject": {
              "source": "$source.dataObject",
              "reset": "none",
              "auto": "always"
            },
            "$target.params": {
              "source": "$source.params",
              "reset": "none",
              "auto": "always"
            }
          }
        }
      },
      "outcomes": {
        "success": "callRestCreateInstance"
      }
    }
  },
  "variables": {}
}