{
  "description": "",
  "root": "ifTaskAction",
  "actions": {
    "ifTaskAction": {
      "module": "vb/action/builtin/ifAction",
      "parameters": {
        "condition": "[[ $page.variables.taskAction.title == 'APPROVE' ]]"
      },
      "outcomes": {
        "true": "ifTasks",
        "false": "if"
      }
    },
    "ifTasks": {
      "module": "vb/action/builtin/ifAction",
      "parameters": {
        "condition": "[[ $application.functions.isValidApprovalLevel($page.variables.tasks, 'Travel Desk Officer') ]]"
      },
      "outcomes": {
        "false": "ifTasks2",
        "true": "if2"
      }
    },
    "callChainPerformTaskActionChain": {
      "module": "vb/action/builtin/callChainAction",
      "parameters": {
        "id": "performTaskActionChain"
      },
      "outcomes": {
        "success": "resetVariablesApprovalComments"
      }
    },
    "resetVariablesApprovalComments": {
      "module": "vb/action/builtin/resetVariablesAction",
      "parameters": {
        "variables": [
          "$page.variables.approval_comments"
        ]
      },
      "outcomes": {}
    },
    "callChainPerformTaskActionChain2": {
      "module": "vb/action/builtin/callChainAction",
      "parameters": {
        "id": "performTaskActionChain"
      },
      "outcomes": {
        "success": "resetVariablesApprovalComments"
      }
    },
    "fireNotification": {
      "module": "vb/action/builtin/fireNotificationEventAction",
      "parameters": {
        "target": "leaf",
        "summary": "Error",
        "message": "Employee Ticket Amount is required",
        "displayMode": "transient"
      },
      "outcomes": {
        "success": "callComponentDialogApprovalClose"
      }
    },
    "callComponentDialogApprovalClose": {
      "module": "vb/action/builtin/callComponentMethodAction",
      "parameters": {
        "component": "{{ document.getElementById('dialog-approve') }}",
        "method": "close"
      },
      "outcomes": {
        "success": "resetVariablesApprovalComments"
      }
    },
    "ifXxyasAnnualPassageLines": {
      "module": "vb/action/builtin/ifAction",
      "parameters": {
        "condition": "[[ !$application.functions.isEmptyArrByKey($page.variables.xxyasAnnualPassageLines.data, 'contactTicketAmount') ]]"
      },
      "outcomes": {
        "false": "fireNotification3",
        "true": "ifXxyasAttachmentsADP"
      }
    },
    "fireNotification3": {
      "module": "vb/action/builtin/fireNotificationEventAction",
      "parameters": {
        "target": "leaf",
        "summary": "Error",
        "message": "Contacts Ticket Amount is required",
        "displayMode": "transient"
      },
      "outcomes": {
        "success": "callComponentDialogApprovalClose2"
      }
    },
    "callComponentDialogApprovalClose2": {
      "module": "vb/action/builtin/callComponentMethodAction",
      "parameters": {
        "component": "{{ document.getElementById('dialog-approve') }}",
        "method": "close"
      },
      "outcomes": {
        "success": "resetVariablesApprovalComments"
      }
    },
    "callChainSaveAnnualPassageAction": {
      "module": "vb/action/builtin/callChainAction",
      "parameters": {
        "id": "saveAnnualPassageAction"
      },
      "outcomes": {
        "success": "callChainPerformTaskActionChain3"
      }
    },
    "callChainPerformTaskActionChain3": {
      "module": "vb/action/builtin/callChainAction",
      "parameters": {
        "id": "performTaskActionChain"
      },
      "outcomes": {
        "success": "resetVariablesApprovalComments"
      }
    },
    "ifTaskAction3": {
      "module": "vb/action/builtin/ifAction",
      "parameters": {
        "condition": "[[ $page.variables.taskAction.title == 'SUBMIT' ]]"
      },
      "outcomes": {
        "false": "callChainPerformTaskActionChain",
        "true": "callChainSaveAnnualPassageAction2"
      }
    },
    "callChainSaveAnnualPassageAction2": {
      "module": "vb/action/builtin/callChainAction",
      "parameters": {
        "id": "saveAnnualPassageAction"
      },
      "outcomes": {
        "success": "callChainPerformTaskActionChain4"
      }
    },
    "callChainPerformTaskActionChain4": {
      "module": "vb/action/builtin/callChainAction",
      "parameters": {
        "id": "performTaskActionChain"
      },
      "outcomes": {
        "success": "resetVariablesApprovalComments"
      }
    },
    "ifXxyasAttachmentsADP": {
      "module": "vb/action/builtin/ifAction",
      "parameters": {
        "condition": "[[ $page.variables.xxyasAttachmentsADP.data.length != 0 ]]"
      },
      "outcomes": {
        "true": "callChainSaveAnnualPassageAction",
        "false": "fireNotification4"
      }
    },
    "fireNotification4": {
      "module": "vb/action/builtin/fireNotificationEventAction",
      "parameters": {
        "target": "leaf",
        "summary": "Error",
        "message": "You need to upload at least one attachment!",
        "displayMode": "transient"
      },
      "outcomes": {
        "success": "callComponentDialogApprovalClose3"
      }
    },
    "callComponentDialogApprovalClose3": {
      "module": "vb/action/builtin/callComponentMethodAction",
      "parameters": {
        "component": "{{ document.getElementById('dialog-approve') }}",
        "method": "close"
      },
      "outcomes": {
        "success": "resetVariablesApprovalComments"
      }
    },
    "if": {
      "module": "vb/action/builtin/ifAction",
      "parameters": {
        "condition": "[[ $page.variables.taskAction.title == 'REJECT' || $page.variables.taskAction.title == 'REQ_FOR_INFO' ]]"
      },
      "outcomes": {
        "false": "ifTaskAction3",
        "true": "callFunctionOpenSpinnerDialogR"
      }
    },
    "if2": {
      "module": "vb/action/builtin/ifAction",
      "parameters": {
        "condition": "[[ !$application.functions.isEmpty( $page.variables.annualPassageRequest.empTicketAmount ) || $page.variables.annualPassageRequest.empTicketAmount == 0 ]]"
      },
      "outcomes": {
        "false": "fireNotification",
        "true": "ifXxyasAnnualPassageLines"
      }
    },
    "callChainSaveAnnualPassageAction3": {
      "module": "vb/action/builtin/callChainAction",
      "parameters": {
        "id": "saveAnnualPassageAction"
      },
      "outcomes": {
        "success": "callChainPerformTaskActionChain2"
      }
    },
    "ifTasks2": {
      "module": "vb/action/builtin/ifAction",
      "parameters": {
        "condition": "[[ $application.functions.isValidApprovalLevelSwimLane($page.variables.tasks, \"HR Officer\",1) ]]"
      },
      "outcomes": {
        "true": "callChainSaveAnnualPassageAction3",
        "false": "callChainPerformTaskActionChain2"
      }
    },
    "callFunctionOpenSpinnerDialogR": {
      "module": "vb/action/builtin/callModuleFunctionAction",
      "parameters": {
        "module": "[[ $application.functions ]]",
        "functionName": "openSpinnerDialog"
      },
      "outcomes": {
        "success": "assignVariablesXxyasApprovalLineR"
      }
    },
    "assignVariablesXxyasApprovalLineR": {
      "module": "vb/action/builtin/assignVariablesAction",
      "parameters": {
        "$page.variables.xxyasApprovalLine": {
          "source": {
            "approvalComments": "{{ $page.variables.approval_comments }}",
            "mode": "EDIT",
            "requestLineId": "{{ $application.functions.splitStringFromProcesInstance($page.variables.tasks.items[0].description).lineId }}"
          },
          "reset": "none",
          "auto": "always"
        }
      },
      "outcomes": {
        "success": "callRestApprovalLinesDMLR"
      }
    },
    "fireNotificationR": {
      "module": "vb/action/builtin/fireNotificationEventAction",
      "parameters": {
        "target": "leaf",
        "summary": "[[ $chain.results.callRestApprovalLinesDML.message.summary ]]",
        "type": "error",
        "displayMode": "persist"
      }
    },
    "callRestApprovalLinesDMLR": {
      "module": "vb/action/builtin/restAction",
      "parameters": {
        "endpoint": "ics/approvalLinesDML",
        "body": {
          "XXYASApprovalLine": "[[ $page.variables.xxyasApprovalLine ]]"
        }
      },
      "outcomes": {
        "failure": "callFunctionCloseSpinnerDialogR",
        "success": "callFunctionCloseSpinnerDialog2R"
      }
    },
    "callFunctionCloseSpinnerDialogR": {
      "module": "vb/action/builtin/callModuleFunctionAction",
      "parameters": {
        "module": "[[ $application.functions ]]",
        "functionName": "closeSpinnerDialog"
      },
      "outcomes": {
        "success": "fireNotificationR"
      }
    },
    "callChainPerformTaskActionChainR": {
      "module": "vb/action/builtin/callChainAction",
      "parameters": {
        "id": "performTaskActionChain"
      },
      "outcomes": {
        "success": "resetVariablesApprovalComments"
      }
    },
    "callFunctionCloseSpinnerDialog2R": {
      "module": "vb/action/builtin/callModuleFunctionAction",
      "parameters": {
        "module": "[[ $application.functions ]]",
        "functionName": "closeSpinnerDialog"
      },
      "outcomes": {
        "success": "callChainPerformTaskActionChainR"
      }
    }
  },
  "variables": {}
}