{
  "title": "",
  "description": "",
  "variables": {
    "airTicketProcessInstance": {
      "type": "airTicketProcessInstanceType"
    },
    "approval_comments": {
      "type": "string"
    },
    "currAirTicketLine": {
      "type": "flow:XXYASAirTicketLine"
    },
    "gETSSAPPROVALHISTORYListSDP": {
      "type": "vb/ServiceDataProvider",
      "defaultValue": {
        "endpoint": "ics/GET_SS_APPROVAL_HISTORY",
        "keyAttributes": "seq_id",
        "itemsPath": "",
        "responseType": "gETSSAPPROVALHISTORYResponse",
        "uriParameters": {
          "p_module_name": "AIR_TICKET_ENCASHMENT",
          "p_module_req_id": "{{ $variables.xxyasAirTicketReq.airTicketReqId }}"
        }
      }
    },
    "isPageLoading": {
      "type": "string"
    },
    "p_airTicketReqId": {
      "type": "string",
      "input": "fromUrl"
    },
    "p_processId": {
      "type": "string",
      "input": "fromUrl"
    },
    "p_requestType": {
      "type": "string",
      "required": true,
      "input": "fromUrl"
    },
    "taskAction": {
      "type": {
        "actionCode": "string",
        "actionId": "string",
        "taskId": "string"
      }
    },
    "taskCompleteVar": {
      "type": "flow:TaskComplete"
    },
    "tasks": {
      "type": "flow:TaskCollection"
    },
    "updateTaskDetailsReq": {
      "type": "application:updateApprovalTaskDetailsReqType"
    },
    "v_airTicketLineId": {
      "type": "number",
      "defaultValue": 0
    },
    "v_ignoreValue": {
      "type": "string"
    },
    "xxyasAirTicketDML": {
      "type": "flow:airTicketDML"
    },
    "xxyasAirTicketLines": {
      "type": "vb/ArrayDataProvider2",
      "defaultValue": {
        "itemType": "flow:XXYASAirTicketLine",
        "keyAttributes": "airTicketLineId"
      }
    },
    "xxyasAirTicketLinesDML": {
      "type": "vb/ArrayDataProvider2",
      "defaultValue": {
        "itemType": "flow:XXYASAirTicketLine",
        "keyAttributes": "airTicketLineId"
      }
    },
    "xxyasAirTicketLinesOriginal": {
      "type": "flow:XXYASAirTicketLine[]"
    },
    "xxyasAirTicketReq": {
      "type": "flow:XXYASAirTicketReq"
    },
    "xxyasAirTicketReqOriginal": {
      "type": "flow:XXYASAirTicketReq"
    },
    "xxyasAirTicketValidation": {
      "type": {
        "airTicketEncashmentCount": "number",
        "annualPassageCount": "number"
      }
    },
    "xxyasApprovalLine": {
      "type": {
        "approvalComments": "string",
        "approvalLevel": "string",
        "mode": "string",
        "requestId": "string",
        "requestLineId": "string",
        "status": "string"
      }
    },
    "xxyasAttachmentsADP": {
      "type": "vb/ArrayDataProvider2",
      "defaultValue": {
        "itemType": "application:XXYASAttachment",
        "keyAttributes": "uploadedFileName"
      }
    },
    "xxyasAttachmentsOriginal": {
      "type": "application:XXYASAttachment[]"
    },
    "xxyasChildADP": {
      "type": "vb/ArrayDataProvider2",
      "defaultValue": {
        "itemType": "application:XXYASContact",
        "keyAttributes": "contactPersonId"
      }
    },
    "xxyasEmpEligibilty": {
      "type": "application:XXYASEmpEligibilty"
    },
    "xxyasEmployeesADP": {
      "type": "vb/ArrayDataProvider2",
      "defaultValue": {
        "itemType": "application:XXYASUser",
        "keyAttributes": "personId"
      }
    },
    "xxyasEmployeeSearchCriteria": {
      "type": "application:XXYASPersonSearchCriteria"
    },
    "xxyasSelectedEmployee": {
      "type": "application:XXYASUser"
    },
    "xxyasSpouseADP": {
      "type": "vb/ArrayDataProvider2",
      "defaultValue": {
        "itemType": "application:XXYASContact",
        "keyAttributes": "contactPersonId"
      }
    }

  },
  "metadata": {},
  "types": {
    "@decorators.airTicketProcessInstanceType": {
      "endpoint": "createInstance",
      "service": "opa_AirTicket",
      "path": "request"
    },
    "@decorators.gETSSAPPROVALHISTORYResponse": {
      "endpoint": "GET_SS_APPROVAL_HISTORY",
      "service": "ics",
      "path": "response"
    },
    "airTicketProcessInstanceType": {
      "dataObject": {
        "airTicketEncashmentRequest": {
          "airTicketLines": [
            {
              "airTicketLineId": "string",
              "airTicketReqId": "string",
              "attribute1": "string",
              "attribute10": "string",
              "attribute2": "string",
              "attribute3": "string",
              "attribute4": "string",
              "attribute5": "string",
              "attribute6": "string",
              "attribute7": "string",
              "attribute8": "string",
              "attribute9": "string",
              "concatRelationship": "string",
              "contactDob": "string",
              "contactName": "string",
              "contactPersonId": "string",
              "contactTicketAmount": "string",
              "remarks": "string"
            }
          ],
          "airTicketReqId": "string",
          "airTicketReqNo": "string",
          "approvalLevel": "string",
          "approvedBy": "string",
          "attribute1": "string",
          "attribute10": "string",
          "attribute2": "string",
          "attribute3": "string",
          "attribute4": "string",
          "attribute5": "string",
          "attribute6": "string",
          "attribute7": "string",
          "attribute8": "string",
          "attribute9": "string",
          "birthDate": "string",
          "businessUnit": "string",
          "currentStatus": "string",
          "currentStatusValue": "string",
          "dueDate": "string",
          "employeeTicketAmount": "string",
          "fullName": "string",
          "gradeName": "string",
          "hireDate": "string",
          "homeTownAirname": "string",
          "justification": "string",
          "legalEntityId": "string",
          "legalEntityName": "string",
          "nationality": "string",
          "organization": "string",
          "organizationId": "string",
          "passExpirationDate": "string",
          "passportNumber": "string",
          "personId": "string",
          "personNumber": "string",
          "processId": "string",
          "reason": "string",
          "remarks": "string",
          "requestedBy": "string",
          "requester": "string",
          "requesterId": "number",
          "requesterName": "string",
          "requesterRole": "string",
          "requesterUserName": "string",
          "salaryBasis": "string",
          "ticketClass": "string",
          "ticketDueDate": "string",
          "ticketEligibility": "string",
          "ticketType": "string",
          "userId": "string",
          "userName": "string"
        }
      },
      "params": {
        "applicationName": "string",
        "applicationVersion": "string",
        "processDefinitionId": "string",
        "processDefinitionKey": "string",
        "processName": "string"
      }
    },
    "gETSSAPPROVALHISTORYResponse": [
      {
        "approval_comments": "string",
        "approval_level": "string",
        "approved_date": "string",
        "confirmed_by": "string",
        "request_id": "string",
        "seq_id": "string",
        "status": "string"
      }
    ]
  },
  "chains": {

  },
  "eventListeners": {
    "aTCHILDNAMEValue": {
      "chains": [
        {
          "chainId": "updateChildInfoValueChange",
          "parameters": {
            "value": "{{ $event.detail.value }}"
          }
        }
      ]
    },
    "aTSPOUSENAMEValue": {
      "chains": [
        {
          "chainId": "updateSpouseInfoValueChange",
          "parameters": {
            "value": "{{ $event.detail.value }}"
          }
        }
      ]
    },
    "ojButtonCancelCustomerNamePopupOjAction": {
      "chains": [
        {
          "chainId": "NoButtonApprovalDialogActionChain"
        }
      ]
    },
    "ojButtonCancelCustomerNamePopupOjAction2": {
      "chains": [
        {
          "chainId": "NoButtonUnsavedDialogAction"
        }
      ]
    },
    "ojButtonCancelPopupOjAction": {
      "chains": [
        {
          "chainId": "CancelButtonRejectDialogActionChain"
        }
      ]
    },
    "ojButtonOjAction": {
      "chains": [
        {
          "chainId": "NewChildActionChain"
        }
      ]
    },
    "ojButtonOjAction10": {
      "chains": [
        {
          "chainId": "saveAirTicketAction"
        }
      ]
    },
    "ojButtonOjAction11": {
      "chains": [
        {
          "chainId": "CancelEditSpouseDialogActionChain"
        }
      ]
    },
    "ojButtonOjAction12": {
      "chains": [
        {
          "chainId": "OkEditSpouseDialogActionChain"
        }
      ]
    },
    "ojButtonOjAction13": {
      "chains": [
        {
          "chainId": "DeleteContactActionChain",
          "parameters": {
            "key": "{{ $current.key }}",
            "index": "{{ $current.index }}",
            "current": "{{ $current }}"
          }
        }
      ]
    },
    "ojButtonOjAction14": {
      "chains": [
        {
          "chainId": "BackActionChain"
        }
      ]
    },
    "ojButtonOjAction15": {
      "chains": [
        {
          "chainId": "removeFile",
          "parameters": {
            "key": "{{ $current.key }}",
            "index": "{{ $current.index }}",
            "current": "{{ $current }}"
          }
        }
      ]
    },
    "ojButtonOjAction16": {
      "chains": [
        {
          "chainId": "downloadAttachment",
          "parameters": {
            "key": "{{ $current.key }}",
            "index": "{{ $current.index }}",
            "current": "{{ $current }}"
          }
        }
      ]
    },
    "ojButtonOjAction17": {
      "chains": [
        {
          "chainId": "SubmitRequestActionChain"
        }
      ]
    },
    "ojButtonOjAction18": {
      "chains": [
        {
          "chainId": "taskButtonActionChain",
          "parameters": {
            "actionCode": "{{ $current.data.title}}",
            "actionId": "{{ $current.data.title}}",
            "taskId": "{{ $variables.tasks.items[0].id }}"
          }
        }
      ]
    },
    "ojButtonOjAction19": {
      "chains": [
        {
          "chainId": "SearchButtonEmployeesPopupActionChain"
        }
      ]
    },
    "ojButtonOjAction2": {
      "chains": [
        {
          "chainId": "CancelNewChildDialogActionChain"
        }
      ]
    },
    "ojButtonOjAction20": {
      "chains": [
        {
          "chainId": "resetEmployeeSearchActionChain"
        }
      ]
    },
    "ojButtonOjAction21": {
      "chains": [
        {
          "chainId": "EmployeeDialogOKButtonActionChain"
        }
      ]
    },
    "ojButtonOjAction22": {
      "chains": [
        {
          "chainId": "CancelButtonEmployeeSearchPopupActionChain"
        }
      ]
    },
    "ojButtonOjAction23": {
      "chains": [
        {
          "chainId": "ButtonActionChain"
        }
      ]
    },
    "ojButtonOjAction3": {
      "chains": [
        {
          "chainId": "OkNewChildDialogAction"
        }
      ]
    },
    "ojButtonOjAction4": {
      "chains": [
        {
          "chainId": "NewSpouseActionChain"
        }
      ]
    },
    "ojButtonOjAction5": {
      "chains": [
        {
          "chainId": "CancelNewSpouseDialogActionChain"
        }
      ]
    },
    "ojButtonOjAction6": {
      "chains": [
        {
          "chainId": "OkNewSpouseDialogActionChain"
        }
      ]
    },
    "ojButtonOjAction7": {
      "chains": [
        {
          "chainId": "editBTNTableActionChain",
          "parameters": {
            "key": "{{ $current.key }}",
            "index": "{{ $current.index }}",
            "current": "{{ $current }}"
          }
        }
      ]
    },
    "ojButtonOjAction8": {
      "chains": [
        {
          "chainId": "CancelEditChildDialogActionChain"
        }
      ]
    },
    "ojButtonOjAction9": {
      "chains": [
        {
          "chainId": "OkEditChildDialogActionChain"
        }
      ]
    },
    "ojButtonOkCustomerNamePopupOjAction": {
      "chains": [
        {
          "chainId": "YesButtonApprovalDialogActionChain"
        }
      ]
    },
    "ojButtonOkCustomerNamePopupOjAction2": {
      "chains": [
        {
          "chainId": "YesButtonUnsavedDialogAction"
        }
      ]
    },
    "ojButtonRejectPopupOjAction": {
      "chains": [
        {
          "chainId": "RejectButtonActionChain"
        }
      ]
    },
    "ojFilePickerOjSelect": {
      "chains": [
        {
          "chainId": "uploadFiles",
          "parameters": {
            "files": "[[ Array.prototype.slice.call($event.detail.files) ]]"
          }
        }
      ]
    },
    "ojTableDblclick": {
      "chains": [
        {
          "chainId": "EmployeesPopupTableDblclickChain"
        }
      ]
    },
    "ojTableFirstSelectedRow": {
      "chains": [
        {
          "chainId": "EmployeeTableFSRChangeChain",
          "parameters": {
            "rowKey": "{{$event.detail.value.key}}",
            "rowData": "{{$event.detail.value.data}}"
          }
        }
      ]
    },
    "spanClick": {
      "chains": [
        {
          "chainId": "employeeNameOpenDialogClickChain"
        }
      ]
    },
    "vbEnter": {
      "chains": [
        {
          "chainId": "onPageLoad",
          "parameters": {}
        }
      ]
    }

  },
  "imports": {
    "components": {
      "oj-button": {
        "path": "ojs/ojbutton"
      },
      "oj-collapsible": {
        "path": "ojs/ojcollapsible"
      },
      "oj-combobox-one": {
        "path": "ojs/ojselectcombobox"
      },
      "oj-dialog": {
        "path": "ojs/ojdialog"
      },
      "oj-file-picker": {
        "path": "ojs/ojfilepicker"
      },
      "oj-form-layout": {
        "path": "ojs/ojformlayout"
      },
      "oj-input-date": {
        "path": "ojs/ojdatetimepicker"
      },
      "oj-input-number": {
        "path": "ojs/ojinputnumber"
      },
      "oj-input-text": {
        "path": "ojs/ojinputtext"
      },
      "oj-label": {
        "path": "ojs/ojlabel"
      },
      "oj-list-view": {
        "path": "ojs/ojlistview"
      },
      "oj-table": {
        "path": "ojs/ojtable"
      },
      "oj-text-area": {
        "path": "ojs/ojinputtext"
      },
      "oj-toolbar": {
        "path": "ojs/ojtoolbar"
      },
      "oj-validation-group": {
        "path": "ojs/ojvalidationgroup"
      },
      "oj-vb-list-item": {
        "path": "vb/components/list-item/loader"
      }

    },
    "modules": {
      "ojValidationBase": {
        "path": "ojs/ojvalidation-base"
      },
      "ojValidationDateTime": {
        "path": "ojs/ojvalidation-datetime"
      }

    }
  }
}