{
  "title": "",
  "description": "",
  "variables": {
    "xx_processId": {
      "type": "string"
    },
    "xx_requestAuditTraffic": {
      "type": "string"
    },
    "xx_requestStatus": {
      "type": "string"
    },
    "xxyasAirTicketDML": {
      "type": "flow:airTicketDML"
    },
    "xxyasAirTicketReq": {
      "type": "vb/ArrayDataProvider2",
      "defaultValue": {
        "itemType": "flow:XXYASAirTicketReq",
        "keyAttributes": "airTicketReqId"
      }
    },
    "xxyasApprovalHistoryADP": {
      "type": "vb/ArrayDataProvider2",
      "defaultValue": {
        "itemType": "application:XXYASApprovalHistory",
        "keyAttributes": "requestLineId"
      }
    },
    "xxyasSearchCriteria": {
      "type": {
        "airTicketReqNo": "string",
        "approvalStatus": "string",
        "fullName": "string",
        "personNumber": "string"
      }
    }

  },
  "metadata": {},
  "types": {},
  "chains": {

  },
  "eventListeners": {
    "aClick": {
      "chains": [
        {
          "chainId": "reviewAirTicketHyperlinkClickChain",
          "parameters": {
            "key": "{{ $current.key }}",
            "index": "{{ $current.index }}",
            "current": "{{ $current }}"
          }
        }
      ]
    },
    "buttonAction": {
      "chains": [
        {
          "chainId": "WorkflowDetailsButtonActionChain",
          "parameters": {
            "key": "{{ $current.key }}",
            "index": "{{ $current.index }}",
            "current": "{{ $current }}"
          }
        }
      ]
    },
    "buttonAction2": {
      "chains": [
        {
          "chainId": "RequestCommentsButtonActionChain"
        }
      ]
    },
    "ojButtonOjAction": {
      "chains": [
        {
          "chainId": "newRequestActionChain"
        }
      ]
    },
    "ojButtonOjAction2": {
      "chains": [
        {
          "chainId": "resetSearchCriteriaAction"
        }
      ]
    },
    "ojButtonOjAction3": {
      "chains": [
        {
          "chainId": "searchAirTicketActionChain"
        }
      ]
    },
    "ojButtonOjAction4": {
      "chains": [
        {
          "chainId": "editAirTicketAction",
          "parameters": {
            "key": "{{ $current.key }}",
            "index": "{{ $current.index }}",
            "current": "{{ $current }}"
          }
        }
      ]
    },
    "ojButtonOjAction5": {
      "chains": [
        {
          "chainId": "DeleteRequestButtonActionChain",
          "parameters": {
            "key": "{{ $current.key }}",
            "index": "{{ $current.index }}",
            "current": "{{ $current }}"
          }
        }
      ]
    },
    "ojButtonOjAction6": {
      "chains": [
        {
          "chainId": "exportButtonActionChain"
        }
      ]
    },
    "ojButtonOjAction7": {
      "chains": [
        {
          "chainId": "fetchAssignees",
          "parameters": {
            "key": "{{ $current.key }}",
            "index": "{{ $current.index }}",
            "current": "{{ $current }}",
            "processId": "{{ $current.row.processId }}"
          }
        }
      ]
    }

  },
  "imports": {
    "components": {
      "oj-button": {
        "path": "ojs/ojbutton"
      },
      "oj-collapsible": {
        "path": "ojs/ojcollapsible"
      },
      "oj-combobox-one": {
        "path": "ojs/ojselectcombobox"
      },
      "oj-dialog": {
        "path": "ojs/ojdialog"
      },
      "oj-form-layout": {
        "path": "ojs/ojformlayout"
      },
      "oj-input-date": {
        "path": "ojs/ojdatetimepicker"
      },
      "oj-input-date-time": {
        "path": "ojs/ojdatetimepicker"
      },
      "oj-input-text": {
        "path": "ojs/ojinputtext"
      },
      "oj-label-value": {
        "path": "ojs/ojlabelvalue"
      },
      "oj-popup": {
        "path": "ojs/ojpopup"
      },
      "oj-table": {
        "path": "ojs/ojtable"
      },
      "oj-text-area": {
        "path": "ojs/ojinputtext"
      },
      "oj-toolbar": {
        "path": "ojs/ojtoolbar"
      },
      "oj-validation-group": {
        "path": "ojs/ojvalidationgroup"
      }

    },
    "modules": {
      "ojValidationDateTime": {
        "path": "ojs/ojvalidation-datetime"
      }
    }
  }
}