{
  "root": "callFunctionOpenSpinnerDialog",
  "description": "",
  "variables": {},
  "actions": {
    "callFunctionOpenSpinnerDialog": {
      "module": "vb/action/builtin/callModuleFunctionAction",
      "parameters": {
        "module": "[[ $application.functions ]]",
        "functionName": "openSpinnerDialog"
      },
      "outcomes": {
        "success": "runInParallel"
      }
    },
    "runInParallel": {
      "module": "vb/action/builtin/forkAction",
      "parameters": {
        "actions": {
          "callRest": "callRestGetAORTypes",
          "GetLovDataCallRest": "getYearLookupCallRest",
          "getCurrencyCallRest": "getCurrencyCallRest",
          "getPersonInfoCallRest": "getPersonInfoCallRest",
          "getAppCallRest": "getAppCallRest"
        }
      },
      "outcomes": {
        "join": "CheckEmpAORResponsipilty"
      }
    },
    "callFunctionCloseSpinnerDialog": {
      "module": "vb/action/builtin/callModuleFunctionAction",
      "parameters": {
        "module": "[[ $application.functions ]]",
        "functionName": "closeSpinnerDialog"
      }
    },
    "fireNotification": {
      "module": "vb/action/builtin/fireNotificationEventAction",
      "parameters": {
        "target": "leaf",
        "summary": "[[ $chain.results.getYearLookupCallRest.message.summary ]]",
        "type": "error",
        "displayMode": "persist"
      }
    },
    "parseYearJSON": {
      "module": "vb/action/builtin/callModuleFunctionAction",
      "parameters": {
        "module": "[[ $application.functions ]]",
        "functionName": "parseJSON",
        "params": [
          "{{ $chain.results.getYearLookupCallRest.body.XxLOVResult }}"
        ]
      },
      "outcomes": {
        "success": "assignVariablesXxyasYearADP"
      }
    },
    "assignVariablesXxyasYearADP": {
      "module": "vb/action/builtin/assignVariablesAction",
      "parameters": {
        "$flow.variables.xxyasYearADP": {
          "source": {
            "data": "{{ $chain.results.parseYearJSON }}"
          },
          "reset": "none",
          "auto": "always",
          "mapping": {
            "$target.data": {
              "source": "$source.data",
              "reset": "empty"
            }
          }
        }
      }
    },
    "fireNotification2": {
      "module": "vb/action/builtin/fireNotificationEventAction",
      "parameters": {
        "target": "leaf",
        "summary": "[[ $chain.results.getCurrencyCallRest.message.summary ]]",
        "type": "error",
        "displayMode": "persist"
      }
    },
    "getYearLookupCallRest": {
      "module": "vb/action/builtin/restAction",
      "parameters": {
        "endpoint": "ics/postXXYAS_COMMON_LOV1_0GetLovData",
        "uriParams": {
          "lovName": "YAS_LOOKUP_LOV"
        },
        "body": {
          "XxLOVParameters": [
            {
              "parameter": "YHL_EDU_ALLW_YEAR"
            }
          ]
        }
      },
      "outcomes": {
        "failure": "fireNotification",
        "success": "parseYearJSON"
      }
    },
    "getCurrencyCallRest": {
      "module": "vb/action/builtin/restAction",
      "parameters": {
        "endpoint": "ics/postXXYAS_COMMON_LOV1_0GetLovData",
        "uriParams": {
          "lovName": "YAS_CURRENCY"
        },
        "body": {
          "XxLOVParameters": [
            {
              "parameter": ""
            }
          ]
        }
      },
      "outcomes": {
        "failure": "fireNotification2",
        "success": "parseCurrencyJSON"
      }
    },
    "parseCurrencyJSON": {
      "module": "vb/action/builtin/callModuleFunctionAction",
      "parameters": {
        "module": "[[ $application.functions ]]",
        "functionName": "parseJSON",
        "params": [
          "{{ $chain.results.getCurrencyCallRest.body.XxLOVResult }}"
        ]
      },
      "outcomes": {
        "success": "assignVariablesXxyasCurrencyADP"
      }
    },
    "assignVariablesXxyasCurrencyADP": {
      "module": "vb/action/builtin/assignVariablesAction",
      "parameters": {
        "$flow.variables.xxyasCurrencyADP": {
          "source": {
            "data": "{{ $chain.results.parseCurrencyJSON }}"
          },
          "reset": "none",
          "auto": "always",
          "mapping": {
            "$target.data": {
              "source": "$source.data",
              "reset": "empty"
            }
          }
        }
      }
    },
    "fireNotification3": {
      "module": "vb/action/builtin/fireNotificationEventAction",
      "parameters": {
        "target": "leaf",
        "summary": "[[ $chain.results.getPersonInfoCallRest.message.summary ]]",
        "type": "error",
        "displayMode": "persist"
      }
    },
    "parsePersonInfoJSON": {
      "module": "vb/action/builtin/callModuleFunctionAction",
      "parameters": {
        "module": "[[ $application.functions ]]",
        "functionName": "parseJSON",
        "params": [
          "{{ $chain.results.getPersonInfoCallRest.body.XxLOVResult }}"
        ]
      },
      "outcomes": {
        "success": "assignVariablesXxyasUser"
      }
    },
    "getPersonInfoCallRest": {
      "module": "vb/action/builtin/restAction",
      "parameters": {
        "endpoint": "ics/postXXYAS_COMMON_LOV1_0GetLovData",
        "uriParams": {
          "lovName": "YAS_PERSON_INFO"
        },
        "body": {
          "XxLOVParameters": [
            {
              "parameter": ""
            },
            {
              "parameter": ""
            },
            {
              "parameter": "[[$application.user.username]]"
            },
            {
              "parameter": ""
            }
          ]
        }
      },
      "outcomes": {
        "failure": "fireNotification3",
        "success": "parsePersonInfoJSON"
      }
    },
    "assignVariablesXxyasUser": {
      "module": "vb/action/builtin/assignVariablesAction",
      "parameters": {
        "$flow.variables.xxyasUser": {
          "source": "{{ $chain.results.parsePersonInfoJSON.length>0?$chain.results.parsePersonInfoJSON[0]:{} }}",
          "auto": "always"
        }
      },
      "outcomes": {
        "success": "personNumber"
      }
    },
    "fireNotification4": {
      "module": "vb/action/builtin/fireNotificationEventAction",
      "parameters": {
        "target": "leaf",
        "summary": "[[ $chain.results.getAppCallRest.message.summary ]]",
        "type": "error",
        "displayMode": "persist"
      }
    },
    "getAppCallRest": {
      "module": "vb/action/builtin/restAction",
      "parameters": {
        "endpoint": "ics/postXXYAS_COMMON_LOV1_0GetLovData",
        "body": {
          "XxLOVParameters": [
            {
              "parameter": "HRC_TXN_STATUS"
            }
          ]
        },
        "uriParams": {
          "lovName": "YAS_LOOKUP_LOV"
        }
      },
      "outcomes": {
        "failure": "fireNotification4",
        "success": "parseApprovalSatusJSON"
      }
    },
    "parseApprovalSatusJSON": {
      "module": "vb/action/builtin/callModuleFunctionAction",
      "parameters": {
        "module": "[[ $application.functions ]]",
        "functionName": "parseJSON",
        "params": [
          "{{ $chain.results.getAppCallRest.body.XxLOVResult }}"
        ]
      },
      "outcomes": {
        "success": "assignVariablesXxyasApprovalStatusADP"
      }
    },
    "assignVariablesXxyasApprovalStatusADP": {
      "module": "vb/action/builtin/assignVariablesAction",
      "parameters": {
        "$flow.variables.xxyasApprovalStatusADP": {
          "source": {
            "data": "{{ $chain.results.parseApprovalSatusJSON }}"
          },
          "reset": "none",
          "auto": "always",
          "mapping": {
            "$target.data": {
              "source": "$source.data",
              "reset": "empty"
            }
          }
        }
      }
    },
    "personNumber": {
      "module": "vb/action/builtin/callChainAction",
      "parameters": {
        "id": "xxyasCheckUserTypeGetLM",
        "params": {
          "p_personId": "{{ $flow.variables.xxyasUser.personId }}"
        }
      }
    },
    "fireNotification5": {
      "module": "vb/action/builtin/fireNotificationEventAction",
      "parameters": {
        "target": "leaf",
        "summary": "[[ $chain.results.callRestGetAORTypes.message.summary ]]",
        "type": "error",
        "displayMode": "persist"
      }
    },
    "callRestGetAORTypes": {
      "module": "vb/action/builtin/restAction",
      "parameters": {
        "endpoint": "ics/postXXYAS_COMMON_LOV1_0GetLovData",
        "uriParams": {
          "lovName": "YAS_AOR_TYPES"
        },
        "body": {
          "XxLOVParameters": [
            {
              "parameter": ""
            }
          ]
        }
      },
      "outcomes": {
        "failure": "fireNotification5",
        "success": "ParseAORJSON"
      }
    },
    "ParseAORJSON": {
      "module": "vb/action/builtin/callModuleFunctionAction",
      "parameters": {
        "module": "[[ $application.functions ]]",
        "functionName": "parseJSON",
        "params": [
          "{{ $chain.results.callRestGetAORTypes.body.XxLOVResult || [] }}"
        ]
      },
      "outcomes": {
        "success": "assignVariablesAORTypes"
      }
    },
    "assignVariablesAORTypes": {
      "module": "vb/action/builtin/assignVariablesAction",
      "parameters": {
        "$flow.variables.AORTypes": {
          "source": "{{ $chain.results.ParseAORJSON || [] }}"
        }
      }
    },
    "CheckEmpAORResponsipilty": {
      "module": "vb/action/builtin/callModuleFunctionAction",
      "parameters": {
        "module": "[[ $application.functions ]]",
        "functionName": "checkEmpAORResponsipilty",
        "params": [
          "{{ $flow.variables.xxyasUser.respType }}",
          "{{ $flow.variables.AORTypes || [] }}"
        ]
      },
      "outcomes": {
        "success": "assignVariablesXxyasUser2"
      }
    },
    "assignVariablesXxyasUser2": {
      "module": "vb/action/builtin/assignVariablesAction",
      "parameters": {
        "$flow.variables.xxyasUser": {
          "source": {
            "aorResp": "{{ $chain.results.CheckEmpAORResponsipilty }}"
          },
          "reset": "none",
          "auto": "always"
        }
      },
      "outcomes": {
        "success": "callFunctionCloseSpinnerDialog"
      }
    }
  }
}