{
  "root": "getRepTypeLMRest",
  "description": "",
  "variables": {
    "p_personId": {
      "type": "string",
      "required": true,
      "input": "fromCaller"
    }
  },
  "actions": {
    "fireNotification": {
      "module": "vb/action/builtin/fireNotificationEventAction",
      "parameters": {
        "target": "leaf",
        "summary": "[[ $chain.results.getRepTypeLMRest.message.summary ]]",
        "type": "error",
        "displayMode": "persist"
      },
      "outcomes": {
        "success": "return"
      }
    },
    "getRepTypeLMRest": {
      "module": "vb/action/builtin/restAction",
      "parameters": {
        "endpoint": "ics/getXXYAS_OTBI_GEN_PER_HR_LM1_0CheckRep",
        "uriParams": {
          "person_id": "{{ $flow.variables.xxyasUser.personId }}"
        }
      },
      "outcomes": {
        "failure": "fireNotification",
        "success": "assignVariablesXxyasUser"
      }
    },
    "return": {
      "module": "vb/action/builtin/returnAction",
      "parameters": {
        "outcome": "failure"
      }
    },
    "return2": {
      "module": "vb/action/builtin/returnAction",
      "parameters": {
        "outcome": "success",
        "payload": "{{ $chain.results.getRepTypeLMRest.body.XXYASRepType[0] }}"
      }
    },
    "assignVariablesXxyasUser": {
      "module": "vb/action/builtin/assignVariablesAction",
      "parameters": {
        "$flow.variables.xxyasUser": {
          "source": {
            "respType": "{{ $chain.results.getRepTypeLMRest.body.XXYASRepType[0].resp_name }}"
          },
          "reset": "none",
          "auto": "always"
        }
      },
      "outcomes": {
        "success": "return2"
      }
    }
  }
}