{
  "root": "callFunctionOpenSpinnerDialog",
  "description": "",
  "variables": {},
  "actions": {
    "callFunctionOpenSpinnerDialog": {
      "module": "vb/action/builtin/callModuleFunctionAction",
      "parameters": {
        "module": "[[ $application.functions ]]",
        "functionName": "openSpinnerDialog"
      },
      "outcomes": {
        "success": "runInParallel"
      }
    },
    "runInParallel": {
      "module": "vb/action/builtin/forkAction",
      "parameters": {
        "actions": {
          "callRest": "callRestGetAORTypes",
          "getCurrUserCallRest": "getCurrUserCallRest",
          "getApprovalStatusCallRest": "getApprovalStatusCallRest",
          "getJusticifCallRest": "getJusticifCallRest"
        }
      },
      "outcomes": {
        "join": "CheckEmpAORResponsipilty"
      }
    },
    "fireNotification": {
      "module": "vb/action/builtin/fireNotificationEventAction",
      "parameters": {
        "target": "leaf",
        "summary": "[[ $chain.results.getCurrUserCallRest.message.summary ]]",
        "type": "error",
        "displayMode": "persist"
      },
      "outcomes": {
        "success": "callFunctionCloseSpinnerDialog"
      }
    },
    "getCurrUserCallRest": {
      "module": "vb/action/builtin/restAction",
      "parameters": {
        "endpoint": "ics/postXXYAS_COMMON_LOV1_0GetLovData",
        "uriParams": {
          "lovName": "YAS_PERSON_INFO"
        },
        "body": {
          "XxLOVParameters": [
            {
              "parameter": ""
            },
            {
              "parameter": ""
            },
            {
              "parameter": "[[$application.user.username]]"
            },
            {
              "parameter": ""
            }
          ]
        }
      },
      "outcomes": {
        "failure": "fireNotification",
        "success": "parseUserJSON"
      }
    },
    "parseUserJSON": {
      "module": "vb/action/builtin/callModuleFunctionAction",
      "parameters": {
        "module": "[[ $application.functions ]]",
        "functionName": "parseJSON",
        "params": [
          "{{ $chain.results.getCurrUserCallRest.body.XxLOVResult }}"
        ]
      },
      "outcomes": {
        "success": "assignVariablesXxyasUser"
      }
    },
    "assignVariablesXxyasUser": {
      "module": "vb/action/builtin/assignVariablesAction",
      "parameters": {
        "$flow.variables.xxyasUser": {
          "source": "{{ $chain.results.parseUserJSON[0] || {} }}",
          "auto": "always"
        }
      },
      "outcomes": {
        "success": "callChainGetRepTypeLMRest"
      }
    },
    "callFunctionCloseSpinnerDialog": {
      "module": "vb/action/builtin/callModuleFunctionAction",
      "parameters": {
        "module": "[[ $application.functions ]]",
        "functionName": "closeSpinnerDialog"
      }
    },
    "fireNotification2": {
      "module": "vb/action/builtin/fireNotificationEventAction",
      "parameters": {
        "target": "leaf",
        "summary": "[[ $chain.results.getApprovalStatusCallRest.message.summary ]]",
        "type": "error",
        "displayMode": "persist"
      },
      "outcomes": {
        "success": "callFunctionCloseSpinnerDialog"
      }
    },
    "getApprovalStatusCallRest": {
      "module": "vb/action/builtin/restAction",
      "parameters": {
        "endpoint": "ics/postXXYAS_COMMON_LOV1_0GetLovData",
        "uriParams": {
          "lovName": "YAS_LOOKUP_LOV"
        },
        "body": {
          "XxLOVParameters": [
            {
              "parameter": "HRC_TXN_STATUS"
            }
          ]
        }
      },
      "outcomes": {
        "failure": "fireNotification2",
        "success": "parseApprovalStatusJSON"
      }
    },
    "parseApprovalStatusJSON": {
      "module": "vb/action/builtin/callModuleFunctionAction",
      "parameters": {
        "module": "[[ $application.functions ]]",
        "functionName": "parseJSON",
        "params": [
          "{{ $chain.results.getApprovalStatusCallRest.body.XxLOVResult }}"
        ]
      },
      "outcomes": {
        "success": "assignVariablesXxyasApprovalStatusADP"
      }
    },
    "assignVariablesXxyasApprovalStatusADP": {
      "module": "vb/action/builtin/assignVariablesAction",
      "parameters": {
        "$flow.variables.xxyasApprovalStatusADP": {
          "source": {
            "data": "{{ $chain.results.parseApprovalStatusJSON }}"
          },
          "reset": "none",
          "auto": "always",
          "mapping": {
            "$target.data": {
              "source": "$source.data",
              "reset": "empty"
            }
          }
        }
      }
    },
    "fireNotification3": {
      "module": "vb/action/builtin/fireNotificationEventAction",
      "parameters": {
        "target": "leaf",
        "summary": "[[ $chain.results.getJusticifCallRest.message.summary ]]",
        "type": "error",
        "displayMode": "persist"
      }
    },
    "getJusticifCallRest": {
      "module": "vb/action/builtin/restAction",
      "parameters": {
        "endpoint": "ics/postXXYAS_COMMON_LOV1_0GetLovData",
        "uriParams": {
          "lovName": "YAS_LOOKUP_LOV"
        },
        "body": {
          "XxLOVParameters": [
            {
              "parameter": "YHL_AIR_TICKET_ENC_JUST"
            }
          ]
        }
      },
      "outcomes": {
        "failure": "fireNotification3",
        "success": "parseJustificJSON"
      }
    },
    "parseJustificJSON": {
      "module": "vb/action/builtin/callModuleFunctionAction",
      "parameters": {
        "module": "[[ $application.functions ]]",
        "functionName": "parseJSON",
        "params": [
          "{{ $chain.results.getJusticifCallRest.body.XxLOVResult }}"
        ]
      },
      "outcomes": {
        "success": "assignVariablesXxyasJustificADP"
      }
    },
    "assignVariablesXxyasJustificADP": {
      "module": "vb/action/builtin/assignVariablesAction",
      "parameters": {
        "$flow.variables.xxyasJustificADP": {
          "source": {
            "data": "{{ $chain.results.parseJustificJSON }}"
          },
          "reset": "none",
          "auto": "always",
          "mapping": {
            "$target.data": {
              "source": "$source.data",
              "reset": "empty"
            }
          }
        }
      }
    },
    "callChainGetRepTypeLMRest": {
      "module": "vb/action/builtin/callChainAction",
      "parameters": {
        "id": "getRepTypeLMRest",
        "params": {
          "p_personId": "{{ $flow.variables.xxyasUser.personId }}"
        }
      }
    },
    "fireNotification4": {
      "module": "vb/action/builtin/fireNotificationEventAction",
      "parameters": {
        "target": "leaf",
        "summary": "[[ $chain.results.callRestGetAORTypes.message.summary ]]",
        "type": "error",
        "displayMode": "persist"
      }
    },
    "callRestGetAORTypes": {
      "module": "vb/action/builtin/restAction",
      "parameters": {
        "endpoint": "ics/postXXYAS_COMMON_LOV1_0GetLovData",
        "uriParams": {
          "lovName": "YAS_AOR_TYPES"
        },
        "body": {
          "XxLOVParameters": [
            {
              "parameter": ""
            }
          ]
        }
      },
      "outcomes": {
        "failure": "fireNotification4",
        "success": "ParseAORJSON"
      }
    },
    "ParseAORJSON": {
      "module": "vb/action/builtin/callModuleFunctionAction",
      "parameters": {
        "module": "[[ $application.functions ]]",
        "functionName": "parseJSON",
        "params": [
          "{{ $chain.results.callRestGetAORTypes.body.XxLOVResult || [] }}"
        ]
      },
      "outcomes": {
        "success": "assignVariablesAORTypes"
      }
    },
    "assignVariablesAORTypes": {
      "module": "vb/action/builtin/assignVariablesAction",
      "parameters": {
        "$flow.variables.AORTypes": {
          "source": "{{ $chain.results.ParseAORJSON || [] }}"
        }
      }
    },
    "CheckEmpAORResponsipilty": {
      "module": "vb/action/builtin/callModuleFunctionAction",
      "parameters": {
        "module": "[[ $application.functions ]]",
        "functionName": "checkEmpAORResponsipilty",
        "params": [
          "{{ $flow.variables.xxyasUser.respType }}",
          "{{ $flow.variables.AORTypes }}"
        ]
      },
      "outcomes": {
        "success": "assignVariablesXxyasUser2"
      }
    },
    "assignVariablesXxyasUser2": {
      "module": "vb/action/builtin/assignVariablesAction",
      "parameters": {
        "$flow.variables.xxyasUser": {
          "source": {
            "aorResp": "{{ $chain.results.CheckEmpAORResponsipilty }}"
          },
          "reset": "none",
          "auto": "always"
        }
      },
      "outcomes": {
        "success": "callFunctionCloseSpinnerDialog"
      }
    }
  }
}