{
  "schemaVersion": "1.0",
  "name": "XXYASChildEducationProcess",
  "registeredProcess": {
    "id": "oracleinternalpcs~XXYASChildEducationApplication!1.0~XXYASChildEducationProcess",
    "project": "XXYASChildEducationApplication",
    "projectVersion": "1.0",
    "useDefaultVersion": true,
    "processName": "XXYASChildEducationProcess",
    "isPlayerInstance": false,
    "interfaces": [
      {
        "id": "startEducationAllowancePCS",
        "label": "Receive Message",
        "typeDefinitions": {
          "http://bpm.oracle.com/JsonBusinessObjects/BusinessData/XXYASChildEducationPayload|XXYASChildEducationPayload": {
            "id": "XXYASChildEducationApplication@..@http://bpm.oracle.com/JsonBusinessObjects/BusinessData/XXYASChildEducationPayload|XXYASChildEducationPayload",
            "label": "XXYASChildEducationPayload",
            "type": "object",
            "properties": {
              "businessUnit": {
                "type": "string"
              },
              "salaryBasis": {
                "type": "string"
              },
              "year": {
                "type": "string"
              },
              "salaryBasisId": {
                "type": "string"
              },
              "approvedBy": {
                "type": "string"
              },
              "organizationId": {
                "type": "string"
              },
              "academicYear": {
                "type": "string"
              },
              "legalEntityId": {
                "type": "string"
              },
              "requesterName": {
                "type": "string"
              },
              "eligibilityAmount": {
                "type": "string"
              },
              "currentStatusValue": {
                "type": "string"
              },
              "requester": {
                "type": "string"
              },
              "requesterRole": {
                "type": "string"
              },
              "contactDob": {
                "type": "string"
              },
              "requesterId": {
                "type": "number"
              },
              "contactName": {
                "type": "string"
              },
              "receiptDate": {
                "type": "string"
              },
              "assignmentId": {
                "type": "string"
              },
              "attribute9": {
                "type": "string"
              },
              "attribute8": {
                "type": "string"
              },
              "attribute5": {
                "type": "string"
              },
              "nationality": {
                "type": "string"
              },
              "attribute4": {
                "type": "string"
              },
              "contactPersonId": {
                "type": "string"
              },
              "attribute7": {
                "type": "string"
              },
              "attribute6": {
                "type": "string"
              },
              "attribute1": {
                "type": "string"
              },
              "attribute3": {
                "type": "string"
              },
              "personId": {
                "type": "string"
              },
              "attribute2": {
                "type": "string"
              },
              "attribute10": {
                "type": "string"
              },
              "childSchool": {
                "type": "string"
              },
              "utilizedAmount": {
                "type": "string"
              },
              "description": {
                "type": "string"
              },
              "personNumber": {
                "type": "string"
              },
              "receiptAmount": {
                "type": "string"
              },
              "chiEduReqId": {
                "type": "number"
              },
              "processId": {
                "type": "number"
              },
              "legalEntityName": {
                "type": "string"
              },
              "gradeRateValue": {
                "type": "string"
              },
              "receiptNumber": {
                "type": "string"
              },
              "gradeName": {
                "type": "string"
              },
              "gradeId": {
                "type": "string"
              },
              "hireDate": {
                "type": "string"
              },
              "requesterUserName": {
                "type": "string"
              },
              "currentStatus": {
                "type": "string"
              },
              "fullName": {
                "type": "string"
              },
              "yearValue": {
                "type": "string"
              },
              "contactAge": {
                "type": "string"
              },
              "balanceAmount": {
                "type": "string"
              },
              "userName": {
                "type": "string"
              },
              "birthDate": {
                "type": "string"
              },
              "userId": {
                "type": "string"
              },
              "requestedBy": {
                "type": "string"
              },
              "organization": {
                "type": "string"
              },
              "approvalLevel": {
                "type": "string"
              },
              "currencyCode": {
                "type": "string"
              },
              "remarks": {
                "type": "string"
              },
              "chiEduReqNo": {
                "type": "string"
              }
            }
          }
        },
        "parameters": {
          "childEducationRequest": {
            "type": "http://bpm.oracle.com/JsonBusinessObjects/BusinessData/XXYASChildEducationPayload|XXYASChildEducationPayload"
          }
     }

      }
    ]
  }
}