{
  "root": "resetVariablesXxyasRequestListADP",
  "description": "",
  "actions": {
    "ifStatusCheckBoxRequests": {
      "module": "vb/action/builtin/ifAction",
      "parameters": {
        "condition": "[[ $page.variables.statusCheckBoxRequests.length != 0 ]]"
      },
      "outcomes": {
        "true": "callFunctionOpenSpinnerDialog",
        "false": "return3"
      }
    },
    "resetVariablesXxyasRequestListADP": {
      "module": "vb/action/builtin/resetVariablesAction",
      "parameters": {
        "variables": [
          "$page.variables.xxyasRequestListADP"
        ]
      },
      "outcomes": {
        "success": "ifStatusCheckBoxRequests"
      }
    },
    "callFunctionOpenSpinnerDialog": {
      "module": "vb/action/builtin/callModuleFunctionAction",
      "parameters": {
        "module": "[[ $application.functions ]]",
        "functionName": "openSpinnerDialog"
      },
      "outcomes": {
        "success": "getProcessesCallRest"
      }
    },
    "fireNotification": {
      "module": "vb/action/builtin/fireNotificationEventAction",
      "parameters": {
        "target": "leaf",
        "summary": "Error",
        "type": "error",
        "displayMode": "transient",
        "message": "[[ $chain.results.getProcessesCallRest.error ]]"
      },
      "outcomes": {
        "success": "return2"
      }
    },
    "getProcessesCallRest": {
      "module": "vb/action/builtin/restAction",
      "parameters": {
        "endpoint": "ics/getXXYA_HCM_EXT_PCS_ADMI_PROC_INSA1_0Processes",
        "uriParams": {
          "processState": "{{ $page.variables.statusCheckBoxRequests.join() }}",
          "since": "{{ $page.variables.requestStartDate.split('T')[0] }}",
          "until": "{{ $page.variables.requestEndDate.split('T')[0] }}"
        }
      },
      "outcomes": {
        "failure": "callFunctionCloseSpinnerDialog",
        "success": "SortArrUpdatedDate"
      }
    },
    "callFunctionCloseSpinnerDialog": {
      "module": "vb/action/builtin/callModuleFunctionAction",
      "parameters": {
        "module": "[[ $application.functions ]]",
        "functionName": "closeSpinnerDialog"
      },
      "outcomes": {
        "success": "fireNotification"
      }
    },
    "assignVariablesXxyasRequestListADP": {
      "module": "vb/action/builtin/assignVariablesAction",
      "parameters": {
        "$page.variables.xxyasRequestListADP": {
          "source": {
            "data": "{{ $chain.results.SortArrUpdatedDate }}"
          },
          "reset": "none",
          "auto": "always"
        }
      },
      "outcomes": {
        "success": "callFunctionCloseSpinnerDialog2"
      }
    },
    "callFunctionCloseSpinnerDialog2": {
      "module": "vb/action/builtin/callModuleFunctionAction",
      "parameters": {
        "module": "[[ $application.functions ]]",
        "functionName": "closeSpinnerDialog"
      },
      "outcomes": {
        "success": "return"
      }
    },
    "return": {
      "module": "vb/action/builtin/returnAction",
      "parameters": {
        "outcome": "success"
      }
    },
    "return2": {
      "module": "vb/action/builtin/returnAction",
      "parameters": {
        "outcome": "failure"
      }
    },
    "return3": {
      "module": "vb/action/builtin/returnAction",
      "parameters": {
        "outcome": "success"
      }
    },
    "SortArrUpdatedDate": {
      "module": "vb/action/builtin/callModuleFunctionAction",
      "parameters": {
        "module": "[[ $functions ]]",
        "functionName": "sortArrUpdatedDate",
        "params": [
          "{{ $chain.results.getProcessesCallRest.body.items || [] }}"
        ]
      },
      "outcomes": {
        "success": "assignVariablesXxyasRequestListADP"
      }
    }
  }
}