{
  "root": "callFunctionLogger",
  "description": "",
  "variables": {
    "processId": {
      "type": "string",
      "required": true,
      "input": "fromCaller"
    },
    "processName": {
      "type": "string",
      "required": true,
      "input": "fromCaller"
    }
  },
  "actions": {
    "callFunctionLogger": {
      "module": "vb/action/builtin/callModuleFunctionAction",
      "parameters": {
        "module": "[[ $application.functions ]]",
        "functionName": "logger",
        "params": [
          "{{ $variables.processId + \", \" + $variables.processName }}"
        ]
      },
      "outcomes": {
        "success": "switchProcessName"
      }
    },
    "switchProcessName": {
      "module": "vb/action/builtin/switchAction",
      "parameters": {
        "caseValue": "[[ $variables.processName ]]",
        "possibleValues": [
          "Air Ticket Encachment",
          "Annual Passage",
          "Local Business Travel/Training",
          "Overseas Business Travel/Training",
          "Education Allowance"
        ]
      },
      "outcomes": {
        "Air Ticket Encachment": "navigateToAirTicketEncashmentRequest",
        "Annual Passage": "navigateToAnnualPassageRequest",
        "Local Business Travel/Training": "navigateToLocalBusinessRequest",
        "Overseas Business Travel/Training": "navigateToOverseasBusinessRequest",
        "Education Allowance": "navigateToChildEducationRequest"
      }
    },
    "navigateToAirTicketEncashmentRequest": {
      "module": "vb/action/builtin/navigateAction",
      "parameters": {
        "page": "/shell/air-ticket-encashment/air-ticket-encashment-request",
        "params": {
          "p_requestType": "REVIEW",
          "p_processId": "{{ $variables.processId }}"
        }
      }
    },
    "navigateToAnnualPassageRequest": {
      "module": "vb/action/builtin/navigateAction",
      "parameters": {
        "page": "/shell/annual-passage/annual-passage-request",
        "params": {
          "requestType": "REVIEW",
          "processId": "{{ $variables.processId }}"
        }
      }
    },
    "navigateToChildEducationRequest": {
      "module": "vb/action/builtin/navigateAction",
      "parameters": {
        "page": "/shell/child-education/child-education-request",
        "params": {
          "p_requestType": "REVIEW",
          "p_processId": "{{ $variables.processId }}"
        }
      }
    },
    "navigateToLocalBusinessRequest": {
      "module": "vb/action/builtin/navigateAction",
      "parameters": {
        "page": "/shell/local-business/local-business-request",
        "params": {
          "p_requestType": "REVIEW",
          "p_process_id": "{{ $variables.processId }}"
        }
      }
    },
    "navigateToOverseasBusinessRequest": {
      "module": "vb/action/builtin/navigateAction",
      "parameters": {
        "page": "/shell/overseas-business/overseas-business-request",
        "params": {
          "p_requestType": "REVIEW",
          "p_process_id": "{{ $variables.processId }}"
        }
      }
    }
  }
}