{
  "description": "",
  "root": "resetVariablesRequestAuditTraffic",
  "actions": {
    "callFunctionOpenSpinnerDialog": {
      "module": "vb/action/builtin/callModuleFunctionAction",
      "parameters": {
        "module": "[[ $application.functions ]]",
        "functionName": "openSpinnerDialog"
      },
      "outcomes": {
        "success": "getRequestCommentsCallRest"
      }
    },
    "fireNotification": {
      "module": "vb/action/builtin/fireNotificationEventAction",
      "parameters": {
        "target": "leaf",
        "summary": "[[ $chain.results.getRequestCommentsCallRest.message.summary ]]",
        "type": "error",
        "displayMode": "transient"
      }
    },
    "getRequestCommentsCallRest": {
      "module": "vb/action/builtin/restAction",
      "parameters": {
        "endpoint": "ics/getXXYAS_HCM_EXT_PCS_AUDIT_TRAFF1_0Audit",
        "uriParams": {
          "processId": "{{ $variables.current.data.processId }}"
        }
      },
      "outcomes": {
        "failure": "callFunctionCloseSpinnerDialog",
        "success": "callFunctionCloseSpinnerDialog2"
      }
    },
    "callFunctionCloseSpinnerDialog": {
      "module": "vb/action/builtin/callModuleFunctionAction",
      "parameters": {
        "module": "[[ $application.functions ]]",
        "functionName": "closeSpinnerDialog"
      },
      "outcomes": {
        "success": "fireNotification"
      }
    },
    "callFunctionCloseSpinnerDialog2": {
      "module": "vb/action/builtin/callModuleFunctionAction",
      "parameters": {
        "module": "[[ $application.functions ]]",
        "functionName": "closeSpinnerDialog"
      },
      "outcomes": {
        "success": "assignVariablesRequestAuditTraffic"
      }
    },
    "assignVariablesRequestAuditTraffic": {
      "module": "vb/action/builtin/assignVariablesAction",
      "parameters": {
        "$page.variables.requestAuditTraffic": {
          "source": "{{ $functions.parseAuditTraffic($chain.results.getRequestCommentsCallRest.body) }}"
        }
      },
      "outcomes": {
        "success": "callComponentDialogAuditTrafficOpen"
      }
    },
    "callComponentDialogAuditTrafficOpen": {
      "module": "vb/action/builtin/callComponentMethodAction",
      "parameters": {
        "component": "{{ document.getElementById('dialog-audit-traffic') }}",
        "method": "open"
      }
    },
    "resetVariablesRequestAuditTraffic": {
      "module": "vb/action/builtin/resetVariablesAction",
      "parameters": {
        "variables": [
          "$page.variables.requestAuditTraffic"
        ]
      },
      "outcomes": {
        "success": "callFunctionOpenSpinnerDialog"
      }
    }
  },
  "variables": {
    "key": {
      "required": true,
      "type": "any",
      "input": "fromCaller"
    },
    "index": {
      "required": true,
      "type": "number",
      "input": "fromCaller"
    },
    "current": {
      "required": true,
      "type": "any",
      "input": "fromCaller"
    }
  }
}