{
  "root": "callFunctionOpenSpinnerDialog",
  "description": "",
  "variables": {
    "processId": {
      "type": "string",
      "required": true,
      "input": "fromCaller"
    }
  },
  "actions": {
    "callFunctionOpenSpinnerDialog": {
      "module": "vb/action/builtin/callModuleFunctionAction",
      "parameters": {
        "module": "[[ $application.functions ]]",
        "functionName": "openSpinnerDialog"
      },
      "outcomes": {
        "success": "getApprovalHistoryCallRest"
      }
    },
    "fireNotification": {
      "module": "vb/action/builtin/fireNotificationEventAction",
      "parameters": {
        "target": "leaf",
        "summary": "[[ $chain.results.getApprovalHistoryCallRest.message.summary ]]",
        "type": "error",
        "displayMode": "transient",
        "message": "[[ $chain.results.getApprovalHistoryCallRest.error ]]"
      }
    },
    "getApprovalHistoryCallRest": {
      "module": "vb/action/builtin/restAction",
      "parameters": {
        "endpoint": "ics/postXXYAS_COMMON_LOV1_0GetLovData",
        "uriParams": {
          "lovName": "YAS_APPROVAL_HISTORY"
        },
        "body": {
          "XxLOVParameters": [
            {
              "parameter": ""
            },
            {
              "parameter": "[[$variables.processId]]"
            }
          ]
        }
      },
      "outcomes": {
        "failure": "callFunctionCloseSpinnerDialog",
        "success": "callFunctionCloseSpinnerDialog2"
      }
    },
    "callFunctionCloseSpinnerDialog": {
      "module": "vb/action/builtin/callModuleFunctionAction",
      "parameters": {
        "module": "[[ $application.functions ]]",
        "functionName": "closeSpinnerDialog"
      },
      "outcomes": {
        "success": "fireNotification"
      }
    },
    "callFunctionCloseSpinnerDialog2": {
      "module": "vb/action/builtin/callModuleFunctionAction",
      "parameters": {
        "module": "[[ $application.functions ]]",
        "functionName": "closeSpinnerDialog"
      },
      "outcomes": {
        "success": "parseApprovalHistoryJSON"
      }
    },
    "parseApprovalHistoryJSON": {
      "module": "vb/action/builtin/callModuleFunctionAction",
      "parameters": {
        "module": "[[ $application.functions ]]",
        "functionName": "parseJSON",
        "params": [
          "{{ $chain.results.getApprovalHistoryCallRest.body.XxLOVResult || [] }}"
        ]
      },
      "outcomes": {
        "success": "assignVariablesXxyasApprovalHistoryADP"
      }
    },
    "assignVariablesXxyasApprovalHistoryADP": {
      "module": "vb/action/builtin/assignVariablesAction",
      "parameters": {
        "$page.variables.xxyasApprovalHistoryADP": {
          "source": {
            "data": "{{ $chain.results.parseApprovalHistoryJSON }}"
          },
          "reset": "none",
          "auto": "always",
          "mapping": {
            "$target.data": {
              "source": "$source.data",
              "reset": "empty"
            }
          }
        }
      },
      "outcomes": {
        "success": "callComponentPopupApproverHistoryOpen"
      }
    },
    "callComponentPopupApproverHistoryOpen": {
      "module": "vb/action/builtin/callComponentMethodAction",
      "parameters": {
        "component": "{{ document.getElementById('popup-approver-history') }}",
        "method": "open"
      }
    }
  }
}