{
  "root": "splitEmpTicketEligibilty",
  "description": "",
  "variables": {
    "ticketEligibility": {
      "type": "string",
      "required": true,
      "input": "fromCaller"
    }
  },
  "actions": {
    "splitEmpTicketEligibilty": {
      "module": "vb/action/builtin/callModuleFunctionAction",
      "parameters": {
        "module": "[[ $application.functions ]]",
        "functionName": "splitEmpTicketEligibilty",
        "params": [
          "{{ $variables.ticketEligibility }}"
        ]
      },
      "outcomes": {
        "success": "assignVariablesXxyasEmpEligibilty"
      }
    },
    "assignVariablesXxyasEmpEligibilty": {
      "module": "vb/action/builtin/assignVariablesAction",
      "parameters": {
        "$page.variables.xxyasEmpEligibilty": {
          "source": "{{ $chain.results.splitEmpTicketEligibilty }}",
          "auto": "always",
          "reset": "empty"
        }
      }
    }
  }
}