{
  "description": "",
  "root": "resetVariablesCurrAirTicketLine",
  "actions": {
    "resetVariablesCurrAirTicketLine": {
      "module": "vb/action/builtin/resetVariablesAction",
      "parameters": {
        "variables": [
          "$page.variables.currAirTicketLine",
          "$page.variables.v_ignoreValue"
        ]
      },
      "outcomes": {
        "success": "callComponentSpouseEditOjDialog8178804891Close"
      }
    },
    "callComponentSpouseEditOjDialog8178804891Close": {
      "module": "vb/action/builtin/callComponentMethodAction",
      "parameters": {
        "component": "{{ document.getElementById('spouse-edit-oj-dialog-817880489-1') }}",
        "method": "close"
      }
    }
  },
  "variables": {}
}