{
  "description": "",
  "root": "resetVariablesApprovalComments",
  "actions": {
    "resetVariablesApprovalComments": {
      "module": "vb/action/builtin/resetVariablesAction",
      "parameters": {
        "variables": [
          "$page.variables.approval_comments"
        ]
      },
      "outcomes": {
        "success": "callComponentDialogRejectClose"
      }
    },
    "callComponentDialogRejectClose": {
      "module": "vb/action/builtin/callComponentMethodAction",
      "parameters": {
        "component": "{{ document.getElementById('dialog-reject') }}",
        "method": "close"
      }
    }
  },
  "variables": {}
}