{
  "description": "",
  "root": "resetVariablesCurrAirTicketLine",
  "actions": {
    "resetVariablesCurrAirTicketLine": {
      "module": "vb/action/builtin/resetVariablesAction",
      "parameters": {
        "variables": [
          "$page.variables.currAirTicketLine"
        ]
      },
      "outcomes": {
        "success": "callFunctionCallComponent"
      }
    },
    "callComponentSpouseOjDialog8178804891Close": {
      "module": "vb/action/builtin/callComponentMethodAction",
      "parameters": {
        "component": "{{ document.getElementById('spouse-oj-dialog-817880489-1') }}",
        "method": "close"
      }
    },
    "callFunctionCallComponent": {
      "module": "vb/action/builtin/callModuleFunctionAction",
      "parameters": {
        "module": "[[ $functions ]]",
        "functionName": "callComponent",
        "params": [
          "spouse-oj-dialog-817880489-1"
        ]
      },
      "outcomes": {
        "success": "callComponentSpouseOjDialog8178804891Close"
      }
    }
  },
  "variables": {}
}