{
  "root": "runInParallel",
  "description": "",
  "variables": {
    "airTicketEncashmentCount": {
      "type": "number"
    },
    "annualPassageCount": {
      "type": "number"
    }
  },
  "actions": {
    "runInParallel": {
      "module": "vb/action/builtin/forkAction",
      "parameters": {
        "actions": {
          "callRest": "getSubmittedATcallRest",
          "getSubmittedAPCallRest": "getSubmittedAPCallRest"
        }
      },
      "outcomes": {
        "join": "assignVariablesXxyasAirTicketValidation"
      }
    },
    "fireNotification": {
      "module": "vb/action/builtin/fireNotificationEventAction",
      "parameters": {
        "target": "leaf",
        "summary": "[[ $chain.results.getSubmittedAPCallRest.message.summary ]]",
        "type": "error",
        "displayMode": "persist"
      }
    },
    "callFunctionParseJSON": {
      "module": "vb/action/builtin/callModuleFunctionAction",
      "parameters": {
        "module": "[[ $application.functions ]]",
        "functionName": "parseJSON",
        "params": [
          "{{ $chain.results.getSubmittedAPCallRest.body.XxLOVResult }}"
        ]
      },
      "outcomes": {
        "success": "assignVariablesAnnualPassageCount"
      }
    },
    "getSubmittedAPCallRest": {
      "module": "vb/action/builtin/restAction",
      "parameters": {
        "endpoint": "ics/postXXYAS_COMMON_LOV1_0GetLovData",
        "uriParams": {
          "lovName": "YAS_AP_SUBMITTID_DUE_DATE"
        },
        "body": {
          "XxLOVParameters": [
            {
              "parameter": "[[$page.variables.xxyasAirTicketReq.personId]]"
            },
            {
              "parameter": "[[$page.variables.xxyasAirTicketReq.dueDate.split('T')[0] ]]"
            },
            {
              "parameter": ""
            }
          ]
        }
      },
      "outcomes": {
        "failure": "fireNotification",
        "success": "callFunctionParseJSON"
      }
    },
    "fireNotification2": {
      "module": "vb/action/builtin/fireNotificationEventAction",
      "parameters": {
        "target": "leaf",
        "summary": "[[ $chain.results.getSubmittedATcallRest.message.summary ]]",
        "type": "error",
        "displayMode": "persist"
      }
    },
    "callFunctionParseJSON2": {
      "module": "vb/action/builtin/callModuleFunctionAction",
      "parameters": {
        "module": "[[ $application.functions ]]",
        "functionName": "parseJSON",
        "params": [
          "{{ $chain.results.getSubmittedATcallRest.body.XxLOVResult }}"
        ]
      },
      "outcomes": {
        "success": "assignVariablesAirTicketEncashmentCount"
      }
    },
    "getSubmittedATcallRest": {
      "module": "vb/action/builtin/restAction",
      "parameters": {
        "endpoint": "ics/postXXYAS_COMMON_LOV1_0GetLovData",
        "uriParams": {
          "lovName": "YAS_AT_SUBMITTED_DUE_DATE"
        },
        "body": {
          "XxLOVParameters": [
            {
              "parameter": "[[$page.variables.xxyasAirTicketReq.personId]]"
            },
            {
              "parameter": "[[$page.variables.xxyasAirTicketReq.dueDate.split('T')[0]]]"
            },
            {
              "parameter": "[[$page.variables.xxyasAirTicketReq.airTicketReqId]]"
            }
          ]
        }
      },
      "outcomes": {
        "failure": "fireNotification2",
        "success": "callFunctionParseJSON2"
      }
    },
    "assignVariablesAnnualPassageCount": {
      "module": "vb/action/builtin/assignVariablesAction",
      "parameters": {
        "$variables.annualPassageCount": {
          "source": "{{ $chain.results.callFunctionParseJSON[0].annualpassagecount || 0 }}"
        }
      }
    },
    "assignVariablesAirTicketEncashmentCount": {
      "module": "vb/action/builtin/assignVariablesAction",
      "parameters": {
        "$variables.airTicketEncashmentCount": {
          "source": "{{ $chain.results.callFunctionParseJSON2[0].airticketencashmentcount || 0 }}"
        }
      }
    },
    "assignVariablesXxyasAirTicketValidation": {
      "module": "vb/action/builtin/assignVariablesAction",
      "parameters": {
        "$page.variables.xxyasAirTicketValidation": {
          "source": {
            "airTicketEncashmentCount": "{{ $variables.airTicketEncashmentCount }}",
            "annualPassageCount": "{{ $variables.annualPassageCount }}"
          },
          "reset": "none",
          "auto": "always"
        }
      }
    }
  }
}