{
  "description": "",
  "root": "assignVariablesCurrAirTicketLine",
  "actions": {
    "assignVariablesCurrAirTicketLine": {
      "module": "vb/action/builtin/assignVariablesAction",
      "parameters": {
        "$page.variables.currAirTicketLine": {
          "source": "{{ $variables.current.row }}",
          "auto": "always"
        }
      },
      "outcomes": {
        "success": "fireDataProviderEventXxyasAirTicketLines"
      }
    },
    "ifCurrAirTicketLine": {
      "module": "vb/action/builtin/ifAction",
      "parameters": {
        "condition": "[[ $page.variables.currAirTicketLine.airTicketLineId < 0 ]]"
      },
      "outcomes": {
        "false": "assignVariablesCurrAirTicketLine2",
        "true": "fireDataProviderEventXxyasAirTicketLinesDML2"
      }
    },
    "fireDataProviderEventXxyasAirTicketLinesDML2": {
      "module": "vb/action/builtin/fireDataProviderEventAction",
      "parameters": {
        "target": "[[ $page.variables.xxyasAirTicketLinesDML ]]",
        "remove": {
          "keys": [
            "{{ $variables.key }}"
          ]
        }
      },
      "outcomes": {
        "success": "fireDataProviderEventXxyasAirTicketLinesDML4"
      }
    },
    "assignVariablesCurrAirTicketLine2": {
      "module": "vb/action/builtin/assignVariablesAction",
      "parameters": {
        "$page.variables.currAirTicketLine": {
          "source": {
            "mode": "DELETE"
          },
          "reset": "none",
          "auto": "always"
        }
      },
      "outcomes": {
        "success": "fireDataProviderEventXxyasAirTicketLinesDML3"
      }
    },
    "fireDataProviderEventXxyasAirTicketLinesDML3": {
      "module": "vb/action/builtin/fireDataProviderEventAction",
      "parameters": {
        "target": "[[ $page.variables.xxyasAirTicketLinesDML ]]",
        "update": {
          "data": "{{ $page.variables.currAirTicketLine }}"
        }
      },
      "outcomes": {
        "success": "fireDataProviderEventXxyasAirTicketLinesDML"
      }
    },
    "resetVariablesCurrAirTicketLine": {
      "module": "vb/action/builtin/resetVariablesAction",
      "parameters": {
        "variables": [
          "$page.variables.currAirTicketLine"
        ]
      }
    },
    "fireDataProviderEventXxyasAirTicketLines": {
      "module": "vb/action/builtin/fireDataProviderEventAction",
      "parameters": {
        "target": "[[ $page.variables.xxyasAirTicketLines ]]",
        "remove": {
          "keys": [
            "{{ $variables.key }}"
          ]
        }
      },
      "outcomes": {
        "success": "fireDataProviderEventXxyasAirTicketLines2"
      }
    },
    "fireDataProviderEventXxyasAirTicketLinesDML": {
      "module": "vb/action/builtin/fireDataProviderEventAction",
      "parameters": {
        "target": "[[ $page.variables.xxyasAirTicketLinesDML ]]",
        "refresh": null
      },
      "outcomes": {
        "success": "resetVariablesCurrAirTicketLine"
      }
    },
    "fireDataProviderEventXxyasAirTicketLinesDML4": {
      "module": "vb/action/builtin/fireDataProviderEventAction",
      "parameters": {
        "target": "[[ $page.variables.xxyasAirTicketLinesDML ]]",
        "refresh": null
      },
      "outcomes": {
        "success": "fireDataProviderEventXxyasAirTicketLinesDML"
      }
    },
    "fireDataProviderEventXxyasAirTicketLines2": {
      "module": "vb/action/builtin/fireDataProviderEventAction",
      "parameters": {
        "target": "[[ $page.variables.xxyasAirTicketLines ]]",
        "refresh": null
      },
      "outcomes": {
        "success": "ifCurrAirTicketLine"
      }
    }

  },
  "variables": {
    "key": {
      "required": true,
      "type": "any",
      "input": "fromCaller"
    },
    "index": {
      "required": true,
      "type": "number",
      "input": "fromCaller"
    },
    "current": {
      "required": true,
      "type": "any",
      "input": "fromCaller"
    }
  }
}