{
  "description": "",
  "root": "callFunctionOpenSpinnerDialog",
  "actions": {
    "callFunctionOpenSpinnerDialog": {
      "module": "vb/action/builtin/callModuleFunctionAction",
      "parameters": {
        "module": "[[ $application.functions ]]",
        "functionName": "openSpinnerDialog"
      },
      "outcomes": {
        "success": "if"
      }
    },
    "if": {
      "module": "vb/action/builtin/ifAction",
      "parameters": {
        "condition": "[[ $application.functions.isEmpty($variables.current.data.uploadedFile) || $variables.current.data.uploadedFile.length == 0 ]]"
      },
      "outcomes": {
        "false": "callFunctionDownload",
        "true": "callRestDownloadAttachments"
      }
    },
    "callFunctionDownload": {
      "module": "vb/action/builtin/callModuleFunctionAction",
      "parameters": {
        "module": "[[ $application.functions ]]",
        "functionName": "download",
        "params": [
          "{{ $variables.current.data.uploadedFile }}",
          "{{ $variables.current.data.uploadedFileName }}",
          "{{ $variables.current.data.contentType }}"
        ]
      },
      "outcomes": {
        "success": "callFunctionCloseSpinnerDialog"
      }
    },
    "callRestDownloadAttachments": {
      "module": "vb/action/builtin/restAction",
      "parameters": {
        "endpoint": "ics/getXXYAS_COMMON_ATTACH_DOWN1_0DownloadAttachment",
        "responseBodyFormat": "arrayBuffer",
        "uriParams": {
          "attachmentId": "{{ $variables.current.data.attachmentId || '' }}",
          "moduleReqId": "{{ $variables.current.data.moduleReqId }}",
          "moduleName": "AIR_TICKET_ENCASHMENT"
        }
      },
      "outcomes": {
        "success": "parseMixedPayload"
      }
    },
    "parseMixedPayload": {
      "module": "vb/action/builtin/callModuleFunctionAction",
      "parameters": {
        "module": "[[ $application.functions ]]",
        "functionName": "parseMixedPayload",
        "params": [
          "{{ $chain.results.callRestDownloadAttachments.body }}"
        ]
      },
      "outcomes": {
        "success": "if3"
      }
    },
    "if3": {
      "module": "vb/action/builtin/ifAction",
      "parameters": {
        "condition": "[[ !$application.functions.isEmpty($chain.results.parseMixedPayload.attachments[0]) ]]"
      },
      "outcomes": {
        "true": "callFunctionDownload2",
        "false": "callFunctionCloseSpinnerDialog"
      }
    },
    "callFunctionDownload2": {
      "module": "vb/action/builtin/callModuleFunctionAction",
      "parameters": {
        "module": "[[ $application.functions ]]",
        "functionName": "download",
        "params": [
          "{{ $chain.results.parseMixedPayload.attachments[0] }}",
          "{{ $variables.current.data.uploadedFileName }}",
          "{{ $variables.current.data.contentType }}"
        ]
      },
      "outcomes": {
        "success": "callFunctionCloseSpinnerDialog"
      }
    },
    "callFunctionCloseSpinnerDialog": {
      "module": "vb/action/builtin/callModuleFunctionAction",
      "parameters": {
        "module": "[[ $application.functions ]]",
        "functionName": "closeSpinnerDialog"
      }
    }
  },
  "variables": {
    "key": {
      "required": true,
      "type": "any",
      "input": "fromCaller"
    },
    "index": {
      "required": true,
      "type": "number",
      "input": "fromCaller"
    },
    "current": {
      "required": true,
      "type": "any",
      "input": "fromCaller"
    }
  }
}