{
  "description": "",
  "root": "callFunctionLogger",
  "actions": {
    "callFunctionLogger": {
      "module": "vb/action/builtin/callModuleFunctionAction",
      "parameters": {
        "module": "[[ $application.functions ]]",
        "functionName": "logger",
        "params": [
          "{{ $variables.current.row }}"
        ]
      },
      "outcomes": {
        "success": "assignVariablesVIgnoreValue"
      }
    },
    "assignVariablesCurrAirTicketLine": {
      "module": "vb/action/builtin/assignVariablesAction",
      "parameters": {
        "$page.variables.currAirTicketLine": {
          "source": "{{ $variables.current.row }}",
          "auto": "always",
          "reset": "empty"
        }
      },
      "outcomes": {
        "success": "ifCurrent"
      }
    },
    "callComponentChildEditOjDialog8178804891Open": {
      "module": "vb/action/builtin/callComponentMethodAction",
      "parameters": {
        "component": "{{ document.getElementById('child-edit-oj-dialog-817880489-1') }}",
        "method": "open"
      }
    },
    "assignVariablesVIgnoreValue": {
      "module": "vb/action/builtin/assignVariablesAction",
      "parameters": {
        "$page.variables.v_ignoreValue": {
          "source": "{{ $variables.current.row.contactPersonId }}",
          "reset": "empty"
        }
      },
      "outcomes": {
        "success": "assignVariablesCurrAirTicketLine"
      }
    },
    "ifCurrent": {
      "module": "vb/action/builtin/ifAction",
      "parameters": {
        "condition": "[[ $variables.current.row.concatRelationship == 'Child' ]]"
      },
      "outcomes": {
        "true": "callComponentChildEditOjDialog8178804891Open",
        "false": "callComponentSpouseEditOjDialog8178804891Open"
      }
    },
    "callComponentSpouseEditOjDialog8178804891Open": {
      "module": "vb/action/builtin/callComponentMethodAction",
      "parameters": {
        "component": "{{ document.getElementById('spouse-edit-oj-dialog-817880489-1') }}",
        "method": "open"
      }
    }
  },
  "variables": {
    "key": {
      "required": true,
      "type": "any",
      "input": "fromCaller"
    },
    "index": {
      "required": true,
      "type": "number",
      "input": "fromCaller"
    },
    "current": {
      "required": true,
      "type": "any",
      "input": "fromCaller"
    }
  }
}