{
  "root": "ifXxyasSelectedEmployee",
  "description": "",
  "actions": {
    "ifXxyasSelectedEmployee": {
      "module": "vb/action/builtin/ifAction",
      "parameters": {
        "condition": "[[ !$application.functions.isEmpty($page.variables.xxyasSelectedEmployee) ]]"
      },
      "outcomes": {
        "true": "callChainCalcEmpEligibilty"
      }
    },
    "callFunctionOpenSpinnerDialog": {
      "module": "vb/action/builtin/callModuleFunctionAction",
      "parameters": {
        "module": "[[ $application.functions ]]",
        "functionName": "openSpinnerDialog"
      },
      "outcomes": {
        "success": "callComponentPopupEmployeeSearchClose"
      }
    },
    "callComponentPopupEmployeeSearchClose": {
      "module": "vb/action/builtin/callComponentMethodAction",
      "parameters": {
        "component": "{{ document.getElementById('popup-employee-search') }}",
        "method": "close"
      },
      "outcomes": {
        "success": "assignVariablesXxyasAirTicketReq"
      }
    },
    "assignVariablesXxyasAirTicketReq": {
      "module": "vb/action/builtin/assignVariablesAction",
      "parameters": {
        "$page.variables.xxyasAirTicketReq": {
          "source": "{{ $page.variables.xxyasSelectedEmployee }}",
          "auto": "always"
        }
      },
      "outcomes": {
        "success": "assignVariablesXxyasAirTicketReq2"
      }
    },
    "resetVariablesCurrAirTicketLine": {
      "module": "vb/action/builtin/resetVariablesAction",
      "parameters": {
        "variables": [
          "$page.variables.currAirTicketLine",
          "$page.variables.xxyasAirTicketLinesDML",
          "$page.variables.xxyasAirTicketLines"
        ]
      },
      "outcomes": {
        "success": "callChainCheckUpdatedTicketDueDate"
      }
    },
    "callChainFetchChildsInfo": {
      "module": "vb/action/builtin/callChainAction",
      "parameters": {
        "id": "fetchChildsInfo",
        "params": {
          "p_personId": "{{ $page.variables.xxyasAirTicketReq.personId }}"
        }
      },
      "outcomes": {
        "success": "callChainFetchSpouseInfo"
      }
    },
    "callChainFetchSpouseInfo": {
      "module": "vb/action/builtin/callChainAction",
      "parameters": {
        "id": "fetchSpouseInfo",
        "params": {
          "p_personId": "{{ $page.variables.xxyasAirTicketReq.personId }}"
        }
      },
      "outcomes": {
        "success": "callFunctionCloseSpinnerDialog"
      }
    },
    "assignVariablesXxyasAirTicketReq2": {
      "module": "vb/action/builtin/assignVariablesAction",
      "parameters": {
        "$page.variables.xxyasAirTicketReq": {
          "source": {
            "currentStatus": "DRAFT",
            "mode": "CREATE"
          },
          "auto": "always",
          "reset": "none"
        }
      },
      "outcomes": {
        "success": "resetVariablesCurrAirTicketLine"
      }
    },
    "callFunctionCloseSpinnerDialog": {
      "module": "vb/action/builtin/callModuleFunctionAction",
      "parameters": {
        "module": "[[ $application.functions ]]",
        "functionName": "closeSpinnerDialog"
      }
    },
    "callChainCalcEmpEligibilty": {
      "module": "vb/action/builtin/callChainAction",
      "parameters": {
        "id": "calcEmpEligibilty",
        "params": {
          "ticketEligibility": "{{ $page.variables.xxyasSelectedEmployee.ticketEligibility }}"
        }
      },
      "outcomes": {
        "success": "ifXxyasEmpEligibilty"
      }
    },
    "ifXxyasEmpEligibilty": {
      "module": "vb/action/builtin/ifAction",
      "parameters": {
        "condition": "[[ $page.variables.xxyasEmpEligibilty.staff == 0 ]]"
      },
      "outcomes": {
        "false": "callFunctionOpenSpinnerDialog",
        "true": "fireNotification"
      }
    },
    "fireNotification": {
      "module": "vb/action/builtin/fireNotificationEventAction",
      "parameters": {
        "target": "leaf",
        "summary": "Error",
        "message": "Employee is not eligible for Air Ticket Encashment",
        "displayMode": "transient"
      },
      "outcomes": {
        "success": "callChainCalcEmpEligibilty2"
      }
    },
    "callChainCheckUpdatedTicketDueDate": {
      "module": "vb/action/builtin/callChainAction",
      "parameters": {
        "id": "checkUpdatedTicketDueDate",
        "params": {
          "p_personId": "{{ $page.variables.xxyasSelectedEmployee.personId }}",
          "p_ticketDueDate": "{{ $page.variables.xxyasSelectedEmployee.ticketDueDate }}"
        }
      },
      "outcomes": {
        "success": "callChainFetchChildsInfo"
      }
    },
    "callChainCalcEmpEligibilty2": {
      "module": "vb/action/builtin/callChainAction",
      "parameters": {
        "id": "calcEmpEligibilty",
        "params": {
          "ticketEligibility": "{{ $page.variables.xxyasAirTicketReq.ticketEligibility }}"
        }
      }
    }
  }
}