{
  "root": "getAirTicketReqCallRest",
  "description": "",
  "actions": {
    "fireNotification": {
      "module": "vb/action/builtin/fireNotificationEventAction",
      "parameters": {
        "target": "leaf",
        "summary": "[[ $chain.results.getAirTicketReqCallRest.message.summary ]]",
        "type": "error",
        "displayMode": "persist"
      },
      "outcomes": {
        "success": "return2"
      }
    },
    "getAirTicketReqCallRest": {
      "module": "vb/action/builtin/restAction",
      "parameters": {
        "endpoint": "ics/postXXYAS_COMMON_LOV1_0GetLovData",
        "uriParams": {
          "lovName": "YAS_AT_REQ_SEARCH"
        },
        "body": {
          "XxLOVParameters": [
            {
              "parameter": "[[ $page.variables.p_airTicketReqId ]]"
            },
            {
              "parameter": "[[ $page.variables.p_processId ]]"
            },
            {
              "parameter": ""
            },
            {
              "parameter": ""
            },
            {
              "parameter": ""
            }
          ]
        }
      },
      "outcomes": {
        "failure": "fireNotification",
        "success": "parseAirTicketReqJSON"
      }
    },
    "parseAirTicketReqJSON": {
      "module": "vb/action/builtin/callModuleFunctionAction",
      "parameters": {
        "module": "[[ $application.functions ]]",
        "functionName": "parseJSON",
        "params": [
          "{{ $chain.results.getAirTicketReqCallRest.body.XxLOVResult }}"
        ]
      },
      "outcomes": {
        "success": "if"
      }
    },
    "if": {
      "module": "vb/action/builtin/ifAction",
      "parameters": {
        "condition": "[[ $chain.results.parseAirTicketReqJSON.length>0 ]]"
      },
      "outcomes": {
        "false": "return",
        "true": "getAirTicketLinesCallRest"
      }
    },
    "return": {
      "module": "vb/action/builtin/returnAction",
      "parameters": {
        "outcome": "failure"
      }
    },
    "fireNotification2": {
      "module": "vb/action/builtin/fireNotificationEventAction",
      "parameters": {
        "target": "leaf",
        "summary": "[[ $chain.results.getAirTicketLinesCallRest.message.summary ]]",
        "type": "error",
        "displayMode": "persist"
      },
      "outcomes": {
        "success": "return3"
      }
    },
    "getAirTicketLinesCallRest": {
      "module": "vb/action/builtin/restAction",
      "parameters": {
        "endpoint": "ics/postXXYAS_COMMON_LOV1_0GetLovData",
        "uriParams": {
          "lovName": "YAS_AT_LINES"
        },
        "body": {
          "XxLOVParameters": [
            {
              "parameter": "[[ $chain.results.parseAirTicketReqJSON[0].airTicketReqId ]]"
            }
          ]
        }
      },
      "outcomes": {
        "failure": "fireNotification2",
        "success": "parseAirTicketLinesJSON"
      }
    },
    "parseAirTicketLinesJSON": {
      "module": "vb/action/builtin/callModuleFunctionAction",
      "parameters": {
        "module": "[[ $application.functions ]]",
        "functionName": "parseJSON",
        "params": [
          "{{ $chain.results.getAirTicketLinesCallRest.body.XxLOVResult }}"
        ]
      },
      "outcomes": {
        "success": "callChainFetchChildsInfo"
      }
    },
    "return2": {
      "module": "vb/action/builtin/returnAction",
      "parameters": {
        "outcome": "failure"
      }
    },
    "return3": {
      "module": "vb/action/builtin/returnAction",
      "parameters": {
        "outcome": "failure"
      }
    },
    "callChainFetchChildsInfo": {
      "module": "vb/action/builtin/callChainAction",
      "parameters": {
        "id": "fetchChildsInfo",
        "params": {
          "p_personId": "{{ $chain.results.parseAirTicketReqJSON[0].personId }}"
        }
      },
      "outcomes": {
        "success": "callChainFetchSpouseInfo"
      }
    },
    "callChainFetchSpouseInfo": {
      "module": "vb/action/builtin/callChainAction",
      "parameters": {
        "id": "fetchSpouseInfo",
        "params": {
          "p_personId": "{{ $chain.results.parseAirTicketReqJSON[0].personId }}"
        }
      },
      "outcomes": {
        "success": "assignVariablesXxyasAirTicketReq"
      }
    },
    "assignVariablesXxyasAirTicketReq": {
      "module": "vb/action/builtin/assignVariablesAction",
      "parameters": {
        "$page.variables.xxyasAirTicketReq": {
          "source": "{{ $chain.results.parseAirTicketReqJSON[0] }}",
          "auto": "always"
        },
        "$page.variables.xxyasAirTicketReqOriginal": {
          "source": "{{ $chain.results.parseAirTicketReqJSON[0] }}",
          "auto": "always"
        }
      },
      "outcomes": {
        "success": "assignVariablesXxyasAirTicketLines"
      }
    },
    "assignVariablesXxyasAirTicketLines": {
      "module": "vb/action/builtin/assignVariablesAction",
      "parameters": {
        "$page.variables.xxyasAirTicketLines": {
          "source": {
            "data": "{{ $chain.results.parseAirTicketLinesJSON }}"
          },
          "reset": "none",
          "auto": "always",
          "mapping": {
            "$target.data": {
              "source": "$source.data",
              "reset": "empty"
            }
          }
        },
        "$page.variables.xxyasAirTicketLinesDML": {
          "source": {
            "data": "{{ $chain.results.parseAirTicketLinesJSON }}"
          },
          "reset": "none",
          "auto": "always",
          "mapping": {
            "$target.data": {
              "source": "$source.data",
              "reset": "empty"
            }
          }
        },
        "$page.variables.xxyasAirTicketLinesOriginal": {
          "source": "{{ $chain.results.parseAirTicketLinesJSON }}",
          "reset": "empty"
        }
      },
      "outcomes": {
        "success": "return4"
      }
    },
    "return4": {
      "module": "vb/action/builtin/returnAction",
      "parameters": {
        "outcome": "success"
      }
    }
  }
}