{
  "root": "callRestGetTasks",
  "description": "",
  "actions": {

    "assignVariablesTasks": {
      "module": "vb/action/builtin/assignVariablesAction",
      "parameters": {
        "$page.variables.tasks": {
          "source": "{{ $chain.results.callRestGetTasks.body }}",
          "auto": "always"
        }
      }
    },
    "fireNotification2": {
      "module": "vb/action/builtin/fireNotificationEventAction",
      "parameters": {
        "target": "leaf",
        "summary": "[[ $chain.results.callRestGetTasks.message.summary ]]",
        "type": "error",
        "displayMode": "persist"
      }
    },
    "callRestGetTasks": {
      "module": "vb/action/builtin/restAction",
      "parameters": {
        "endpoint": "opa_pcs/getTasks",
        "uriParams": {
          "processInstanceId": "{{ $page.variables.p_processId }}"
        }
      },
      "outcomes": {
        "success": "assignVariablesTasks",
        "failure": "fireNotification2"
      }
    }
  }
}