{
  "root": "assignVariablesXxyasAirTicketReq",
  "description": "",
  "actions": {
    "assignVariablesXxyasAirTicketReq": {
      "module": "vb/action/builtin/assignVariablesAction",
      "parameters": {
        "$page.variables.xxyasAirTicketReq": {
          "source": "{{ $flow.variables.xxyasUser }}",
          "auto": "always",
          "mapping": {
            "$target.dueDate": {
              "source": "$source.ticketDueDate",
              "reset": "none"
            }
          }
        }
      },
      "outcomes": {
        "success": "callChainFetchSpouseInfo"
      }
    },
    "callChainFetchSpouseInfo": {
      "module": "vb/action/builtin/callChainAction",
      "parameters": {
        "id": "fetchSpouseInfo",
        "params": {
          "p_personId": "{{ $page.variables.xxyasAirTicketReq.personId }}"
        }
      },
      "outcomes": {
        "success": "callChainFetchChildsInfo"
      }
    },
    "callChainFetchChildsInfo": {
      "module": "vb/action/builtin/callChainAction",
      "parameters": {
        "id": "fetchChildsInfo",
        "params": {
          "p_personId": "{{ $page.variables.xxyasAirTicketReq.personId }}"
        }
      },
      "outcomes": {
        "success": "return"
      }
    },
    "return": {
      "module": "vb/action/builtin/returnAction",
      "parameters": {
        "outcome": "success"
      }
    }
  }
}