{
  "description": "",
  "root": "assignVariablesVAirTicketLineId",
  "actions": {
    "assignVariablesVAirTicketLineId": {
      "module": "vb/action/builtin/assignVariablesAction",
      "parameters": {
        "$page.variables.v_airTicketLineId": {
          "source": "{{ $page.variables.v_airTicketLineId - 1 }}"
        }
      },
      "outcomes": {
        "success": "assignVariablesCurrAirTicketLine"
      }
    },
    "assignVariablesCurrAirTicketLine": {
      "module": "vb/action/builtin/assignVariablesAction",
      "parameters": {
        "$page.variables.currAirTicketLine": {
          "source": {
            "airTicketLineId": "{{ $page.variables.v_airTicketLineId }}",
            "airTicketReqId": "{{ $page.variables.xxyasAirTicketReq.airTicketReqId }}"
          },
          "reset": "empty",
          "auto": "always"
        }
      },
      "outcomes": {
        "success": "callFunctionCallComponent"
      }
    },
    "callComponentChildOjDialog8178804891Open": {
      "module": "vb/action/builtin/callComponentMethodAction",
      "parameters": {
        "component": "{{ document.getElementById('child-oj-dialog-817880489-1') }}",
        "method": "open"
      }
    },
    "callFunctionCallComponent": {
      "module": "vb/action/builtin/callModuleFunctionAction",
      "parameters": {
        "module": "[[ $functions ]]",
        "functionName": "callComponent",
        "params": [
          "child-oj-dialog-817880489-1"
        ]
      },
      "outcomes": {
        "success": "callComponentChildOjDialog8178804891Open"
      }
    }
  },
  "variables": {}
}