{
  "description": "",
  "root": "callFunctionCallComponent",
  "actions": {
    "callComponentDialogUnsavedWarningClose": {
      "module": "vb/action/builtin/callComponentMethodAction",
      "parameters": {
        "component": "{{ document.getElementById('dialog-unsaved-warning') }}",
        "method": "close"
      }
    },
    "callFunctionCallComponent": {
      "module": "vb/action/builtin/callModuleFunctionAction",
      "parameters": {
        "module": "[[ $functions ]]",
        "functionName": "callComponent",
        "params": [
          "dialog-unsaved-warning"
        ]
      },
      "outcomes": {
        "success": "callComponentDialogUnsavedWarningClose"
      }
    }
  },
  "variables": {}
}