{
  "description": "",
  "root": "fireDataProviderEventXxyasAirTicketLines",
  "actions": {
    "fireDataProviderEventXxyasAirTicketLines": {
      "module": "vb/action/builtin/fireDataProviderEventAction",
      "parameters": {
        "target": "[[ $page.variables.xxyasAirTicketLines ]]",
        "update": {
          "data": "{{ $page.variables.currAirTicketLine }}"
        }
      },
      "outcomes": {
        "success": "assignVariablesCurrAirTicketLine"
      }
    },
    "assignVariablesCurrAirTicketLine": {
      "module": "vb/action/builtin/assignVariablesAction",
      "parameters": {
        "$page.variables.currAirTicketLine": {
          "source": {
            "mode": "{{ $page.variables.currAirTicketLine.airTicketLineId < 0 ? 'CREATE' : 'EDIT' }}"
          },
          "reset": "none",
          "auto": "always"
        }
      },
      "outcomes": {
        "success": "fireDataProviderEventXxyasAirTicketLinesDML"
      }
    },
    "fireDataProviderEventXxyasAirTicketLinesDML": {
      "module": "vb/action/builtin/fireDataProviderEventAction",
      "parameters": {
        "target": "[[ $page.variables.xxyasAirTicketLinesDML ]]",
        "update": {
          "data": "{{ $page.variables.currAirTicketLine }}"
        }
      },
      "outcomes": {
        "success": "resetVariablesCurrAirTicketLine"
      }
    },
    "resetVariablesCurrAirTicketLine": {
      "module": "vb/action/builtin/resetVariablesAction",
      "parameters": {
        "variables": [
          "$page.variables.currAirTicketLine",
          "$page.variables.v_ignoreValue"
        ]
      },
      "outcomes": {
        "success": "callComponentSpouseEditOjDialog8178804891Close"
      }
    },
    "callComponentSpouseEditOjDialog8178804891Close": {
      "module": "vb/action/builtin/callComponentMethodAction",
      "parameters": {
        "component": "{{ document.getElementById('spouse-edit-oj-dialog-817880489-1') }}",
        "method": "close"
      }
    }
  },
  "variables": {}
}