{
  "description": "",
  "root": "if",
  "actions": {
    "fireDataProviderEventXxyasAirTicketLines": {
      "module": "vb/action/builtin/fireDataProviderEventAction",
      "parameters": {
        "target": "[[ $page.variables.xxyasAirTicketLines ]]",
        "update": {
          "data": "{{ $page.variables.currAirTicketLine }}"
        }
      },
      "outcomes": {
        "success": "assignVariablesCurrAirTicketLine"
      }
    },
    "assignVariablesCurrAirTicketLine": {
      "module": "vb/action/builtin/assignVariablesAction",
      "parameters": {
        "$page.variables.currAirTicketLine": {
          "source": {
            "mode": "{{ $page.variables.currAirTicketLine.airTicketLineId < 0 ? 'CREATE' : 'EDIT' }}"
          },
          "reset": "none",
          "auto": "always"
        }
      },
      "outcomes": {
        "success": "fireDataProviderEventXxyasAirTicketLinesDML"
      }
    },
    "fireDataProviderEventXxyasAirTicketLinesDML": {
      "module": "vb/action/builtin/fireDataProviderEventAction",
      "parameters": {
        "target": "[[ $page.variables.xxyasAirTicketLinesDML ]]",
        "update": {
          "data": "{{ $page.variables.currAirTicketLine }}"
        }
      },
      "outcomes": {
        "success": "resetVariablesCurrAirTicketLine"
      }
    },
    "resetVariablesCurrAirTicketLine": {
      "module": "vb/action/builtin/resetVariablesAction",
      "parameters": {
        "variables": [
          "$page.variables.currAirTicketLine",
          "$page.variables.v_ignoreValue"
        ]
      },
      "outcomes": {
        "success": "callFunctionCallComponent"
      }
    },
    "callComponentChildEditOjDialog8178804891Close": {
      "module": "vb/action/builtin/callComponentMethodAction",
      "parameters": {
        "component": "{{ document.getElementById('child-edit-oj-dialog-817880489-1') }}",
        "method": "close"
      }
    },
    "if": {
      "module": "vb/action/builtin/ifAction",
      "parameters": {
        "condition": "[[ $application.functions.isFormValid('child-update-dialog') ]]"
      },
      "outcomes": {
        "true": "fireDataProviderEventXxyasAirTicketLines"
      }
    },
    "callFunctionCallComponent": {
      "module": "vb/action/builtin/callModuleFunctionAction",
      "parameters": {
        "module": "[[ $functions ]]",
        "functionName": "callComponent",
        "params": [
          "child-edit-oj-dialog-817880489-1"
        ]
      },
      "outcomes": {
        "success": "callComponentChildEditOjDialog8178804891Close"
      }
    }
  },
  "variables": {}
}