{
  "description": "",
  "root": "ifCurrAirTicketLine",
  "actions": {
    "ifCurrAirTicketLine": {
      "module": "vb/action/builtin/ifAction",
      "parameters": {
        "condition": "[[ !$application.functions.isEmpty($page.variables.currAirTicketLine.contactPersonId) ]]"
      },
      "outcomes": {
        "true": "fireDataProviderEventXxyasAirTicketLines",
        "false": "resetVariablesCurrAirTicketLine"
      }
    },
    "fireDataProviderEventXxyasAirTicketLines": {
      "module": "vb/action/builtin/fireDataProviderEventAction",
      "parameters": {
        "target": "[[ $page.variables.xxyasAirTicketLines ]]",
        "add": {
          "data": "{{ $page.variables.currAirTicketLine }}"
        }
      },
      "outcomes": {
        "success": "assignVariablesCurrAirTicketLine"
      }
    },
    "resetVariablesCurrAirTicketLine": {
      "module": "vb/action/builtin/resetVariablesAction",
      "parameters": {
        "variables": [
          "$page.variables.currAirTicketLine"
        ]
      },
      "outcomes": {
        "success": "callFunctionCallComponent"
      }
    },
    "callComponentSpouseOjDialog8178804891Close": {
      "module": "vb/action/builtin/callComponentMethodAction",
      "parameters": {
        "component": "{{ document.getElementById('spouse-oj-dialog-817880489-1') }}",
        "method": "close"
      }
    },
    "assignVariablesCurrAirTicketLine": {
      "module": "vb/action/builtin/assignVariablesAction",
      "parameters": {
        "$page.variables.currAirTicketLine": {
          "source": {
            "mode": "CREATE"
          },
          "reset": "none",
          "auto": "always"
        }
      },
      "outcomes": {
        "success": "fireDataProviderEventXxyasAirTicketLinesDML"
      }
    },
    "fireDataProviderEventXxyasAirTicketLinesDML": {
      "module": "vb/action/builtin/fireDataProviderEventAction",
      "parameters": {
        "target": "[[ $page.variables.xxyasAirTicketLinesDML ]]",
        "add": {
          "data": "{{ $page.variables.currAirTicketLine }}"
        }
      },
      "outcomes": {
        "success": "resetVariablesCurrAirTicketLine"
      }
    },
    "callFunctionCallComponent": {
      "module": "vb/action/builtin/callModuleFunctionAction",
      "parameters": {
        "module": "[[ $functions ]]",
        "functionName": "callComponent",
        "params": [
          "spouse-oj-dialog-817880489-1"
        ]
      },
      "outcomes": {
        "success": "callComponentSpouseOjDialog8178804891Close"
      }
    }
  },
  "variables": {}
}