{
  "description": "",
  "root": "if",
  "actions": {
    "fireDataProviderEventXxyasAirTicketLines": {
      "module": "vb/action/builtin/fireDataProviderEventAction",
      "parameters": {
        "target": "[[ $page.variables.xxyasAirTicketLines ]]",
        "add": {
          "data": "{{ $page.variables.currAirTicketLine }}"
        }
      },
      "outcomes": {
        "success": "assignVariablesCurrAirTicketLine"
      }
    },
    "ifCurrAirTicketLine": {
      "module": "vb/action/builtin/ifAction",
      "parameters": {
        "condition": "[[ !$application.functions.isEmpty($page.variables.currAirTicketLine.contactPersonId) ]]"
      },
      "outcomes": {
        "true": "fireDataProviderEventXxyasAirTicketLines",
        "false": "resetVariablesCurrAirTicketLine"
      }
    },
    "resetVariablesCurrAirTicketLine": {
      "module": "vb/action/builtin/resetVariablesAction",
      "parameters": {
        "variables": [
          "$page.variables.currAirTicketLine"
        ]
      },
      "outcomes": {
        "success": "callFunctionCallComponent"
      }
    },
    "callComponentChildOjDialog8178804891Close": {
      "module": "vb/action/builtin/callComponentMethodAction",
      "parameters": {
        "component": "{{ document.getElementById('child-oj-dialog-817880489-1') }}",
        "method": "close"
      },
      "outcomes": {
        "success": "callFunctionTest"
    }
    },
    "assignVariablesCurrAirTicketLine": {
      "module": "vb/action/builtin/assignVariablesAction",
      "parameters": {
        "$page.variables.currAirTicketLine": {
          "source": {
            "mode": "CREATE"
          },
          "reset": "none",
          "auto": "always"
        }
      },
      "outcomes": {
        "success": "fireDataProviderEventXxyasAirTicketLinesDML"
      }
    },
    "fireDataProviderEventXxyasAirTicketLinesDML": {
      "module": "vb/action/builtin/fireDataProviderEventAction",
      "parameters": {
        "add": {
          "data": "{{ $page.variables.currAirTicketLine }}"
        },
        "target": "[[ $page.variables.xxyasAirTicketLinesDML ]]"
      },
      "outcomes": {
        "success": "resetVariablesCurrAirTicketLine"
      }
    },
    "if": {
      "module": "vb/action/builtin/ifAction",
      "parameters": {
        "condition": "[[ $application.functions.isFormValid('child-add-dialog') ]]"
      },
      "outcomes": {
        "true": "ifCurrAirTicketLine"
      }
    },
    "callFunctionCallComponent": {
      "module": "vb/action/builtin/callModuleFunctionAction",
      "parameters": {
        "module": "[[ $functions ]]",
        "functionName": "callComponent",
        "params": [
          "child-oj-dialog-817880489-1"
        ]
      },
      "outcomes": {
        "success": "callComponentChildOjDialog8178804891Close"
      }
    },
    "callFunctionTest": {
      "module": "vb/action/builtin/callModuleFunctionAction",
      "parameters": {
        "module": "[[ $functions ]]",
        "functionName": "test",
        "params": [
          "{{ $page.variables.xxyasAirTicketLines.data }}"
        ]
      }
    }
  },
  "variables": {}
}