{
  "root": "assignVariablesIsPageLoading",
  "description": "",
  "variables": {},
  "actions": {
    "callFunctionOpenSpinnerDialog": {
      "module": "vb/action/builtin/callModuleFunctionAction",
      "parameters": {
        "module": "[[ $application.functions ]]",
        "functionName": "openSpinnerDialog"
      },
      "outcomes": {
        "success": "ifPRequestType"
      }
    },
    "ifPRequestType": {
      "module": "vb/action/builtin/ifAction",
      "parameters": {
        "condition": "[[ $page.variables.p_requestType == \"CREATE\" ]]"
      },
      "outcomes": {
        "true": "callChainInitPersonData",
        "false": "if"
      }
    },
    "callFunctionCloseSpinnerDialog": {
      "module": "vb/action/builtin/callModuleFunctionAction",
      "parameters": {
        "module": "[[ $application.functions ]]",
        "functionName": "closeSpinnerDialog"
      },
      "outcomes": {
        "success": "assignVariablesIsPageLoading2"
      }
    },
    "callChainInitPersonData": {
      "module": "vb/action/builtin/callChainAction",
      "parameters": {
        "id": "initPersonData"
      },
      "outcomes": {
        "success": "assignVariablesXxyasAirTicketReq"
      }
    },
    "assignVariablesIsPageLoading": {
      "module": "vb/action/builtin/assignVariablesAction",
      "parameters": {
        "$page.variables.isPageLoading": {
          "source": "LOADING"
        }
      },
      "outcomes": {
        "success": "callFunctionOpenSpinnerDialog"
      }
    },
    "assignVariablesIsPageLoading2": {
      "module": "vb/action/builtin/assignVariablesAction",
      "parameters": {
        "$page.variables.isPageLoading": {
          "source": "LOADED"
        }
      }
    },
    "assignVariablesXxyasAirTicketReq": {
      "module": "vb/action/builtin/assignVariablesAction",
      "parameters": {
        "$page.variables.xxyasAirTicketReq": {
          "source": {
            "currentStatus": "DRAFT",
            "mode": "CREATE"
          },
          "reset": "none",
          "auto": "always"
        }
      },
      "outcomes": {
        "success": "callChainCheckUpdatedTicketDueDate"
      }
    },
    "if": {
      "module": "vb/action/builtin/ifAction",
      "parameters": {
        "condition": "[[ $application.functions.isEmpty($page.variables.p_airTicketReqId) && $application.functions.isEmpty($page.variables.p_processId) ]]"
      },
      "outcomes": {
        "true": "callChainCalcEmpEligibilty",
        "false": "callChainFetchAirTicketReqLines"
      }
    },
    "callChainFetchAirTicketReqLines": {
      "module": "vb/action/builtin/callChainAction",
      "parameters": {
        "id": "fetchAirTicketReqLines"
      },
      "outcomes": {
        "success": "callChainFetchAttachmentsMetadata"
      }
    },
    "callChainFetchAttachmentsMetadata": {
      "module": "vb/action/builtin/callChainAction",
      "parameters": {
        "id": "fetchAttachmentsMetadata"
      },
      "outcomes": {
        "success": "callChainFetchTaskActions"
      }
    },
    "callChainFetchTaskActions": {
      "module": "vb/action/builtin/callChainAction",
      "parameters": {
        "id": "fetchTaskActions"
      },
      "outcomes": {
        "success": "assignVariablesPRequestType"
      }
    },
    "callChainCalcEmpEligibilty": {
      "module": "vb/action/builtin/callChainAction",
      "parameters": {
        "id": "calcEmpEligibilty",
        "params": {
          "ticketEligibility": "{{ $page.variables.xxyasAirTicketReq.ticketEligibility }}"
        }
      },
      "outcomes": {
        "success": "callFunctionCloseSpinnerDialog"
      }
    },
    "callChainCheckUpdatedTicketDueDate": {
      "module": "vb/action/builtin/callChainAction",
      "parameters": {
        "id": "checkUpdatedTicketDueDate",
        "params": {
          "p_personId": "{{ $flow.variables.xxyasUser.personId }}",
          "p_ticketDueDate": "{{ $flow.variables.xxyasUser.ticketDueDate }}"
        }
      },
      "outcomes": {
        "success": "callChainCalcEmpEligibilty"
      }
    },
    "assignVariablesPRequestType": {
      "module": "vb/action/builtin/assignVariablesAction",
      "parameters": {
        "$page.variables.p_requestType": {
          "source": "{{ $page.variables.tasks.items.length > 0 && $page.variables.xxyasAirTicketReq.currentStatus == 'REQ_FOR_INFO' ? 'EDIT' : $page.variables.p_requestType }}"
        }
      },
      "outcomes": {
        "success": "callChainCalcEmpEligibilty"
      }
    }
  }
}