{
  "description": "",
  "root": "fireDataProviderEventXxyasAttachmentsADP",
  "actions": {
    "fireDataProviderEventXxyasAttachmentsADP": {
      "module": "vb/action/builtin/fireDataProviderEventAction",
      "parameters": {
        "target": "[[ $page.variables.xxyasAttachmentsADP ]]",
        "remove": {
          "indexes": [
            "{{ $variables.index }}"
          ]
        }
      },
      "outcomes": {
        "success": "fireDataProviderEventXxyasAttachmentsADP2"
      }
    },
    "fireDataProviderEventXxyasAttachmentsADP2": {
      "module": "vb/action/builtin/fireDataProviderEventAction",
      "parameters": {
        "target": "[[ $page.variables.xxyasAttachmentsADP ]]",
        "refresh": null
      }
    }
  },
  "variables": {
    "key": {
      "required": true,
      "type": "any",
      "input": "fromCaller"
    },
    "index": {
      "required": true,
      "type": "number",
      "input": "fromCaller"
    },
    "current": {
      "required": true,
      "type": "any",
      "input": "fromCaller"
    }
  }
}