{
  "description": "",
  "root": "ifXxyasEmpEligibilty",
  "actions": {
    "return": {
      "module": "vb/action/builtin/returnAction",
      "parameters": {
        "outcome": "failure"
      }
    },
    "callFunctionOpenSpinnerDialog": {
      "module": "vb/action/builtin/callModuleFunctionAction",
      "parameters": {
        "module": "[[ $application.functions ]]",
        "functionName": "openSpinnerDialog"
      },
      "outcomes": {
        "success": "callRestGetXXYASEXTOTBIPROBATPERIOD1ProbationPeriod"
      }
    },
    "assignVariablesXxyasAirTicketReq": {
      "module": "vb/action/builtin/assignVariablesAction",
      "parameters": {
        "$page.variables.xxyasAirTicketReq": {
          "source": {
            "mode": "{{ $page.variables.p_requestType }}",
            "requestedBy": "{{ $flow.variables.xxyasUser.personId }}"
          },
          "reset": "none",
          "auto": "always"
        }
      },
      "outcomes": {
        "success": "if5"
      }
    },
    "fireNotification": {
      "module": "vb/action/builtin/fireNotificationEventAction",
      "parameters": {
        "target": "leaf",
        "summary": "[[ $chain.results.callRestAirTicketDML.message.summary ]]",
        "type": "error",
        "displayMode": "transient",
        "message": "[[ ($chain.results.callRestAirTicketDML.body[\"o:errorDetails\"])[0].detail ]]"
      },
      "outcomes": {
        "success": "callFunctionCloseSpinnerDialog"
      }
    },
    "callRestAirTicketDML": {
      "module": "vb/action/builtin/restAction",
      "parameters": {
        "endpoint": "ics/airTicketDML",
        "body": {
          "XXYASAirTicket": "[[ $page.variables.xxyasAirTicketDML ]]"
        }
      },
      "outcomes": {
        "failure": "fireNotification",
        "success": "if2"
      }
    },
    "assignVariablesXxyasAirTicketDML": {
      "module": "vb/action/builtin/assignVariablesAction",
      "parameters": {
        "$page.variables.xxyasAirTicketDML": {
          "source": "{{ $page.variables.xxyasAirTicketReq }}",
          "auto": "always",
          "mapping": {
            "$target.airTicketLines": {
              "source": "$page.variables.xxyasAirTicketLinesDML.data",
              "reset": "empty"
            }
          }
        }
      },
      "outcomes": {
        "success": "callRestAirTicketDML"
      }
    },
    "if2": {
      "module": "vb/action/builtin/ifAction",
      "parameters": {
        "condition": "[[ $chain.results.callRestAirTicketDML.body.processingResult == 'SUCCESS' ]]"
      },
      "outcomes": {
        "true": "parseAirTicketReqJSON",
        "false": "fireNotification3"
      }
    },
    "callFunctionCloseSpinnerDialog": {
      "module": "vb/action/builtin/callModuleFunctionAction",
      "parameters": {
        "module": "[[ $application.functions ]]",
        "functionName": "closeSpinnerDialog"
      },
      "outcomes": {
        "success": "return2"
      }
    },
    "return2": {
      "module": "vb/action/builtin/returnAction",
      "parameters": {
        "outcome": "failure"
      }
    },
    "parseAirTicketReqJSON": {
      "module": "vb/action/builtin/callModuleFunctionAction",
      "parameters": {
        "module": "[[ $application.functions ]]",
        "functionName": "parseJSON",
        "params": [
          "{{ $chain.results.callRestAirTicketDML.body.XXYASAirTicketReq }}"
        ]
      },
      "outcomes": {
        "success": "parseAirTicketLinesJSON"
      }
    },
    "fireNotification3": {
      "module": "vb/action/builtin/fireNotificationEventAction",
      "parameters": {
        "target": "leaf",
        "summary": "[[ $chain.results.callRestAirTicketDML.body.processingResult ]]",
        "message": "[[ $chain.results.callRestAirTicketDML.body.errorMessage ]]",
        "displayMode": "transient"
      },
      "outcomes": {
        "success": "callFunctionCloseSpinnerDialog2"
      }
    },
    "callFunctionCloseSpinnerDialog2": {
      "module": "vb/action/builtin/callModuleFunctionAction",
      "parameters": {
        "module": "[[ $application.functions ]]",
        "functionName": "closeSpinnerDialog"
      },
      "outcomes": {
        "success": "return3"
      }
    },
    "return3": {
      "module": "vb/action/builtin/returnAction",
      "parameters": {
        "outcome": "failure"
      }
    },
    "parseAirTicketLinesJSON": {
      "module": "vb/action/builtin/callModuleFunctionAction",
      "parameters": {
        "module": "[[ $application.functions ]]",
        "functionName": "parseJSON",
        "params": [
          "{{ $chain.results.callRestAirTicketDML.body.XXYASAirTicketLines }}"
        ]
      },
      "outcomes": {
        "success": "if4"
      }
    },
    "if4": {
      "module": "vb/action/builtin/ifAction",
      "parameters": {
        "condition": "[[ $chain.results.parseAirTicketReqJSON.length > 0 ]]"
      },
      "outcomes": {
        "true": "assignVariablesXxyasAirTicketReq3",
        "false": "callFunctionCloseSpinnerDialog4"
      }
    },
    "assignVariablesXxyasAirTicketReq3": {
      "module": "vb/action/builtin/assignVariablesAction",
      "parameters": {
        "$page.variables.xxyasAirTicketReq": {
          "source": "{{ $chain.results.parseAirTicketReqJSON[0] }}",
          "auto": "always"
        }
      },
      "outcomes": {
        "success": "assignVariablesPRequestType"
      }
    },
    "assignVariablesPRequestType": {
      "module": "vb/action/builtin/assignVariablesAction",
      "parameters": {
        "$page.variables.p_requestType": {
          "source": "{{ $page.variables.p_requestType != 'REVIEW' ? 'EDIT' : 'REVIEW' }}"
        },
        "$page.variables.p_airTicketReqId": {
          "source": "{{ $page.variables.xxyasAirTicketReq.airTicketReqId }}"
        }
      },
      "outcomes": {
        "success": "assignVariablesXxyasAirTicketReqOriginal"
      }
    },
    "assignVariablesXxyasAirTicketReqOriginal": {
      "module": "vb/action/builtin/assignVariablesAction",
      "parameters": {
        "$page.variables.xxyasAirTicketReqOriginal": {
          "source": "{{ $page.variables.xxyasAirTicketReq }}",
          "auto": "always"
        }
      },
      "outcomes": {
        "success": "assignVariablesXxyasAirTicketLines"
      }
    },
    "callFunctionCloseSpinnerDialog3": {
      "module": "vb/action/builtin/callModuleFunctionAction",
      "parameters": {
        "module": "[[ $application.functions ]]",
        "functionName": "closeSpinnerDialog"
      },
      "outcomes": {
        "success": "fireNotification4"
      }
    },
    "fireNotification4": {
      "module": "vb/action/builtin/fireNotificationEventAction",
      "parameters": {
        "target": "leaf",
        "type": "confirmation",
        "summary": "Success",
        "message": "[[ 'Request Saved Successfully : ' + $page.variables.xxyasAirTicketReq.airTicketReqNo ]]",
        "displayMode": "transient"
      },
      "outcomes": {
        "success": "callFunctionLogger"
      }
    },
    "return4": {
      "module": "vb/action/builtin/returnAction",
      "parameters": {
        "outcome": "success"
      }
    },
    "callFunctionCloseSpinnerDialog4": {
      "module": "vb/action/builtin/callModuleFunctionAction",
      "parameters": {
        "module": "[[ $application.functions ]]",
        "functionName": "closeSpinnerDialog"
      },
      "outcomes": {
        "success": "fireNotification5"
      }
    },
    "fireNotification5": {
      "module": "vb/action/builtin/fireNotificationEventAction",
      "parameters": {
        "target": "leaf",
        "summary": "Error",
        "message": "Please Contact System Adminstrator",
        "displayMode": "transient"
      },
      "outcomes": {
        "success": "return5"
      }
    },
    "return5": {
      "module": "vb/action/builtin/returnAction",
      "parameters": {
        "outcome": "failure"
      }
    },
    "assignVariablesXxyasAirTicketLines": {
      "module": "vb/action/builtin/assignVariablesAction",
      "parameters": {
        "$page.variables.xxyasAirTicketLines": {
          "source": {
            "data": "{{ $chain.results.parseAirTicketLinesJSON }}"
          },
          "reset": "none",
          "auto": "always",
          "mapping": {
            "$target.data": {
              "source": "$source.data",
              "reset": "empty"
            }
          }
        }
      },
      "outcomes": {
        "success": "assignVariablesXxyasAirTicketLinesOriginal"
      }
    },
    "assignVariablesXxyasAirTicketLinesOriginal": {
      "module": "vb/action/builtin/assignVariablesAction",
      "parameters": {
        "$page.variables.xxyasAirTicketLinesOriginal": {
          "source": "{{ $page.variables.xxyasAirTicketLines.data }}",
          "reset": "empty"
        }
      },
      "outcomes": {
        "success": "assignVariablesXxyasAirTicketLinesDML"
      }
    },
    "resetVariablesXxyasAirTicketDML": {
      "module": "vb/action/builtin/resetVariablesAction",
      "parameters": {
        "variables": [
          "$page.variables.xxyasAirTicketDML"
        ]
      },
      "outcomes": {
        "success": "callChainSaveAttachments"
      }
    },
    "assignVariablesXxyasAirTicketLinesDML": {
      "module": "vb/action/builtin/assignVariablesAction",
      "parameters": {
        "$page.variables.xxyasAirTicketLinesDML": {
          "source": {
            "data": "{{ $chain.results.parseAirTicketLinesJSON }}"
          },
          "reset": "none",
          "auto": "always",
          "mapping": {
            "$target.data": {
              "source": "$source.data",
              "reset": "empty"
            }
          }
        }
      },
      "outcomes": {
        "success": "resetVariablesXxyasAirTicketDML"
      }
    },
    "callChainSaveAttachments": {
      "module": "vb/action/builtin/callChainAction",
      "parameters": {
        "id": "saveAttachments"
      },
      "outcomes": {
        "success": "callFunctionCloseSpinnerDialog3"
      }
    },
    "callFunctionLogger": {
      "module": "vb/action/builtin/callModuleFunctionAction",
      "parameters": {
        "module": "[[ $application.functions ]]",
        "functionName": "logger",
        "params": [
          "{{ $page.variables.xxyasAirTicketLinesOriginal }}"
        ]
      },
      "outcomes": {
        "success": "return4"
      }
    },
    "ifXxyasEmpEligibilty": {
      "module": "vb/action/builtin/ifAction",
      "parameters": {
        "condition": "[[ $page.variables.xxyasEmpEligibilty.staff != 0 ]]"
      },
      "outcomes": {
        "true": "ifXxyasAirTicketReq",
        "false": "fireNotification7"
      }
    },
    "return7": {
      "module": "vb/action/builtin/returnAction",
      "parameters": {
        "outcome": "failure"
      }
    },
    "fireNotification7": {
      "module": "vb/action/builtin/fireNotificationEventAction",
      "parameters": {
        "target": "leaf",
        "summary": "Error",
        "message": "Employee is not eligible for Air Ticket Encashment",
        "displayMode": "transient"
      },
      "outcomes": {
        "success": "return7"
      }
    },
    "callChainCheckSubmittedAPAT": {
      "module": "vb/action/builtin/callChainAction",
      "parameters": {
        "id": "checkSubmittedAP_AT"
      },
      "outcomes": {
        "success": "assignVariablesXxyasAirTicketReq"
      }
    },
    "if5": {
      "module": "vb/action/builtin/ifAction",
      "parameters": {
        "condition": "[[ $page.variables.xxyasAirTicketValidation.airTicketEncashmentCount == 0 && $page.variables.xxyasAirTicketValidation.annualPassageCount == 0 ]]"
      },
      "outcomes": {
        "true": "assignVariablesXxyasAirTicketDML",
        "false": "fireNotification8"
      }
    },
    "return8": {
      "module": "vb/action/builtin/returnAction",
      "parameters": {
        "outcome": "failure"
      }
    },
    "fireNotification8": {
      "module": "vb/action/builtin/fireNotificationEventAction",
      "parameters": {
        "target": "leaf",
        "summary": "Error",
        "message": "Annual Passage or Air Ticket Encashment claim request is already in progress",
        "displayMode": "transient"
      },
      "outcomes": {
        "success": "callFunctionCloseSpinnerDialog5"
      }
    },
    "callFunctionCloseSpinnerDialog5": {
      "module": "vb/action/builtin/callModuleFunctionAction",
      "parameters": {
        "module": "[[ $application.functions ]]",
        "functionName": "closeSpinnerDialog"
      },
      "outcomes": {
        "success": "return8"
      }
    },
    "validateEmpEligibltyFullReq": {
      "module": "vb/action/builtin/callModuleFunctionAction",
      "parameters": {
        "module": "[[ $application.functions ]]",
        "functionName": "validateEmpEligibltyFullReq",
        "params": [
          "{{ $page.variables.xxyasEmpEligibilty.spouse }}",
          "{{ $page.variables.xxyasEmpEligibilty.childs }}",
          "{{ $page.variables.xxyasAirTicketLines.data }}",
          "{{ $page.variables.xxyasChildADP.data }}",
          "{{ $page.variables.xxyasSpouseADP.data }}"
        ]
      },
      "outcomes": {
        "success": "callRestCheckVisaValidation"
      }
    },
    "return6": {
      "module": "vb/action/builtin/returnAction",
      "parameters": {
        "outcome": "failure"
      }
    },
    "fireNotification6": {
      "module": "vb/action/builtin/fireNotificationEventAction",
      "parameters": {
        "target": "leaf",
        "displayMode": "persist",
        "summary": "Error",
        "message": "[[familyMemberRef.data.familyMemberResult]]"
      }
    },
    "callFunctionOpenSpinnerDialog2": {
      "module": "vb/action/builtin/callModuleFunctionAction",
      "parameters": {
        "module": "[[ $application.functions ]]",
        "functionName": "openSpinnerDialog"
      },
      "outcomes": {
        "success": "validateEmpEligibltyFullReq"
      }
    },
    "callFunctionCloseSpinnerDialog6": {
      "module": "vb/action/builtin/callModuleFunctionAction",
      "parameters": {
        "module": "[[ $application.functions ]]",
        "functionName": "closeSpinnerDialog"
      },
      "outcomes": {
        "success": "if3"
      }
    },
    "ifXxyasAirTicketReq": {
      "module": "vb/action/builtin/ifAction",
      "parameters": {
        "condition": "[[ !$application.functions.isEmpty($page.variables.xxyasAirTicketReq.processId) ]]"
      },
      "outcomes": {
        "false": "callFunctionOpenSpinnerDialog2",
        "true": "ifIsFormIsValid"
      }
    },
    "ifIsFormIsValid": {
      "module": "vb/action/builtin/ifAction",
      "parameters": {
        "condition": "[[ $application.functions.isFormValid('air-ticket-vg') ]]"
      },
      "outcomes": {
        "false": "return",
        "true": "callFunctionOpenSpinnerDialog"
      }
    },
    "callRestCheckVisaValidation": {
      "module": "vb/action/builtin/restAction",
      "parameters": {
        "endpoint": "ics/getXXYAS_EXT_OTBI_FAMIL_VISA_VALID1_0CheckVisaValidation",
        "uriParams": {
          "Person_Id": "{{ $page.variables.xxyasAirTicketReq.personId }}"
        }
      },
      "outcomes": {
        "success": "FamilyVisaValidation"
      }
    },
    "FamilyVisaValidation": {
      "module": "vb/action/builtin/callModuleFunctionAction",
      "parameters": {
        "module": "[[ $flow.functions ]]",
        "functionName": "checkVisaValidation",
        "params": [
          "{{ $page.variables.xxyasAirTicketLines.data }}",
          "{{ $chain.results.callRestCheckVisaValidation.body.XXYASVisaValidation }}"
        ],
        "returnType": "object[]"
      },
      "outcomes": {
        "success": "callFunctionCloseSpinnerDialog6"
      }
    },
    "forEach": {
      "module": "vb/action/builtin/forEachAction",
      "parameters": {
        "items": "{{ Object.values($chain.results.FamilyVisaValidation) }}",
        "as": "familyMemberRef",
        "actionId": "fireNotification6"
      },
      "outcomes": {
        "success": "return6"
      }
    },
    "if3": {
      "module": "vb/action/builtin/ifAction",
      "parameters": {
        "condition": "[[ $chain.results.FamilyVisaValidation.length == 0 ]]"
      },
      "outcomes": {
        "false": "forEach",
        "true": "ifIsFormIsValid"
      }
    },
    "fireNotification2": {
      "module": "vb/action/builtin/fireNotificationEventAction",
      "parameters": {
        "target": "leaf",
        "summary": "[[ $chain.results.callRestGetXXYASEXTOTBIPROBATPERIOD1ProbationPeriod.message.summary ]]",
        "type": "error",
        "displayMode": "transient",
        "message": "Error While checking Probation Period, Please Contact the Administrator!."
      },
      "outcomes": {
        "success": "return10"
      }
    },
    "callRestGetXXYASEXTOTBIPROBATPERIOD1ProbationPeriod": {
      "module": "vb/action/builtin/restAction",
      "parameters": {
        "endpoint": "ics/getXXYAS_EXT_OTBI_PROBAT_PERIOD1_0ProbationPeriod",
        "uriParams": {
          "Person_Id": "{{ $page.variables.xxyasAirTicketReq.personId }}"
        }
      },
      "outcomes": {
        "failure": "callFunctionClose",
        "success": "if6"
      }
    },
    "if6": {
      "module": "vb/action/builtin/ifAction",
      "parameters": {
        "condition": "[[ $chain.results.callRestGetXXYASEXTOTBIPROBATPERIOD1ProbationPeriod.body.XXYASProbationPeriod.status == \"Completed\" ]]"
      },
      "outcomes": {
        "true": "callChainCheckSubmittedAPAT",
        "false": "callFunctionCloseSpinnerDialog7"
      }
    },
    "callFunctionCloseSpinnerDialog7": {
      "module": "vb/action/builtin/callModuleFunctionAction",
      "parameters": {
        "module": "[[ $application.functions ]]",
        "functionName": "closeSpinnerDialog"
      },
      "outcomes": {
        "success": "fireNotification11"
      }
    },
    "callFunctionClose": {
      "module": "vb/action/builtin/callModuleFunctionAction",
      "parameters": {
        "module": "[[ $functions ]]",
        "functionName": "close"
      },
      "outcomes": {
        "success": "fireNotification2"
      }
    },
    "fireNotification11": {
      "module": "vb/action/builtin/fireNotificationEventAction",
      "parameters": {
        "target": "leaf",
        "displayMode": "transient",
        "summary": "Warning",
        "message": "Probation Period is not Completed, So the Employee is not eligible yet. Please Contact the Administrator!."
      },
      "outcomes": {
        "success": "return11"
      }
    },
    "return10": {
      "module": "vb/action/builtin/returnAction",
      "parameters": {
        "outcome": "failure"
      }
    },
    "return11": {
      "module": "vb/action/builtin/returnAction",
      "parameters": {
        "outcome": "failure"
      }
    }
  },
  "variables": {}
}