{
  "description": "",
  "root": "callFunctionOpenSpinnerDialog",
  "actions": {
    "callFunctionOpenSpinnerDialog": {
      "module": "vb/action/builtin/callModuleFunctionAction",
      "parameters": {
        "module": "[[ $application.functions ]]",
        "functionName": "openSpinnerDialog"
      },
      "outcomes": {
        "success": "callChainCheckSubmittedAPAT"
      }
    },
    "assignVariablesPRequestType": {
      "module": "vb/action/builtin/assignVariablesAction",
      "parameters": {
        "$page.variables.p_requestType": {
          "source": "REVIEW"
        },
        "$page.variables.xxyasAirTicketReqOriginal": {
          "source": {
            "currentStatus": "PENDING"
          },
          "reset": "none",
          "auto": "always"
        },
        "$page.variables.xxyasAirTicketReq": {
          "source": {
            "currentStatus": "PENDING"
          },
          "reset": "none",
          "auto": "always"
        }
      },
      "outcomes": {
        "success": "callFunctionCloseSpinnerDialog2"
      }
    },
    "callFunctionCloseSpinnerDialog": {
      "module": "vb/action/builtin/callModuleFunctionAction",
      "parameters": {
        "module": "[[ $application.functions ]]",
        "functionName": "closeSpinnerDialog"
      }
    },
    "callFunctionCloseSpinnerDialog2": {
      "module": "vb/action/builtin/callModuleFunctionAction",
      "parameters": {
        "module": "[[ $application.functions ]]",
        "functionName": "closeSpinnerDialog"
      },
      "outcomes": {
        "success": "fireNotification3"
      }
    },
    "fireNotification3": {
      "module": "vb/action/builtin/fireNotificationEventAction",
      "parameters": {
        "target": "leaf",
        "type": "confirmation",
        "summary": "Success",
        "message": "Request Submitted successfully",
        "displayMode": "transient"
      }
    },
    "callChainCheckSubmittedAPAT": {
      "module": "vb/action/builtin/callChainAction",
      "parameters": {
        "id": "checkSubmittedAP_AT"
      },
      "outcomes": {
        "success": "if"
      }
    },
    "if": {
      "module": "vb/action/builtin/ifAction",
      "parameters": {
        "condition": "[[ $page.variables.xxyasAirTicketValidation.airTicketEncashmentCount == 0 && $page.variables.xxyasAirTicketValidation.annualPassageCount == 0 ]]"
      },
      "outcomes": {
        "true": "assignVariablesAirTicketProcessInstance",
        "false": "fireNotification4"
      }
    },
    "fireNotification4": {
      "module": "vb/action/builtin/fireNotificationEventAction",
      "parameters": {
        "target": "leaf",
        "summary": "Error",
        "message": "Annual Passage or Air Ticket Encashment claim request is already in progress",
        "displayMode": "transient"
      },
      "outcomes": {
        "success": "callFunctionCloseSpinnerDialog3"
      }
    },
    "callFunctionCloseSpinnerDialog3": {
      "module": "vb/action/builtin/callModuleFunctionAction",
      "parameters": {
        "module": "[[ $application.functions ]]",
        "functionName": "closeSpinnerDialog"
      }
    },
    "fireNotification2": {
      "module": "vb/action/builtin/fireNotificationEventAction",
      "parameters": {
        "target": "leaf",
        "summary": "[[ $chain.results.callRestCreateInstance.message.summary ]]",
        "type": "error",
        "displayMode": "persist"
      },
      "outcomes": {
        "success": "callFunctionCloseSpinnerDialog"
      }
    },
    "callRestCreateInstance": {
      "module": "vb/action/builtin/restAction",
      "parameters": {
        "endpoint": "opa_AirTicket/createInstance",
        "body": "{{ $page.variables.airTicketProcessInstance }}"
      },
      "outcomes": {
        "success": "assignVariablesPRequestType",
        "failure": "fireNotification2"
      }
    },
    "assignVariablesAirTicketProcessInstance": {
      "module": "vb/action/builtin/assignVariablesAction",
      "parameters": {
        "$page.variables.airTicketProcessInstance": {
          "source": {
            "params": {
              "applicationName": "XXYASAirTicketApplication",
              "processName": "XXYASAirTicketProcess"
            },
            "dataObject": {
              "airTicketEncashmentRequest": "{{ $page.variables.xxyasAirTicketReqOriginal }}"
            }
          },
          "reset": "none",
          "auto": "always",
          "mapping": {
            "$target.params": {
              "source": "$source.params",
              "reset": "none",
              "auto": "always"
            },
            "$target.dataObject": {
              "source": "$source.dataObject",
              "reset": "none",
              "auto": "always",
              "mapping": {
                "$target.airTicketEncashmentRequest": {
                  "source": "$source.airTicketEncashmentRequest",
                  "reset": "none",
                  "auto": "always",
                  "mapping": {
                    "$target.airTicketLines": {
                      "source": "$page.variables.xxyasAirTicketLinesOriginal",
                      "reset": "empty"
                    }
                  }
                }
              }
            }
          }
        }
      },
      "outcomes": {
        "success": "callRestCreateInstance"
      }
    }
  },
  "variables": {}
}