{
  "description": "",
  "root": "ifTaskAction",
  "actions": {
    "callChainPerformTaskAction": {
      "module": "vb/action/builtin/callChainAction",
      "parameters": {
        "id": "PerformTaskAction"
      },
      "outcomes": {
        "success": "resetVariablesApprovalComments"
      }
    },
    "ifTaskAction": {
      "module": "vb/action/builtin/ifAction",
      "parameters": {
        "condition": "[[ $page.variables.taskAction.actionCode == 'APPROVE' ]]"
      },
      "outcomes": {
        "true": "ifTasks",
        "false": "if"
      }
    },
    "fireNotification": {
      "module": "vb/action/builtin/fireNotificationEventAction",
      "parameters": {
        "target": "leaf",
        "summary": "Error",
        "message": "Employee Ticket Amount is required",
        "displayMode": "transient"
      },
      "outcomes": {
        "success": "callComponentDialogApprovalClose"
      }
    },
    "callComponentDialogApprovalClose": {
      "module": "vb/action/builtin/callComponentMethodAction",
      "parameters": {
        "component": "{{ document.getElementById('dialog-approval') }}",
        "method": "close"
      },
      "outcomes": {
        "success": "resetVariablesApprovalComments"
      }
    },
    "ifTasks": {
      "module": "vb/action/builtin/ifAction",
      "parameters": {
        "condition": "[[ $application.functions.isValidApprovalLevelSwimLane($page.variables.tasks, 'HR Officer', '1') ]]"
      },
      "outcomes": {
        "false": "callChainPerformTaskAction",
        "true": "if2"
      }
    },
    "ifXxyasAirTicketLines": {
      "module": "vb/action/builtin/ifAction",
      "parameters": {
        "condition": "[[ !$application.functions.isEmptyArrByKey($page.variables.xxyasAirTicketLines.data, 'contactTicketAmount') ]]"
      },
      "outcomes": {
        "false": "fireNotification3",
        "true": "ifXxyasAttachmentsADP"
      }
    },
    "fireNotification3": {
      "module": "vb/action/builtin/fireNotificationEventAction",
      "parameters": {
        "target": "leaf",
        "summary": "Error",
        "message": "Contacts Ticket Amount is required",
        "displayMode": "transient"
      },
      "outcomes": {
        "success": "callComponentDialogApprovalClose2"
      }
    },
    "callComponentDialogApprovalClose2": {
      "module": "vb/action/builtin/callComponentMethodAction",
      "parameters": {
        "component": "{{ document.getElementById('dialog-approval') }}",
        "method": "close"
      },
      "outcomes": {
        "success": "resetVariablesApprovalComments"
      }
    },
    "callChainPerformTaskAction2": {
      "module": "vb/action/builtin/callChainAction",
      "parameters": {
        "id": "PerformTaskAction"
      },
      "outcomes": {
        "success": "resetVariablesApprovalComments"
      }
    },
    "callChainSaveAirTicketAction": {
      "module": "vb/action/builtin/callChainAction",
      "parameters": {
        "id": "saveAirTicketAction"
      },
      "outcomes": {
        "success": "callChainPerformTaskAction2"
      }
    },
    "resetVariablesApprovalComments": {
      "module": "vb/action/builtin/resetVariablesAction",
      "parameters": {
        "variables": [
          "$page.variables.approval_comments"
        ]
      },
      "outcomes": {}
    },
    "callChainPerformTaskAction3": {
      "module": "vb/action/builtin/callChainAction",
      "parameters": {
        "id": "PerformTaskAction"
      },
      "outcomes": {
        "success": "resetVariablesApprovalComments"
      }
    },
    "ifTaskAction3": {
      "module": "vb/action/builtin/ifAction",
      "parameters": {
        "condition": "[[ $page.variables.taskAction.actionCode == 'SUBMIT' ]]"
      },
      "outcomes": {
        "false": "callChainPerformTaskAction3",
        "true": "callChainSaveAirTicketAction2"
      }
    },
    "callChainSaveAirTicketAction2": {
      "module": "vb/action/builtin/callChainAction",
      "parameters": {
        "id": "saveAirTicketAction"
      },
      "outcomes": {
        "success": "callChainPerformTaskAction4"
      }
    },
    "callChainPerformTaskAction4": {
      "module": "vb/action/builtin/callChainAction",
      "parameters": {
        "id": "PerformTaskAction"
      },
      "outcomes": {
        "success": "resetVariablesApprovalComments"
      }
    },
    "ifXxyasAttachmentsADP": {
      "module": "vb/action/builtin/ifAction",
      "parameters": {
        "condition": "[[ $page.variables.xxyasAttachmentsADP.data.length != 0 ]]"
      },
      "outcomes": {
        "true": "callChainSaveAirTicketAction",
        "false": "fireNotification4"
      }
    },
    "fireNotification4": {
      "module": "vb/action/builtin/fireNotificationEventAction",
      "parameters": {
        "target": "leaf",
        "summary": "Error",
        "message": "You need to upload at least one attachment!",
        "displayMode": "transient"
      },
      "outcomes": {
        "success": "callComponentDialogApprovalClose3"
      }
    },
    "callComponentDialogApprovalClose3": {
      "module": "vb/action/builtin/callComponentMethodAction",
      "parameters": {
        "component": "{{ document.getElementById('dialog-approval') }}",
        "method": "close"
      },
      "outcomes": {
        "success": "resetVariablesApprovalComments"
      }
    },
    "if": {
      "module": "vb/action/builtin/ifAction",
      "parameters": {
        "condition": "[[ $page.variables.taskAction.actionCode == 'REJECT' || $page.variables.taskAction.actionCode == 'REQ_FOR_INFO' ]]"
      },
      "outcomes": {
        "true": "callFunctionOpenSpinnerDialogR",
        "false": "ifTaskAction3"
      }
    },
    "if2": {
      "module": "vb/action/builtin/ifAction",
      "parameters": {
        "condition": "[[ !$application.functions.isEmpty($page.variables.xxyasAirTicketReq.employeeTicketAmount) || $page.variables.xxyasAirTicketReq.employeeTicketAmount == 0 ]]"
      },
      "outcomes": {
        "false": "fireNotification",
        "true": "ifXxyasAirTicketLines"
      }
    },
    "callFunctionOpenSpinnerDialogR": {
      "module": "vb/action/builtin/callModuleFunctionAction",
      "parameters": {
        "module": "[[ $application.functions ]]",
        "functionName": "openSpinnerDialog"
      },
      "outcomes": {
        "success": "assignVariablesXxyasApprovalLineR"
      }
    },
    "fireNotificationR": {
      "module": "vb/action/builtin/fireNotificationEventAction",
      "parameters": {
        "target": "leaf",
        "summary": "[[ $chain.results.callRestApprovalLinesDML.message.summary ]]",
        "type": "error",
        "displayMode": "persist"
      }
    },
    "callRestApprovalLinesDMLR": {
      "module": "vb/action/builtin/restAction",
      "parameters": {
        "endpoint": "ics/approvalLinesDML",
        "body": {
          "XXYASApprovalLine": "[[ $page.variables.xxyasApprovalLine ]]"
        }
      },
      "outcomes": {
        "failure": "callFunctionCloseSpinnerDialogR",
        "success": "callChainPerformTaskActionR"
      }
    },
    "callFunctionCloseSpinnerDialogR": {
      "module": "vb/action/builtin/callModuleFunctionAction",
      "parameters": {
        "module": "[[ $application.functions ]]",
        "functionName": "closeSpinnerDialog"
      },
      "outcomes": {
        "success": "fireNotificationR"
      }
    },
    "callChainPerformTaskActionR": {
      "module": "vb/action/builtin/callChainAction",
      "parameters": {
        "id": "PerformTaskAction"
      },
      "outcomes": {
        "success": "callFunctionCloseSpinnerDialog2R"
      }
    },
    "callFunctionCloseSpinnerDialog2R": {
      "module": "vb/action/builtin/callModuleFunctionAction",
      "parameters": {
        "module": "[[ $application.functions ]]",
        "functionName": "closeSpinnerDialog"
      },
      "outcomes": {
        "success": "resetVariablesApprovalComments"
      }
    },
    "assignVariablesXxyasApprovalLineR": {
      "module": "vb/action/builtin/assignVariablesAction",
      "parameters": {
        "$page.variables.xxyasApprovalLine": {
          "source": {
            "mode": "EDIT",
            "requestLineId": "{{ $application.functions.splitStringFromProcesInstance($page.variables.tasks.items[0].description).lineId }}",
            "approvalComments": "{{ $page.variables.approval_comments }}"
          },
          "reset": "empty",
          "auto": "always"
        }
      },
      "outcomes": {
        "success": "callRestApprovalLinesDMLR"
      }
    }
  },
  "variables": {}
}