{
  "description": "",
  "root": "navigateToLocalBusinessRequest",
  "actions": {
    "navigateToLocalBusinessRequest": {
      "module": "vb/action/builtin/navigateAction",
      "parameters": {
        "page": "local-business-request",
        "params": {
          "p_requestType": "EDIT",
          "p_locl_bus_trvl_id": "{{ $variables.current.row.loclBusTrvlId }}",
          "p_process_id": "{{ $variables.current.row.processId }}"
        }
      }
    }
  },
  "variables": {
    "key": {
      "required": true,
      "type": "any",
      "input": "fromCaller"
    },
    "index": {
      "required": true,
      "type": "number",
      "input": "fromCaller"
    },
    "current": {
      "required": true,
      "type": "any",
      "input": "fromCaller"
    }
  }
}