{
  "description": "",
  "root": "callFunctionExportToExcel",
  "actions": {
    "callFunctionExportToExcel": {
      "module": "vb/action/builtin/callModuleFunctionAction",
      "parameters": {
        "module": "[[ $application.functions ]]",
        "functionName": "exportToExcel",
        "params": [
          [
            "Request#",
            "Person Number",
            "Employee Name",
            "Nationality",
            "legal Entity Name",
            "Hire Date",
            "Salary Basis",
            "Grade",
            "Remarks",
            "Travel",
            "Travel Type",
            "Training Name",
            "Training Type",
            "Justification",
            "Start Date",
            "End Date",
            "Destination",
            "Accommodation",
            "Total Days",
            "Total Amount",
            "Trip Length",
            "Mobile Number",
            "Status",
            "Approval Level"
          ],
          [
            "loclBusTrvlNo",
            "personNumber",
            "fullName",
            "nationality",
            "legalEntityName",
            "hireDate",
            "salaryBasis",
            "gradeName",
            "remarks",
            "travelValue",
            "travelTypeValue",
            "trainingName",
            "trainingTypeValue",
            "justification",
            "startDate",
            "endDate",
            "destination",
            "accommodationValue",
            "totalDays",
            "totalAmount",
            "tripLengthValue",
            "mobileNum",
            "currentStatusValue",
            "approvalLevel"
          ],
          "{{ $page.variables.xxyasLocalBusinessTraveltADP.data }}",
          "Local_Business_Trip"
        ]
      }
    }
  },
  "variables": {}
}