{
  "root": "callFunctionOpenSpinnerDialog",
  "description": "",
  "variables": {
    "processId": {
      "type": "string",
      "required": true,
      "input": "fromCaller"
    }
  },
  "actions": {
    "callComponentPopupAssigneesOpen": {
      "module": "vb/action/builtin/callComponentMethodAction",
      "parameters": {
        "component": "{{ document.getElementById('popup-assignees') }}",
        "method": "open"
      }
    },
    "callFunctionOpenSpinnerDialog": {
      "module": "vb/action/builtin/callModuleFunctionAction",
      "parameters": {
        "module": "[[ $application.functions ]]",
        "functionName": "openSpinnerDialog"
      },
      "outcomes": {
        "success": "callRestGetTasks2"
      }
    },
    "callFunctionCloseSpinnerDialog": {
      "module": "vb/action/builtin/callModuleFunctionAction",
      "parameters": {
        "module": "[[ $application.functions ]]",
        "functionName": "closeSpinnerDialog"
      },
      "outcomes": {
        "success": "GetAssignee"
      }
    },
    "callFunctionCloseSpinnerDialog2": {
      "module": "vb/action/builtin/callModuleFunctionAction",
      "parameters": {
        "module": "[[ $application.functions ]]",
        "functionName": "closeSpinnerDialog"
      }
    },
    "GetAssignee": {
      "module": "vb/action/builtin/callModuleFunctionAction",
      "parameters": {
        "module": "[[ $application.functions ]]",
        "functionName": "getAssignee",
        "params": [
          "{{ $chain.results.callRestGetTasks2.body.items }}",
          "{{ $variables.processId }}"
        ]
      },
      "outcomes": {
        "success": "assignVariablesAssignees"
      }
    },
    "assignVariablesAssignees": {
      "module": "vb/action/builtin/assignVariablesAction",
      "parameters": {
        "$application.variables.assignees": {
          "source": "{{ $chain.results.GetAssignee }}"
        }
      },
      "outcomes": {
        "success": "callComponentPopupAssigneesOpen"
      }
    },
    "fireNotification2": {
      "module": "vb/action/builtin/fireNotificationEventAction",
      "parameters": {
        "target": "leaf",
        "summary": "[[ $chain.results.callRestGetTasks2.message.summary ]]",
        "type": "error",
        "displayMode": "persist"
      },
      "outcomes": {
        "success": "callFunctionCloseSpinnerDialog2"
      }
    },
    "callRestGetTasks2": {
      "module": "vb/action/builtin/restAction",
      "parameters": {
        "endpoint": "opa_pcs/getTasks",
        "uriParams": {
          "assignment": "CREATOR",
          "state": "ASSIGNED",
          "processInstanceId": "{{ $variables.processId }}"
        }
      },
      "outcomes": {
        "success": "callFunctionCloseSpinnerDialog",
        "failure": "fireNotification2"
      }
    }
  }
}