{
  "description": "",
  "root": "TasksForExportArr",
  "actions": {
    "TasksForExportArr": {
      "module": "vb/action/builtin/callModuleFunctionAction",
      "parameters": {
        "module": "[[ $functions ]]",
        "functionName": "formateTasksForExport",
        "params": [
          "{{ $page.variables.xxyasTaskListADP.data }}",
          "{{ $flow.variables.xxyasEmployeesADP.data }}"
        ]
      },
      "outcomes": {
        "success": "callFunctionExportToExcel"
      }
    },
    "callFunctionExportToExcel": {
      "module": "vb/action/builtin/callModuleFunctionAction",
      "parameters": {
        "module": "[[ $application.functions ]]",
        "functionName": "exportToExcel",
        "params": [
          [
            "Request#",
            "Person Number",
            "Person Name",
            "Legal Entity",
            "Created By",
            "Approval Level",
            "Assignees",
            "Self-Service",
            "Process Id",
            "Approval Header Id",
            "Creation Date"
          ],
          [
            "requestNo",
            "personNumber",
            "personName",
            "legalEntity",
            "createdBy",
            "approvalLevel",
            "assignees",
            "moduleName",
            "processId",
            "requestId",
            "createdDate"
          ],
          "{{ $chain.results.TasksForExportArr }}"          ,
          "InProgress"
        ]
      }
    }
  },
  "variables": {}
}