{
  "root": "resetVariablesXxyasTaskListADP",
  "description": "",
  "actions": {
    "callFunctionOpenSpinnerDialog": {
      "module": "vb/action/builtin/callModuleFunctionAction",
      "parameters": {
        "module": "[[ $application.functions ]]",
        "functionName": "openSpinnerDialog"
      },
      "outcomes": {
        "success": "getTasksCallRest"
      }
    },
    "fireNotification": {
      "module": "vb/action/builtin/fireNotificationEventAction",
      "parameters": {
        "target": "leaf",
        "summary": "[[ $chain.results.getTasksCallRest.message.summary ]]",
        "type": "error",
        "displayMode": "persist"
      },
      "outcomes": {
        "success": "callFunctionCloseSpinnerDialog"
      }
    },
    "getTasksCallRest": {
      "module": "vb/action/builtin/restAction",
      "parameters": {
        "endpoint": "ics/getXXYA_HCM_EXT_PCS_ADMI_TASK_LIST1_0Tasks",
        "uriParams": {
          "status": "{{ $page.variables.statusCheckBoxTasks.join() }}"
        }
      },
      "outcomes": {
        "failure": "fireNotification",
        "success": "SortArrUpdatedDate"
      }
    },
    "callFunctionCloseSpinnerDialog": {
      "module": "vb/action/builtin/callModuleFunctionAction",
      "parameters": {
        "module": "[[ $application.functions ]]",
        "functionName": "closeSpinnerDialog"
      },
      "outcomes": {
        "success": "return2"
      }
    },
    "ifStatusCheckBox": {
      "module": "vb/action/builtin/ifAction",
      "parameters": {
        "condition": "[[ $page.variables.statusCheckBoxTasks.length != 0 ]]"
      },
      "outcomes": {
        "true": "callFunctionOpenSpinnerDialog",
        "false": "return3"
      }
    },
    "resetVariablesXxyasTaskListADP": {
      "module": "vb/action/builtin/resetVariablesAction",
      "parameters": {
        "variables": [
          "$page.variables.xxyasTaskListADP"
        ]
      },
      "outcomes": {
        "success": "ifStatusCheckBox"
      }
    },
    "assignVariablesXxyasTaskListADP": {
      "module": "vb/action/builtin/assignVariablesAction",
      "parameters": {
        "$page.variables.xxyasTaskListADP": {
          "source": {
            "data": "{{ $chain.results.SortArrUpdatedDate }}"
          },
          "reset": "none",
          "auto": "always",
          "mapping": {
            "$target.data": {
              "source": "$source.data",
              "reset": "empty"
            }
          }
        }
      },
      "outcomes": {
        "success": "callFunctionCloseSpinnerDialog2"
      }
    },
    "callFunctionCloseSpinnerDialog2": {
      "module": "vb/action/builtin/callModuleFunctionAction",
      "parameters": {
        "module": "[[ $application.functions ]]",
        "functionName": "closeSpinnerDialog"
      },
      "outcomes": {
        "success": "return"
      }
    },
    "return": {
      "module": "vb/action/builtin/returnAction",
      "parameters": {
        "outcome": "success"
      }
    },
    "return2": {
      "module": "vb/action/builtin/returnAction",
      "parameters": {
        "outcome": "failure"
      }
    },
    "return3": {
      "module": "vb/action/builtin/returnAction",
      "parameters": {
        "outcome": "success"
      }
    },
    "SortArrUpdatedDate": {
      "module": "vb/action/builtin/callModuleFunctionAction",
      "parameters": {
        "module": "[[ $functions ]]",
        "functionName": "sortArrUpdatedDate",
        "params": [
          "{{ $chain.results.getTasksCallRest.body.items || [] }}"
        ]
      },
      "outcomes": {
        "success": "assignVariablesXxyasTaskListADP"
      }
    }
  }
}