{
  "description": "",
  "root": "if",
  "actions": {
    "callFunctionOpenSpinnerDialog": {
      "module": "vb/action/builtin/callModuleFunctionAction",
      "parameters": {
        "module": "[[ $application.functions ]]",
        "functionName": "openSpinnerDialog"
      },
      "outcomes": {
        "success": "reassignTaskCallRest"
      }
    },
    "fireNotification": {
      "module": "vb/action/builtin/fireNotificationEventAction",
      "parameters": {
        "target": "leaf",
        "summary": "Error",
        "type": "error",
        "displayMode": "transient",
        "message": "[[ $chain.results.reassignTaskCallRest.message.summary ]]"
      }
    },
    "callFunctionCloseSpinnerDialog": {
      "module": "vb/action/builtin/callModuleFunctionAction",
      "parameters": {
        "module": "[[ $application.functions ]]",
        "functionName": "closeSpinnerDialog"
      },
      "outcomes": {
        "success": "fireNotification"
      }
    },
    "reassignTaskCallRest": {
      "module": "vb/action/builtin/restAction",
      "parameters": {
        "endpoint": "ics/postXXYAS_HCM_EXT_PCS_REASS_TASKS1_0TasksTaskNumber",
        "uriParams": {
          "taskNumber": "{{ $page.variables.currentTaskNumber }}"
        },
        "body": {
          "identities": [
            {
              "id": "[[$page.variables.assignedUserName]]",
              "type": "user"
            }
          ]
        }
      },
      "outcomes": {
        "failure": "callFunctionCloseSpinnerDialog",
        "success": "callFunctionCloseSpinnerDialog2"
      }
    },
    "if3": {
      "module": "vb/action/builtin/ifAction",
      "parameters": {
        "condition": "[[ $chain.results.reassignTaskCallRest.body.state == \"ASSIGNED\" ]]"
      },
      "outcomes": {
        "true": "fireNotification4",
        "false": "fireNotification2"
      }
    },
    "callFunctionCloseSpinnerDialog2": {
      "module": "vb/action/builtin/callModuleFunctionAction",
      "parameters": {
        "module": "[[ $application.functions ]]",
        "functionName": "closeSpinnerDialog"
      },
      "outcomes": {
        "success": "if3"
      }
    },
    "fireNotification4": {
      "module": "vb/action/builtin/fireNotificationEventAction",
      "parameters": {
        "target": "leaf",
        "displayMode": "transient",
        "type": "confirmation",
        "summary": "Success",
        "message": "Task Reassigned Successfully"
      },
      "outcomes": {
        "success": "callChainFetchTaskList"
      }
    },
    "fireNotification2": {
      "module": "vb/action/builtin/fireNotificationEventAction",
      "parameters": {
        "target": "leaf",
        "summary": "Error",
        "message": "Error, Cannot Reassign Task, Please contact the System Adminstrator",
        "displayMode": "transient"
      },
      "outcomes": {
        "success": "callComponentDialogReassignUsersClose"
      }
    },
    "callComponentDialogReassignUsersClose": {
      "module": "vb/action/builtin/callComponentMethodAction",
      "parameters": {
        "component": "{{ document.getElementById('dialog-reassign-users') }}",
        "method": "close"
      }
    },
    "callChainFetchTaskList": {
      "module": "vb/action/builtin/callChainAction",
      "parameters": {
        "id": "fetchTaskList"
      },
      "outcomes": {
        "success": "callComponentDialogReassignUsersClose"
      }
    },
    "ifAssignedUserName": {
      "module": "vb/action/builtin/ifAction",
      "parameters": {
        "condition": "[[ $page.variables.assignedUserName ]]"
      },
      "outcomes": {
        "true": "callFunctionOpenSpinnerDialog",
        "false": "fireNotification3"
      }
    },
    "fireNotification3": {
      "module": "vb/action/builtin/fireNotificationEventAction",
      "parameters": {
        "target": "leaf",
        "displayMode": "transient",
        "summary": "Error",
        "message": "Cannot Reassign the Task to this Person as no User related. Please contact the Adminstartor."
      }
    },
    "if": {
      "module": "vb/action/builtin/ifAction",
      "parameters": {
        "condition": "[[ $application.functions.isFormValid(\"resassignForm\") ]]"
      },
      "outcomes": {
        "true": "callFunctionOpenSpinnerDialog2"
      }
    },
    "callFunctionOpenSpinnerDialog2": {
      "module": "vb/action/builtin/callModuleFunctionAction",
      "parameters": {
        "module": "[[ $application.functions ]]",
        "functionName": "openSpinnerDialog"
      },
      "outcomes": {
        "success": "callFunctionPrepareUsersArr"
      }
    },
    "callFunctionPrepareUsersArr": {
      "module": "vb/action/builtin/callModuleFunctionAction",
      "parameters": {
        "module": "[[ $functions ]]",
        "functionName": "prepareUsersArr",
        "params": [
          "{{ $page.variables.selectedEmployeesOptions }}"
        ]
      },
      "outcomes": {
        "success": "ifIsReassignBulk"
      }
    },
    "callFunctionCloseSpinnerDialog3": {
      "module": "vb/action/builtin/callModuleFunctionAction",
      "parameters": {
        "module": "[[ $application.functions ]]",
        "functionName": "closeSpinnerDialog"
      },
      "outcomes": {
        "success": "if2"
      }
    },
    "fireNotification5": {
      "module": "vb/action/builtin/fireNotificationEventAction",
      "parameters": {
        "target": "leaf",
        "summary": "[[ $chain.results.callRestReassignTasks.message.summary ]]",
        "type": "error",
        "displayMode": "transient",
        "message": "[[ ($chain.results.callRestReassignTasks.body[\"o:errorDetails\"])[0].detail ]]"
      }
    },
    "callRestReassignTasks": {
      "module": "vb/action/builtin/restAction",
      "parameters": {
        "endpoint": "ics/postXXYAS_HCM_EXT_PCS_REASS_TASKS1_0TasksTaskNumber",
        "uriParams": {
          "taskNumber": "{{ $page.variables.currentTaskNumber }}"
        },
        "body": {
          "identities": "[[$chain.results.callFunctionPrepareUsersArr]]",
          "comment": {
            "commentStr": "[['Task reassigned by ' + $application.user.username]]",
            "commentScope": "BPM"
          }
        }
      },
      "outcomes": {
        "failure": "callFunctionCloseSpinnerDialog4",
        "success": "callFunctionCloseSpinnerDialog3"
      }
    },
    "callFunctionCloseSpinnerDialog4": {
      "module": "vb/action/builtin/callModuleFunctionAction",
      "parameters": {
        "module": "[[ $application.functions ]]",
        "functionName": "closeSpinnerDialog"
      },
      "outcomes": {
        "success": "fireNotification5"
      }
    },
    "if2": {
      "module": "vb/action/builtin/ifAction",
      "parameters": {
        "condition": "[[ $chain.results.callRestReassignTasks.body.state == \"ASSIGNED\" ]]"
      },
      "outcomes": {
        "true": "fireNotification7",
        "false": "fireNotification8"
      }
    },
    "callChainFetchTaskList2": {
      "module": "vb/action/builtin/callChainAction",
      "parameters": {
        "id": "fetchTaskList"
      },
      "outcomes": {
        "success": "callComponentDialogReassignUsersClose2"
      }
    },
    "callComponentDialogReassignUsersClose2": {
      "module": "vb/action/builtin/callComponentMethodAction",
      "parameters": {
        "component": "{{ document.getElementById('dialog-reassign-users') }}",
        "method": "close"
      }
    },
    "fireNotification8": {
      "module": "vb/action/builtin/fireNotificationEventAction",
      "parameters": {
        "target": "leaf",
        "message": "Error, Cannot Reassign Task, please contact the System Administrator",
        "summary": "Error",
        "displayMode": "transient"
      },
      "outcomes": {
        "success": "callComponentDialogReassignUsersClose2"
      }
    },
    "fireNotification7": {
      "module": "vb/action/builtin/fireNotificationEventAction",
      "parameters": {
        "target": "leaf",
        "message": "Task Reassigned Successfully",
        "displayMode": "transient",
        "type": "confirmation",
        "summary": "Success"
      },
      "outcomes": {
        "success": "callChainFetchTaskList2"
      }
    },
    "ifIsReassignBulk": {
      "module": "vb/action/builtin/ifAction",
      "parameters": {
        "condition": "[[ !$page.variables.isReassignBulk ]]"
      },
      "outcomes": {
        "true": "callRestReassignTasks",
        "false": "callRestPutBulkTasks"
      }
    },
    "fireNotification6": {
      "module": "vb/action/builtin/fireNotificationEventAction",
      "parameters": {
        "target": "leaf",
        "summary": "[[ $chain.results.callRestPutBulkTasks.message.summary ]]",
        "type": "error",
        "displayMode": "persist",
        "message": "[[ ($chain.results.callRestPutBulkTasks.body[\"o:errorDetails\"])[0].detail ]]"
      }
    },
    "callRestPutBulkTasks": {
      "module": "vb/action/builtin/restAction",
      "parameters": {
        "endpoint": "pcs/putTasks",
        "body": {
          "action": {
            "id": "REASSIGN"
          },
          "identities": "[[$chain.results.callFunctionPrepareUsersArr]]",
          "tasks": "[[$page.variables.selectedTasksNumbers]]",
          "comment": {
            "commentStr": "[['Bulk tasks reassigned by ' + $application.user.username]]",
            "commentScope": "BPM"
          }
        }
      },
      "outcomes": {
        "failure": "callFunctionCloseSpinnerDialog5",
        "success": "callFunctionCloseSpinnerDialog6"
      }
    },
    "callFunctionCloseSpinnerDialog5": {
      "module": "vb/action/builtin/callModuleFunctionAction",
      "parameters": {
        "module": "[[ $application.functions ]]",
        "functionName": "closeSpinnerDialog"
      },
      "outcomes": {
        "success": "fireNotification6"
      }
    },
    "callFunctionCloseSpinnerDialog6": {
      "module": "vb/action/builtin/callModuleFunctionAction",
      "parameters": {
        "module": "[[ $application.functions ]]",
        "functionName": "closeSpinnerDialog"
      },
      "outcomes": {
        "success": "fireNotification10"
      }
    },
    "fireNotification10": {
      "module": "vb/action/builtin/fireNotificationEventAction",
      "parameters": {
        "target": "leaf",
        "displayMode": "transient",
        "message": "Tasks Reassigned Successfully",
        "summary": "Success",
        "type": "confirmation"
      },
      "outcomes": {
        "success": "callChainFetchTaskList3"
      }
    },
    "callChainFetchTaskList3": {
      "module": "vb/action/builtin/callChainAction",
      "parameters": {
        "id": "fetchTaskList"
      },
      "outcomes": {
        "success": "callComponentDialogReassignUsersClose2"
      }
    }
  },
  "variables": {}
}