{
  "description": "",
  "root": "assignVariablesIsReassignBulk",
  "actions": {
    "assignVariablesIsReassignBulk": {
      "module": "vb/action/builtin/assignVariablesAction",
      "parameters": {
        "$page.variables.isReassignBulk": {
          "source": true
        }
      },
      "outcomes": {
        "success": "resetVariablesSelectedEmployees"
      }
    },
    "resetVariablesSelectedEmployees": {
      "module": "vb/action/builtin/resetVariablesAction",
      "parameters": {
        "variables": [
          "$page.variables.selectedEmployees",
          "$page.variables.selectedEmployeesOptions"
        ]
      },
      "outcomes": {
        "success": "callComponentDialogReassignUsersOpen"
      }
    },
    "callComponentDialogReassignUsersOpen": {
      "module": "vb/action/builtin/callComponentMethodAction",
      "parameters": {
        "component": "{{ document.getElementById('dialog-reassign-users') }}",
        "method": "open"
      }
    }
  },
  "variables": {}
}