{
  "description": "",
  "root": "resetVariablesAssignedUserName",
  "actions": {
    "assignVariablesCurrentTaskNumber": {
      "module": "vb/action/builtin/assignVariablesAction",
      "parameters": {
        "$page.variables.currentTaskNumber": {
          "source": "{{ $variables.current.data.number }}"
        },
        "$page.variables.isReassignBulk": {
          "source": false
        }
      },
      "outcomes": {
        "success": "callComponentDialogReassignUsersOpen"
      }
    },
    "callComponentDialogReassignUsersOpen": {
      "module": "vb/action/builtin/callComponentMethodAction",
      "parameters": {
        "component": "{{ document.getElementById('dialog-reassign-users') }}",
        "method": "open"
      }
    },
    "resetVariablesAssignedUserName": {
      "module": "vb/action/builtin/resetVariablesAction",
      "parameters": {
        "variables": [
          "$page.variables.assignedUserName",
          "$page.variables.usersFilteredADP",
          "$page.variables.empDialogSearchVar",
          "$page.variables.selectedEmployees"          ,
          "$page.variables.selectedEmployeesOptions"
        ]
      },
      "outcomes": {
        "success": "assignVariablesCurrentTaskNumber"
      }
    }
  },
  "variables": {
    "key": {
      "required": true,
      "type": "any",
      "input": "fromCaller"
    },
    "index": {
      "required": true,
      "type": "number",
      "input": "fromCaller"
    },
    "current": {
      "required": true,
      "type": "any",
      "input": "fromCaller"
    }
  }
}