{
  "description": "",
  "root": "callChainNavigateToTaskPageClickChain",
  "actions": {
    "callChainNavigateToTaskPageClickChain": {
      "module": "vb/action/builtin/callChainAction",
      "parameters": {
        "id": "NavigateToTaskPageClickChain",
        "params": {
          "processId": "{{ $variables.current.data.processId }}",
          "processName": "{{ $page.functions.splitStringFromProcesInstance($variables.current.data.longSummary).moduleName }}"
        }
      }
    }
  },
  "variables": {
    "key": {
      "required": true,
      "type": "any",
      "input": "fromCaller"
    },
    "index": {
      "required": true,
      "type": "number",
      "input": "fromCaller"
    },
    "current": {
      "required": true,
      "type": "any",
      "input": "fromCaller"
    }
  }
}