{
  "description": "",
  "root": "callFunctionOpenSpinnerDialog",
  "actions": {
    "callFunctionOpenSpinnerDialog": {
      "module": "vb/action/builtin/callModuleFunctionAction",
      "parameters": {
        "module": "[[ $application.functions ]]",
        "functionName": "openSpinnerDialog"
      },
      "outcomes": {
        "success": "callRestGetLIST1Tasks"
      }
    },
    "callFunctionSearch": {
      "module": "vb/action/builtin/callModuleFunctionAction",
      "parameters": {
        "module": "[[ $functions ]]",
        "functionName": "search",
        "params": [
          "{{ $chain.results.callRestGetLIST1Tasks.body.items }}",
          "{{ $page.variables.xxyasSearchCriteria }}"
        ]
      },
      "outcomes": {
        "success": "assignVariablesXxyasTaskListADP"
      }
    },
    "callFunctionCloseSpinnerDialog": {
      "module": "vb/action/builtin/callModuleFunctionAction",
      "parameters": {
        "module": "[[ $application.functions ]]",
        "functionName": "closeSpinnerDialog"
      }
    },
    "assignVariablesXxyasTaskListADP": {
      "module": "vb/action/builtin/assignVariablesAction",
      "parameters": {
        "$page.variables.xxyasTaskListADP": {
          "source": {
            "data": "{{ $chain.results.callFunctionSearch || [] }}"
          },
          "reset": "none",
          "auto": "always",
          "mapping": {
            "$target.data": {
              "source": "$source.data",
              "reset": "empty"
            }
          }
        }
      },
      "outcomes": {
        "success": "callFunctionCloseSpinnerDialog"
      }
    },
    "fireNotification": {
      "module": "vb/action/builtin/fireNotificationEventAction",
      "parameters": {
        "target": "leaf",
        "summary": "[[ $chain.results.callRestGetLIST1Tasks.message.summary ]]",
        "type": "error",
        "displayMode": "persist"
      }
    },
    "callRestGetLIST1Tasks": {
      "module": "vb/action/builtin/restAction",
      "parameters": {
        "endpoint": "ics/getXXYA_HCM_EXT_PCS_ADMI_TASK_LIST1_0Tasks",
        "uriParams": {
          "status": "{{ $page.variables.statusCheckBoxTasks.join() }}"
        }
      },
      "outcomes": {
        "failure": "callFunctionCloseSpinnerDialog2",
        "success": "callFunctionSearch"
      }
    },
    "callFunctionCloseSpinnerDialog2": {
      "module": "vb/action/builtin/callModuleFunctionAction",
      "parameters": {
        "module": "[[ $application.functions ]]",
        "functionName": "closeSpinnerDialog"
      },
      "outcomes": {
        "success": "fireNotification"
      }
    }
  },
  "variables": {}
}