{
  "description": "",
  "root": "resetVariablesTaskComment",
  "actions": {
    "callFunctionOpenSpinnerDialog": {
      "module": "vb/action/builtin/callModuleFunctionAction",
      "parameters": {
        "module": "[[ $application.functions ]]",
        "functionName": "openSpinnerDialog"
      },
      "outcomes": {
        "success": "getTaskCommentsCallRest"
      }
    },
    "fireNotification": {
      "module": "vb/action/builtin/fireNotificationEventAction",
      "parameters": {
        "target": "leaf",
        "summary": "[[ $chain.results.getTaskCommentsCallRest.message.summary ]]",
        "type": "error",
        "displayMode": "persist"
      },
      "outcomes": {
        "success": "callFunctionCloseSpinnerDialog"
      }
    },
    "getTaskCommentsCallRest": {
      "module": "vb/action/builtin/restAction",
      "parameters": {
        "endpoint": "ics/getXXYAS_HCM_EXT_PCS_TASK_COMMENTS1_0Comments",
        "uriParams": {
          "taskId": "{{ $variables.current.data.number }}"
        }
      },
      "outcomes": {
        "failure": "fireNotification",
        "success": "assignVariablesTaskComment"
      }
    },
    "callFunctionCloseSpinnerDialog": {
      "module": "vb/action/builtin/callModuleFunctionAction",
      "parameters": {
        "module": "[[ $application.functions ]]",
        "functionName": "closeSpinnerDialog"
      }
    },
    "callFunctionCloseSpinnerDialog2": {
      "module": "vb/action/builtin/callModuleFunctionAction",
      "parameters": {
        "module": "[[ $application.functions ]]",
        "functionName": "closeSpinnerDialog"
      },
      "outcomes": {
        "success": "callComponentPopupTaskCommentsOpen"
      }
    },
    "resetVariablesTaskComment": {
      "module": "vb/action/builtin/resetVariablesAction",
      "parameters": {
        "variables": [
          "$page.variables.taskComment"
        ]
      },
      "outcomes": {
        "success": "callFunctionOpenSpinnerDialog"
      }
    },
    "assignVariablesTaskComment": {
      "module": "vb/action/builtin/assignVariablesAction",
      "parameters": {
        "$page.variables.taskComment": {
          "source": "{{ $chain.results.getTaskCommentsCallRest.body.items[0].commentStr }}"
        }
      },
      "outcomes": {
        "success": "callFunctionCloseSpinnerDialog2"
      }
    },
    "callComponentPopupTaskCommentsOpen": {
      "module": "vb/action/builtin/callComponentMethodAction",
      "parameters": {
        "component": "{{ document.getElementById('popup-task-comments') }}",
        "method": "open"
      }
    }
  },
  "variables": {
    "key": {
      "required": true,
      "type": "any",
      "input": "fromCaller"
    },
    "index": {
      "required": true,
      "type": "number",
      "input": "fromCaller"
    },
    "current": {
      "required": true,
      "type": "any",
      "input": "fromCaller"
    }
  }
}