{
  "description": "",
  "root": "ifRowData",
  "actions": {
    "ifRowData": {
      "module": "vb/action/builtin/ifAction",
      "parameters": {
        "condition": "[[ $variables.rowData ]]"
      },
      "outcomes": {
        "true": "assignVariablesAssignedUserName",
        "false": "resetVariablesAssignedUserName"
      }
    },
    "assignVariablesAssignedUserName": {
      "module": "vb/action/builtin/assignVariablesAction",
      "parameters": {
        "$page.variables.assignedUserName": {
          "source": "{{ $variables.rowData.userName }}"
        }
      }
    },
    "resetVariablesAssignedUserName": {
      "module": "vb/action/builtin/resetVariablesAction",
      "parameters": {
        "variables": [
          "$page.variables.assignedUserName"
        ]
      }
    }
  },
  "variables": {
    "rowKey": {
      "required": true,
      "type": "any",
      "input": "fromCaller"
    },
    "rowData": {
      "required": true,
      "type": "any",
      "input": "fromCaller"
    }
  }
}