{
  "description": "",
  "root": "resetVariablesUsersFilteredADP",
  "actions": {
    "resetVariablesUsersFilteredADP": {
      "module": "vb/action/builtin/resetVariablesAction",
      "parameters": {
        "variables": [
          "$page.variables.usersFilteredADP"
        ]
      },
      "outcomes": {
        "success": "filteredUsers"
      }
    },
    "filteredUsers": {
      "module": "vb/action/builtin/callModuleFunctionAction",
      "parameters": {
        "module": "[[ $functions ]]",
        "functionName": "filterUsers",
        "params": [
          "{{ $flow.variables.xxyasEmployeesADP.data }}",
          "{{ $page.variables.empDialogSearchVar }}"
        ]
      },
      "outcomes": {
        "success": "assignVariablesUsersFilteredADP"
      }
    },
    "assignVariablesUsersFilteredADP": {
      "module": "vb/action/builtin/assignVariablesAction",
      "parameters": {
        "$page.variables.usersFilteredADP": {
          "source": {
            "data": "{{ $chain.results.filteredUsers }}"
          },
          "reset": "none",
          "auto": "always",
          "mapping": {
            "$target.data": {
              "source": "$source.data",
              "reset": "empty"
            }
          }
        }
      }
    }
  },
  "variables": {}
}