{
  "description": "",
  "root": "resetVariablesAssignees",
  "actions": {
    "resetVariablesAssignees": {
      "module": "vb/action/builtin/resetVariablesAction",
      "parameters": {
        "variables": [
          "$page.variables.assignees"
        ]
      },
      "outcomes": {
        "success": "getAssignees"
      }
    },
    "getAssignees": {
      "module": "vb/action/builtin/callModuleFunctionAction",
      "parameters": {
        "module": "[[ $functions ]]",
        "functionName": "getAssignees",
        "params": [
          "{{ $variables.current.data.assignees }}"
        ]
      },
      "outcomes": {
        "success": "assignVariablesAssignees"
      }
    },
    "assignVariablesAssignees": {
      "module": "vb/action/builtin/assignVariablesAction",
      "parameters": {
        "$page.variables.assignees": {
          "source": "{{ $chain.results.getAssignees }}"
        }
      },
      "outcomes": {
        "success": "callComponentPopupAssigneesOpen"
      }
    },
    "callComponentPopupAssigneesOpen": {
      "module": "vb/action/builtin/callComponentMethodAction",
      "parameters": {
        "component": "{{ document.getElementById('popup-assignees') }}",
        "method": "open"
      }
    }
  },
  "variables": {
    "key": {
      "required": true,
      "type": "any",
      "input": "fromCaller"
    },
    "index": {
      "required": true,
      "type": "number",
      "input": "fromCaller"
    },
    "current": {
      "required": true,
      "type": "any",
      "input": "fromCaller"
    }
  }
}