{
  "title": "",
  "description": "",
  "variables": {
    "approval_comments": {
      "type": "string"
    },
    "childEducationInstance": {
      "type": "childEducationInstanceType"
    },
    "gETSSAPPROVALHISTORYListSDP": {
      "type": "vb/ServiceDataProvider",
      "defaultValue": {
        "endpoint": "ics/GET_SS_APPROVAL_HISTORY",
        "itemsPath": "",
        "responseType": "gETSSAPPROVALHISTORYResponse",
        "keyAttributes": "seq_id",
        "uriParameters": {
          "p_module_name": "EDUCATION_ALLOWANCE",
          "p_module_req_id": "{{ $variables.xxyasChildEducation.chiEduReqId }}"
        }
      }
    },
    "ignoreEmptyChild": {
      "type": "boolean",
      "defaultValue": false
    },
    "isPageLoading": {
      "type": "string"
    },
    "isSaved": {
      "type": "boolean",
      "defaultValue": false
    },
    "p_chiEduReqId": {
      "type": "string",
      "input": "fromUrl"
    },
    "p_processId": {
      "type": "string",
      "input": "fromUrl"
    },
    "p_requestType": {
      "type": "string",
      "required": true,
      "input": "fromUrl"
    },
    "taskAction": {
      "type": {
        "actionCode": "string",
        "actionId": "string",
        "taskId": "string"
      }
    },
    "taskCompleteVar": {
      "type": "flow:TaskComplete"
    },
    "tasks": {
      "type": "flow:TaskCollection"
    },
    "updateTaskDetailsReq": {
      "type": "postUPDATE_APPROVAL_TASK_DETAILS"
    },
    "xBaseReceiptAmount": {
      "type": "number"
    },
    "xxBaseBalanceAmount": {
      "type": "number",
      "defaultValue": "[[ $functions.calcBaseBalanceAmount($variables.xxyasChildEducation.eligibilityAmount, $variables.xxBaseUtilizedAmount) ]]"
    },
    "xxBaseUtilizedAmount": {
      "type": "number",
      "defaultValue": "[[ ($page.variables.xxSubmittedRequests - $page.variables.xBaseReceiptAmount).toFixed(2) || 0 ]]"
    },
    "xxMaxAge": {
      "type": "string"
    },
    "xxMinAge": {
      "type": "string"
    },
    "xxSubmittedRequests": {
      "type": "number"
    },
    "xxyasApprovalLine": {
      "type": "application:xxYasApprovalLine"
    },
    "xxyasAttachmentsOriginal": {
      "type": "application:XXYASAttachment[]"
    },
    "xxyasChildADP": {
      "type": "vb/ArrayDataProvider2",
      "defaultValue": {
        "itemType": "application:XXYASContact",
        "keyAttributes": "contactPersonId"
      }
    },
    "xxyasChildEducation": {
      "type": "flow:XXYASChildEducation"
    },
    "xxyasAttachmentsADP": {
      "type": "vb/ArrayDataProvider2",
      "defaultValue": {
        "itemType": "application:XXYASAttachment",
        "keyAttributes": "uploadedFileName"
      }
    },
    "xxyasChildEducationOriginal": {
      "type": "flow:XXYASChildEducation"
    },
    "xxyasEmployeesADP": {
      "type": "vb/ArrayDataProvider2",
      "defaultValue": {
        "itemType": "application:XXYASUser",
        "keyAttributes": "personId"
      }
    },
    "xxyasSelectedEmployee": {
      "type": "application:XXYASUser"
    }
  },
  "metadata": {},
  "types": {
    "@decorators.childEducationInstanceType": {
      "endpoint": "createInstance",
      "service": "opa_ChildEducation",
      "path": "request"
    },
    "@decorators.gETSSAPPROVALHISTORYResponse": {
      "endpoint": "GET_SS_APPROVAL_HISTORY",
      "service": "ics",
      "path": "response"
    },
    "@decorators.postUPDATE_APPROVAL_TASK_DETAILS": {
      "endpoint": "postUPDATE_APPROVAL_TASK_DETAILS",
      "service": "ics",
      "path": "request"
    },
    "childEducationInstanceType": {
      "dataObject": {
        "childEducationRequest": {
          "academicYear": "string",
          "approvalLevel": "string",
          "approvedBy": "string",
          "assignmentId": "string",
          "attribute1": "string",
          "attribute10": "string",
          "attribute2": "string",
          "attribute3": "string",
          "attribute4": "string",
          "attribute5": "string",
          "attribute6": "string",
          "attribute7": "string",
          "attribute8": "string",
          "attribute9": "string",
          "balanceAmount": "string",
          "birthDate": "string",
          "businessUnit": "string",
          "chiEduReqId": "number",
          "chiEduReqNo": "string",
          "childSchool": "string",
          "contactAge": "string",
          "contactDob": "string",
          "contactName": "string",
          "contactPersonId": "string",
          "currencyCode": "string",
          "currentStatus": "string",
          "currentStatusValue": "string",
          "description": "string",
          "eligibilityAmount": "string",
          "fullName": "string",
          "gradeId": "string",
          "gradeName": "string",
          "gradeRateValue": "string",
          "hireDate": "string",
          "legalEntityId": "string",
          "legalEntityName": "string",
          "nationality": "string",
          "organization": "string",
          "organizationId": "string",
          "personId": "string",
          "personNumber": "string",
          "processId": "number",
          "receiptAmount": "string",
          "receiptDate": "string",
          "receiptNumber": "string",
          "remarks": "string",
          "requestedBy": "string",
          "requester": "string",
          "requesterId": "number",
          "requesterName": "string",
          "requesterRole": "string",
          "requesterUserName": "string",
          "salaryBasis": "string",
          "salaryBasisId": "string",
          "userId": "string",
          "userName": "string",
          "utilizedAmount": "string",
          "year": "string",
          "yearValue": "string"
        }
      },
      "params": {
        "applicationName": "string",
        "applicationVersion": "string",
        "interfaceId": "string",
        "processDefinitionId": "string",
        "processDefinitionKey": "string",
        "processName": "string"
      }
    },
    "gETSSAPPROVALHISTORYResponse": [
      {
        "approval_comments": "string",
        "approval_level": "string",
        "approved_date": "string",
        "confirmed_by": "string",
        "request_id": "string",
        "seq_id": "string",
        "status": "string"
      }
    ],
    "postUPDATE_APPROVAL_TASK_DETAILS": {
      "APPROVAL_LEVEL": "string",
      "comments": "string",
      "confirmed_by": "string",
      "MODULE_NAME": "string",
      "MODULE_REQ_ID": "string",
      "outcome": "string",
      "rootInstanceId": "string",
      "task_definition_key": "string"
    }
  },
  "chains": {},
  "eventListeners": {
    "comboValue": {
      "chains": [
        {
          "chainId": "paymentComboBox",
          "parameters": {
            "value": "{{ $event.detail.value }}"
          }
        }
      ]
    },
    "ojButtonCancelCustomerNamePopupOjAction": {
      "chains": [
        {
          "chainId": "noUnSavedDialogAction"
        }
      ]
    },
    "ojButtonCancelCustomerNamePopupOjAction2": {
      "chains": [
        {
          "chainId": "NoApprovalDialogButtonActionChain"
        }
      ]
    },
    "ojButtonCancelPopupOjAction": {
      "chains": [
        {
          "chainId": "CancelButtonRejectDialogButtonActionChain"
        }
      ]
    },
    "ojButtonOjAction": {
      "chains": [
        {
          "chainId": "submitRequestActionChain",
          "parameters": {
            "detail": "{{ $event.detail }}"
          }
        }
      ]
    },
    "ojButtonOjAction10": {
      "chains": [
        {
          "chainId": "taskButtonActionChain",
          "parameters": {
            "actionCode": "{{ $current.data.title}}",
            "actionId": "{{ $current.data.title}}",
            "taskId": "{{ $variables.tasks.items[0].id }}"
          }
        }
      ]
    },
    "ojButtonOjAction2": {
      "chains": [
        {
          "chainId": "saveChildEducation"
        }
      ]
    },
    "ojButtonOjAction3": {
      "chains": [
        {
          "chainId": "removeFile",
          "parameters": {
            "key": "{{ $current.key }}",
            "index": "{{ $current.index }}",
            "current": "{{ $current }}"
          }
        }
      ]
    },
    "ojButtonOjAction4": {
      "chains": [
        {
          "chainId": "downloadAttachment",
          "parameters": {
            "key": "{{ $current.key }}",
            "index": "{{ $current.index }}",
            "current": "{{ $current }}"
          }
        }
      ]
    },
    "ojButtonOjAction5": {
      "chains": [
        {
          "chainId": "BackButtonAction"
        }
      ]
    },
    "ojButtonOjAction6": {
      "chains": [
        {
          "chainId": "CancelButtonEmployeeSearchPopupActionChain"
        }
      ]
    },
    "ojButtonOjAction7": {
      "chains": [
        {
          "chainId": "SearchButtonEmployeesPopupActionChain"
        }
      ]
    },
    "ojButtonOjAction8": {
      "chains": [
        {
          "chainId": "EmployeeDialogOKButtonActionChain"
        }
      ]
    },
    "ojButtonOjAction9": {
      "chains": [
        {
          "chainId": "resetEmployeeSearchActionChain"
        }
      ]
    },
    "ojButtonOkCustomerNamePopupOjAction": {
      "chains": [
        {
          "chainId": "yesUnsavedDialogAction"
        }
      ]
    },
    "ojButtonOkCustomerNamePopupOjAction2": {
      "chains": [
        {
          "chainId": "YesApprovalDialogButtonActionChain"
        }
      ]
    },
    "ojButtonRejectPopupOjAction": {
      "chains": [
        {
          "chainId": "RejectButtonActionChain"
        }
      ]
    },
    "ojComboboxOneValue": {
      "chains": [
        {
          "chainId": "updateChildInfo",
          "parameters": {
            "value": "{{ $event.detail.value }}"
          }
        }
      ]
    },
    "ojComboboxOneValue2": {
      "chains": [
        {
          "chainId": "yearValueChangeChain",
          "parameters": {
            "value": "{{ $event.detail.value }}",
            "valueEvent": "{{$event.detail}}",
            "yearMeaning": "[[ $event.detail.data.meaning ]]"
          }
        }
      ]
    },
    "ojFilePickerOjSelect": {
      "chains": [
        {
          "chainId": "uploadFiles",
          "parameters": {
            "files": "[[ Array.prototype.slice.call($event.detail.files) ]]"
          }
        }
      ]
    },
    "ojInputNumberValue2": {
      "chains": [
        {
          "chainId": "receiptAmountValueChangeChain",
          "parameters": {
            "value": "{{ $event.detail.value }}"
          }
        }
      ]
    },
    "ojTableDblclick": {
      "chains": [
        {
          "chainId": "EmployeesPopupTableDblclickChain"
        }
      ]
    },
    "ojTableFirstSelectedRow": {
      "chains": [
        {
          "chainId": "EmployeeTableFSRChangeChain",
          "parameters": {
            "rowKey": "{{$event.detail.value.key}}",
            "rowData": "{{$event.detail.value.data}}"
          }
        }
      ]
    },
    "spanClick": {
      "chains": [
        {
          "chainId": "employeeNameOpenDialogClickChain"
        }
      ]
    },
    "vbEnter": {
      "chains": [
        {
          "chainId": "onPageLoad",
          "parameters": {}
        }
      ]
    }
  },
  "imports": {
    "components": {
      "oj-button": {
        "path": "ojs/ojbutton"
      },
      "oj-combobox-one": {
        "path": "ojs/ojselectcombobox"
      },
      "oj-dialog": {
        "path": "ojs/ojdialog"
      },
      "oj-file-picker": {
        "path": "ojs/ojfilepicker"
      },
      "oj-form-layout": {
        "path": "ojs/ojformlayout"
      },
      "oj-input-date": {
        "path": "ojs/ojdatetimepicker"
      },
      "oj-input-number": {
        "path": "ojs/ojinputnumber"
      },
      "oj-input-text": {
        "path": "ojs/ojinputtext"
      },
      "oj-label": {
        "path": "ojs/ojlabel"
      },
      "oj-list-view": {
        "path": "ojs/ojlistview"
      },
      "oj-option": {
        "path": "ojs/ojoption"
      },
      "oj-paging-control": {
        "path": "ojs/ojpagingcontrol"
      },
      "oj-table": {
        "path": "ojs/ojtable"
      },
      "oj-text-area": {
        "path": "ojs/ojinputtext"
      },
      "oj-toolbar": {
        "path": "ojs/ojtoolbar"
      },
      "oj-validation-group": {
        "path": "ojs/ojvalidationgroup"
      },
      "oj-vb-list-item": {
        "path": "vb/components/list-item/loader"
      }
    },
    "modules": {
      "ojValidationBase": {
        "path": "ojs/ojvalidation-base"
      },
      "ojValidationDateTime": {
        "path": "ojs/ojvalidation-datetime"
      },
      "ojValidationNumber": {
        "path": "ojs/ojvalidation-number"
      }
    }
  },
  "constants": {}
}