{
  "root": "callFunctionOpenSpinnerDialog",
  "description": "",
  "variables": {
    "processId": {
      "type": "string",
      "required": true,
      "input": "fromCaller"
    }
  },
  "actions": {
    "callFunctionOpenSpinnerDialog": {
      "module": "vb/action/builtin/callModuleFunctionAction",
      "parameters": {
        "module": "[[ $functions ]]",
        "functionName": "openSpinnerDialog"
      },
      "outcomes": {
        "success": "resetVariablesAssignees"
      }
    },
    "callFunctionCloseSpinnerDialog": {
      "module": "vb/action/builtin/callModuleFunctionAction",
      "parameters": {
        "module": "[[ $functions ]]",
        "functionName": "closeSpinnerDialog"
      },
      "outcomes": {
        "success": "return"
      }
    },
    "callFunctionCloseSpinnerDialog2": {
      "module": "vb/action/builtin/callModuleFunctionAction",
      "parameters": {
        "module": "[[ $functions ]]",
        "functionName": "closeSpinnerDialog"
      },
      "outcomes": {
        "success": "GetAssignee"
      }
    },
    "assignVariables": {
      "module": "vb/action/builtin/assignVariablesAction",
      "parameters": {
        "$application.variables.assignees": {
          "source": "{{ $chain.results.GetAssignee }}"
        }
    },
      "outcomes": {
        "success": "return2"
      }
    },
    "GetAssignee": {
      "module": "vb/action/builtin/callModuleFunctionAction",
      "parameters": {
        "module": "[[ $functions ]]",
        "functionName": "getAssignee",
        "params": [
          "{{ $chain.results.callRestGetTasks.body.items }}",
          "{{ $variables.processId }}"
        ]
      },
      "outcomes": {
        "success": "assignVariables"
      }
    },
    "resetVariablesAssignees": {
      "module": "vb/action/builtin/resetVariablesAction",
      "parameters": {
        "variables": [
          "$application.variables.assignees"
        ]
      },
      "outcomes": {
        "success": "callRestGetTasks"
      }
    },
    "return": {
      "module": "vb/action/builtin/returnAction",
      "parameters": {
        "outcome": "success"
      }
    },
    "return2": {
      "module": "vb/action/builtin/returnAction",
      "parameters": {
        "outcome": "success"
      }
    },
    "fireNotification2": {
      "module": "vb/action/builtin/fireNotificationEventAction",
      "parameters": {
        "target": "leaf",
        "summary": "[[ $chain.results.callRestGetTasks.message.summary ]]",
        "type": "error",
        "displayMode": "persist"
      },
      "outcomes": {
        "success": "callFunctionCloseSpinnerDialog"
      }
    },
    "callRestGetTasks": {
      "module": "vb/action/builtin/restAction",
      "parameters": {
        "endpoint": "opa_pcs/getTasks",
        "uriParams": {
          "assignment": "CREATOR"
        }
      },
      "outcomes": {
        "success": "callFunctionCloseSpinnerDialog2",
        "failure": "fireNotification2"
      }
    }
  }
}