{
	"limit": 25,
	"offset": 0,
	"count": 2,
	"items": [
		{
			"id": "a4543a53-8fe9-11ef-8ec3-7e549e1e03da",
			"title": "HR Officer",
			"summary": "ANNUAL_PASSAGE~472~ANNUAL-PASSAGE-000472~06567~Syed Mehtab Hyder Syed Sultan Hyder~HR Officer~1",
			"isAdhoc": false,
			"priority": 2,
			"state": "ASSIGNED",
			"substate": "INITIATED",
			"isEscalated": false,
			"reason": {
				"user": {
					"id": "dd5c23cbe41f4f17b696573cab549297",
					"name": "SYED.HYDER"
				},
				"assignee": {
					"id": "5ba343fd283b407d8f57af126538e948",
					"name": "SHEMEER.ABDULRAHMAN"
				},
				"action": "INITIATE",
				"date": "2024-10-21T20:18:31.893+00:00"
			},
			"reasonText": "Started by SYED.HYDER to SHEMEER.ABDULRAHMAN on Mon Oct 21 20:18:31 GMT 2024",
			"assignee": {
				"id": "5ba343fd283b407d8f57af126538e948",
				"name": "SHEMEER.ABDULRAHMAN",
				"displayName": "Shemeer Abdul Rahman Rayammarakkar Veettil"
			},
			"fromUser": {
				"id": "dd5c23cbe41f4f17b696573cab549297",
				"name": "SYED.HYDER",
				"displayName": "Syed Mehtab Hyder Syed Sultan Hyder",
				"type": "USER"
			},
			"createdBy": {
				"id": "dd5c23cbe41f4f17b696573cab549297",
				"name": "SYED.HYDER",
				"displayName": "Syed Mehtab Hyder Syed Sultan Hyder",
				"type": "USER"
			},
			"createdDate": "2024-10-21T20:18:31.891+00:00",
			"lastUpdatedDate": "2024-10-21T20:18:31.893+00:00",
			"assignedDate": "2024-10-21T20:18:31.893+00:00",
			"processName": "XXYASAnnualPassageProcess",
			"activityInstanceId": "a4521772-8fe9-11ef-8ec3-7e549e1e03da",
			"processInstanceId": "9c19c14e-8fe9-11ef-8f58-9a53eb82841a",
			"processDefinitionId": "81529dda-8b7e-11ef-9a69-5a1c150ce80b",
			"processDefinitionKey": "XXYASAnnualPassageApplication--1.0--XXYASAnnualPassageProcess",
			"processExecutionId": "9c19c14e-8fe9-11ef-8f58-9a53eb82841a",
			"rootInstanceId": "9c19c14e-8fe9-11ef-8f58-9a53eb82841a",
			"rootProcessId": "9c19c14e-8fe9-11ef-8f58-9a53eb82841a",
			"taskDefinitionKey": "flow_fb42c852-bd17-42c2-8101-53930e899832",
			"applicationName": "XXYASAnnualPassageApplication",
			"applicationTitle": "XXYASAnnualPassageApplication",
			
			"availableActions": {
				"system": [
					{
						"title": "VIEW_TASK_PAYLOAD",
						"actionId": "VIEW_TASK_PAYLOAD"
					},
					{
						"title": "VIEW_TASK",
						"actionId": "VIEW_TASK"
					},
					{
						"title": "ADD_DOCUMENT",
						"actionId": "ADD_DOCUMENT"
					},
					{
						"title": "ADD_COMMENT",
						"actionId": "ADD_COMMENT"
					},
					{
						"title": "WITHDRAW",
						"actionId": "WITHDRAW"
					},
					{
						"title": "UPDATE_TASK_PAYLOAD",
						"actionId": "UPDATE_TASK_PAYLOAD"
					},
					{
						"title": "UPDATE_TASK",
						"actionId": "UPDATE_TASK"
					},
					{
						"title": "ESCALATE",
						"actionId": "ESCALATE"
					}
				]
				
			}
		}
	]
}