{
  "root": "callFunctionOpenSpinnerDialog",
  "description": "",
  "variables": {},
  "actions": {
    "callFunctionOpenSpinnerDialog": {
      "module": "vb/action/builtin/callModuleFunctionAction",
      "parameters": {
        "module": "[[ $application.functions ]]",
        "functionName": "openSpinnerDialog"
      },
      "outcomes": {
        "success": "runInParallel"
      }
    },
    "runInParallel": {
      "module": "vb/action/builtin/forkAction",
      "parameters": {
        "actions": {
          "callRest": "callRestGetLegalEntity"
        }
      },
      "outcomes": {
        "join": "callFunctionCloseSpinnerDialog"
      }
    },
    "callFunctionCloseSpinnerDialog": {
      "module": "vb/action/builtin/callModuleFunctionAction",
      "parameters": {
        "module": "[[ $application.functions ]]",
        "functionName": "closeSpinnerDialog"
      }
    },
    "fireNotification": {
      "module": "vb/action/builtin/fireNotificationEventAction",
      "parameters": {
        "target": "leaf",
        "summary": "[[ $chain.results.callRestGetLegalEntity.message.summary ]]",
        "type": "error",
        "displayMode": "persist"
      }
    },
    "callRestGetLegalEntity": {
      "module": "vb/action/builtin/restAction",
      "parameters": {
        "endpoint": "ics/getXXYAS_EXT_OTBI_LEGAL_ENTITY1_0LegalEntity"
      },
      "outcomes": {
        "failure": "fireNotification",
        "success": "assignVariablesXXYASLegalEntityADP"
      }
    },
    "assignVariablesXXYASLegalEntityADP": {
      "module": "vb/action/builtin/assignVariablesAction",
      "parameters": {
        "$flow.variables.XXYASLegalEntityADP": {
          "source": {
            "data": "{{ $chain.results.callRestGetLegalEntity.body.XXYASLegalEntities || [] }}"
          },
          "reset": "none",
          "auto": "always",
          "mapping": {
            "$target.data": {
              "source": "$source.data",
              "reset": "empty"
            }
          }
        }
      }
    }
  }
}