{
    "backends": {
        "vbprocess": {
            "serviceType": "vbprocess",
            "servers": [
                {
                    "url": "vb-catalog://backends.tenant/vbprocess",
                    "description": "Player Target Server",
                    "x-vb": {
                        "headers": {
                            "pcs_mode": "dev"
                        }
                    }
                },
                {
                    "url": "vb-catalog://backends.tenant/vbprocess",
                    "description": "Default Target Server",
                    "x-vb": {}
                }
            ]
        }
    },
    "services": {
        "opa_AirTicket": {
            "openapi": "3.0.0",
            "info": {
                "version": "1.0"
            },
            "servers": [
                {
                    "url": "vb-catalog://backends/opa/process/api/v1"
                }
            ],
            "paths": {
                "/applications/XXYASAirTicketApplication/versions/1.0/processes/XXYASAirTicketProcess/openapi": {
                    "get": {}
                }
            }
        },
        "opa_AnnualPassage": {
            "openapi": "3.0.0",
            "info": {
                "version": "1.0"
            },
            "servers": [
                {
                    "url": "vb-catalog://backends/opa/process/api/v1"
                }
            ],
            "paths": {
                "/applications/XXYASAnnualPassageApplication/versions/1.0/processes/XXYASAnnualPassageProcess/openapi": {
                    "get": {}
                }
            }
        },
        "opa_ChildEducation": {
            "openapi": "3.0.0",
            "info": {
                "version": "1.0"
            },
            "servers": [
                {
                    "url": "vb-catalog://backends/opa/process/api/v1"
                }
            ],
            "paths": {
                "/applications/XXYASChildEducationApplication/versions/1.0/processes/XXYASChildEducationProcess/openapi": {
                    "get": {}
                }
            }
        },
        "opa_OverseasBT": {
            "openapi": "3.0.0",
            "info": {
                "version": "1.0"
            },
            "servers": [
                {
                    "url": "vb-catalog://backends/opa/process/api/v1"
                }
            ],
            "paths": {
                "/applications/XXYASOverSeasBusinessTrvlApplication/versions/1.0/processes/XXYASOverSeasBusinessTrvlProcess/openapi": {
                    "get": {}
                }
            }
        },
        "opa_localBusinessTravel": {
            "openapi": "3.0.0",
            "info": {
                "version": "1.0"
            },
            "servers": [
                {
                    "url": "vb-catalog://backends/opa/process/api/v1"
                }
            ],
            "paths": {
                "/applications/XXYASLoclBunsTrvlApplication/versions/1.0/processes/XXYASLoclBunsTrvlProcess/openapi": {
                    "get": {}
                }
            }
        }
    }
}