{
  "schemaVersion": "1.0",
  "name": "XXYASAnnualPassageProcess",
  "registeredProcess": {
    "id": "oracleinternalpcs~XXYASAnnualPassageApplication!1.0~XXYASAnnualPassageProcess",
    "project": "XXYASAnnualPassageApplication",
    "projectVersion": "1.0",
    "useDefaultVersion": true,
    "processName": "XXYASAnnualPassageProcess",
    "isPlayerInstance": false,
    "interfaces": [
      {
        "id": "startAnnualPassagePCS",
        "label": "Receive Message",
        "typeDefinitions": {
          "http://bpm.oracle.com/JsonBusinessObjects/BusinessData/XXYASAnnualPassagePayload|annulPassageLines_ARRAY_ITEM0": {
            "id": "XXYASAnnualPassageApplication@..@http://bpm.oracle.com/JsonBusinessObjects/BusinessData/XXYASAnnualPassagePayload|annulPassageLines_ARRAY_ITEM0",
            "label": "AnnulPassageLines_ARRAY_ITEM0",
            "type": "object",
            "properties": {
              "passportNumber": {
                "type": "string"
              },
              "contactDob": {
                "type": "string"
              },
              "annualPassageLId": {
                "type": "string"
              },
              "contactName": {
                "type": "string"
              },
              "contactTicketAmount": {
                "type": "string"
              },
              "annualPassageHId": {
                "type": "string"
              },
              "attribute9": {
                "type": "string"
              },
              "attribute8": {
                "type": "string"
              },
              "attribute5": {
                "type": "string"
              },
              "attribute4": {
                "type": "string"
              },
              "contactPersonId": {
                "type": "string"
              },
              "attribute7": {
                "type": "string"
              },
              "attribute6": {
                "type": "string"
              },
              "attribute1": {
                "type": "string"
              },
              "attribute3": {
                "type": "string"
              },
              "attribute2": {
                "type": "string"
              },
              "attribute10": {
                "type": "string"
              },
              "concatRelationship": {
                "type": "string"
              },
              "passExpirationDate": {
                "type": "string"
              }
            }
          },
          "http://bpm.oracle.com/JsonBusinessObjects/BusinessData/XXYASAnnualPassagePayload|XXYASAnnualPassagePayload": {
            "id": "XXYASAnnualPassageApplication@..@http://bpm.oracle.com/JsonBusinessObjects/BusinessData/XXYASAnnualPassagePayload|XXYASAnnualPassagePayload",
            "label": "XXYASAnnualPassagePayload",
            "type": "object",
            "properties": {
              "businessUnit": {
                "type": "string"
              },
              "salaryBasis": {
                "type": "string"
              },
              "annualPassageHNo": {
                "type": "string"
              },
              "empReturnDate": {
                "type": "string"
              },
              "approvedBy": {
                "type": "string"
              },
              "organizationId": {
                "type": "string"
              },
              "legalEntityId": {
                "type": "string"
              },
              "ticketEligibility": {
                "type": "string"
              },
              "currentStatusValue": {
                "type": "string"
              },
              "passportNumber": {
                "type": "string"
              },
              "requester": {
                "type": "string"
              },
              "requesterRole": {
                "type": "string"
              },
              "annulPassageLines": {
                "type": "http://bpm.oracle.com/JsonBusinessObjects/BusinessData/XXYASAnnualPassagePayload|annulPassageLines_ARRAY_ITEM0",
                "multivalued": true
              },
              "attribute9": {
                "type": "string"
              },
              "attribute8": {
                "type": "string"
              },
              "ticketClass": {
                "type": "string"
              },
              "attribute5": {
                "type": "string"
              },
              "nationality": {
                "type": "string"
              },
              "attribute4": {
                "type": "string"
              },
              "attribute7": {
                "type": "string"
              },
              "attribute6": {
                "type": "string"
              },
              "attribute1": {
                "type": "string"
              },
              "homeTownAirname": {
                "type": "string"
              },
              "attribute3": {
                "type": "string"
              },
              "personId": {
                "type": "string"
              },
              "attribute2": {
                "type": "string"
              },
              "attribute10": {
                "type": "string"
              },
              "personNumber": {
                "type": "string"
              },
              "familyDepartureDate": {
                "type": "string"
              },
              "processId": {
                "type": "string"
              },
              "empTicketAmount": {
                "type": "string"
              },
              "legalEntityName": {
                "type": "string"
              },
              "passExpirationDate": {
                "type": "string"
              },
              "gradeName": {
                "type": "string"
              },
              "originContactNum": {
                "type": "string"
              },
              "hireDate": {
                "type": "string"
              },
              "empDepartureDate": {
                "type": "string"
              },
              "currentStatus": {
                "type": "string"
              },
              "annualPassageHId": {
                "type": "string"
              },
              "fullName": {
                "type": "string"
              },
              "ticketType": {
                "type": "string"
              },
              "userName": {
                "type": "string"
              },
              "approvalComments": {
                "type": "string"
              },
              "birthDate": {
                "type": "string"
              },
              "userId": {
                "type": "string"
              },
              "requestedBy": {
                "type": "string"
              },
              "ticketDueDate": {
                "type": "string"
              },
              "familyReturnDate": {
                "type": "string"
              },
              "organization": {
                "type": "string"
              },
              "approvalLevel": {
                "type": "string"
              },
              "remarks": {
                "type": "string"
              }
            }
          }
        },
        "parameters": {
          "annualPassageRequest": {
            "type": "http://bpm.oracle.com/JsonBusinessObjects/BusinessData/XXYASAnnualPassagePayload|XXYASAnnualPassagePayload"
          }
        }
      }
    ]
  }
}