{
  "schemaVersion": "1.0",
  "name": "XXYASOverSeasBusinessTrvlProcess",
  "registeredProcess": {
    "id": "oracleinternalpcs~XXYASOverSeasBusinessTrvlApplication!1.0~XXYASOverSeasBusinessTrvlProcess",
    "project": "XXYASOverSeasBusinessTrvlApplication",
    "projectVersion": "1.0",
    "useDefaultVersion": true,
    "processName": "XXYASOverSeasBusinessTrvlProcess",
    "isPlayerInstance": false,
    "interfaces": [
      {
        "id": "startOverSeasBsnsTrvlPCS",
        "label": "Receive Message",
        "typeDefinitions": {
          "http://bpm.oracle.com/JsonBusinessObjects/BusinessData/XXYASOverseasBsnsTrvlPayload|XXYASOverseasBsnsTrvlPayload": {
            "id": "XXYASOverSeasBusinessTrvlApplication@..@http://bpm.oracle.com/JsonBusinessObjects/BusinessData/XXYASOverseasBsnsTrvlPayload|XXYASOverseasBsnsTrvlPayload",
            "label": "XXYASOverseasBsnsTrvlPayload",
            "type": "object",
            "properties": {
              "accommodationValue": {
                "type": "string"
              },
              "businessUnit": {
                "type": "string"
              },
              "salaryBasis": {
                "type": "string"
              },
              "chargeAcctId": {
                "type": "string"
              },
              "toDestination": {
                "type": "string"
              },
              "officialEventStartDate": {
                "type": "string"
              },
              "approvedBy": {
                "type": "string"
              },
              "organizationId": {
                "type": "string"
              },
              "travelTypeValue": {
                "type": "string"
              },
              "ticketAmount": {
                "type": "string"
              },
              "legalEntityId": {
                "type": "string"
              },
              "officialEventEndDate": {
                "type": "string"
              },
              "ticketEligibility": {
                "type": "string"
              },
              "chargeAcct": {
                "type": "string"
              },
              "groupLeader": {
                "type": "string"
              },
              "accomProvidedBy": {
                "type": "string"
              },
              "acttualDays": {
                "type": "string"
              },
              "currentStatusValue": {
                "type": "string"
              },
              "passportNumber": {
                "type": "string"
              },
              "requester": {
                "type": "string"
              },
              "groupLeaderNo": {
                "type": "string"
              },
              "attribute9": {
                "type": "string"
              },
              "attribute8": {
                "type": "string"
              },
              "overBusTrvlNo": {
                "type": "string"
              },
              "totalAmount": {
                "type": "string"
              },
              "mobileNum": {
                "type": "string"
              },
              "ticketClass": {
                "type": "string"
              },
              "attribute5": {
                "type": "string"
              },
              "nationality": {
                "type": "string"
              },
              "attribute4": {
                "type": "string"
              },
              "attribute7": {
                "type": "string"
              },
              "attribute6": {
                "type": "string"
              },
              "attribute1": {
                "type": "string"
              },
              "homeTownAirname": {
                "type": "string"
              },
              "attribute3": {
                "type": "string"
              },
              "personId": {
                "type": "string"
              },
              "attribute2": {
                "type": "string"
              },
              "attribute10": {
                "type": "string"
              },
              "expendiureOrg": {
                "type": "string"
              },
              "trainingType": {
                "type": "string"
              },
              "projectAndTask": {
                "type": "string"
              },
              "toDestinationValue": {
                "type": "string"
              },
              "personNumber": {
                "type": "string"
              },
              "travelHours": {
                "type": "string"
              },
              "travelType": {
                "type": "string"
              },
              "returnDate": {
                "type": "string"
              },
              "processId": {
                "type": "string"
              },
              "daysWithTrvl": {
                "type": "string"
              },
              "legalEntityName": {
                "type": "string"
              },
              "departureDate": {
                "type": "string"
              },
              "justification": {
                "type": "string"
              },
              "passExpirationDate": {
                "type": "string"
              },
              "gradeName": {
                "type": "string"
              },
              "hireDate": {
                "type": "string"
              },
              "currentStatus": {
                "type": "string"
              },
              "fullName": {
                "type": "string"
              },
              "ticketType": {
                "type": "string"
              },
              "overBusTrvlId": {
                "type": "string"
              },
              "userName": {
                "type": "string"
              },
              "birthDate": {
                "type": "string"
              },
              "userId": {
                "type": "string"
              },
              "travelValue": {
                "type": "string"
              },
              "requestedBy": {
                "type": "string"
              },
              "ticketDueDate": {
                "type": "string"
              },
              "additionalDays": {
                "type": "string"
              },
              "trainingName": {
                "type": "string"
              },
              "organization": {
                "type": "string"
              },
              "perdiemValue": {
                "type": "string"
              },
              "approvalLevel": {
                "type": "string"
              },
              "travel": {
                "type": "string"
              },
              "remarks": {
                "type": "string"
              },
              "trainingTypeValue": {
                "type": "string"
              }
            }
          }
        },
        "parameters": {
          "overSeasBsnsTrvlRequest": {
            "type": "http://bpm.oracle.com/JsonBusinessObjects/BusinessData/XXYASOverseasBsnsTrvlPayload|XXYASOverseasBsnsTrvlPayload"
          }
        }
      }
    ]
  }
}