{
  "description": "",
  "root": "assignVariablesXxyasOverSeasRequest",
  "actions": {
    "assignVariablesXxyasOverSeasRequest": {
      "module": "vb/action/builtin/assignVariablesAction",
      "parameters": {
        "$page.variables.xxyasOverSeasRequest": {
          "source": "{{ $variables.current.row }}",
          "auto": "always"
        }
      },
      "outcomes": {
        "success": "assignVariablesXxyasOverSeasRequest3"
      }
    },
    "assignVariablesXxyasOverSeasRequest3": {
      "module": "vb/action/builtin/assignVariablesAction",
      "parameters": {
        "$page.variables.xxyasOverSeasRequest": {
          "source": {
            "mode": "DELETE"
          },
          "reset": "none",
          "auto": "always"
        }
      },
      "outcomes": {
        "success": "callFunctionOpenSpinnerDialog"
      }
    },
    "callFunctionOpenSpinnerDialog": {
      "module": "vb/action/builtin/callModuleFunctionAction",
      "parameters": {
        "module": "[[ $application.functions ]]",
        "functionName": "openSpinnerDialog"
      },
      "outcomes": {
        "success": "callRestPostXXYASHCMEXTOVERSETRAVEL1OverseasTravel"
      }
    },
    "fireNotification": {
      "module": "vb/action/builtin/fireNotificationEventAction",
      "parameters": {
        "target": "leaf",
        "summary": "[[ $chain.results.callRestPostXXYASHCMEXTOVERSETRAVEL1OverseasTravel.message.summary ]]",
        "type": "error",
        "displayMode": "persist"
      },
      "outcomes": {
        "success": "callFunctionCloseSpinnerDialog"
      }
    },
    "callRestPostXXYASHCMEXTOVERSETRAVEL1OverseasTravel": {
      "module": "vb/action/builtin/restAction",
      "parameters": {
        "endpoint": "ics/postXXYAS_HCM_EXT_OVERSE_TRAVEL1_0OverseasTravel",
        "body": {
          "xxyasoverBusTrvl": "[[$page.variables.xxyasOverSeasRequest]]"
        }
      },
      "outcomes": {
        "failure": "fireNotification",
        "success": "callChainSearchAction"
      }
    },
    "callFunctionCloseSpinnerDialog": {
      "module": "vb/action/builtin/callModuleFunctionAction",
      "parameters": {
        "module": "[[ $application.functions ]]",
        "functionName": "closeSpinnerDialog"
      }
    },
    "callFunctionCloseSpinnerDialog2": {
      "module": "vb/action/builtin/callModuleFunctionAction",
      "parameters": {
        "module": "[[ $application.functions ]]",
        "functionName": "closeSpinnerDialog"
      }
    },
    "callChainSearchAction": {
      "module": "vb/action/builtin/callChainAction",
      "parameters": {
        "id": "searchAction"
      },
      "outcomes": {
        "success": "callFunctionCloseSpinnerDialog2"
      }
    }
  },
  "variables": {
    "key": {
      "required": true,
      "type": "any",
      "input": "fromCaller"
    },
    "index": {
      "required": true,
      "type": "number",
      "input": "fromCaller"
    },
    "current": {
      "required": true,
      "type": "any",
      "input": "fromCaller"
    }
  }
}