{
  "description": "",
  "root": "callFunctionExportToExcel",
  "actions": {
    "callFunctionExportToExcel": {
      "module": "vb/action/builtin/callModuleFunctionAction",
      "parameters": {
        "module": "[[ $application.functions ]]",
        "functionName": "exportToExcel",
        "params": [
          [
            "Request#",
            "Person Number",
            "Employee Name",
            "Nationality",
            "legal Entity Name",
            "Hire Date",
            "Passport Number",
            "Expiration Date",
            "Ticket Type",
            "Ticket Class",
            "Travel Type",
            "Training Name",
            "Training Type",
            "Travel",
            "Justification",
            "Group Leader",
            "Group Leader No",
            "Departure Date",
            "Official Start Date",
            "Official End Date",
            "Return Date",
            "To Destination",
            "Travel Hours",
            "Accommodation",
            "Actual Days",
            "Additional Days",
            "Days With Travel",
            "Perdiem Value",
            "Total Amount",
            "Charge Account",
            "Project And Task",
            "Expendiure Org",
            "Ticket Amount",
            "Status",
            "Approval Level"
          ],
          [
            "overBusTrvlNo",
            "personNumber",
            "fullName",
            "nationality",
            "legalEntityName",
            "hireDate",
            "passportNumber",
            "passExpirationDate",
            "ticketType",
            "ticketClass",
            "travelTypeValue",
            "trainingName",
            "trainingTypeValue",
            "travelValue",
            "justification",
            "groupLeader",
            "groupLeaderNo",
            "departureDate",
            "officialEventStartDate",
            "officialEventEndDate",
            "returnDate",
            "toDestinationValue",
            "travelHours",
            "accommodationValue",
            "acttualDays",
            "additionalDays",
            "daysWithTrvl",
            "perdiemValue",
            "totalAmount",
            "chargeAcct",
            "projectAndTask",
            "expendiureOrg",
            "ticketAmount",
            "currentStatusValue",
            "approvalLevel"
          ],
          "{{ $page.variables.xxyasOverSeasADP.data }}",
          "OverSeas_Business_Trip"
        ]
      }
    }
  },
  "variables": {}
}