{
  "root": "callFunctionOpenSpinnerDialog",
  "description": "",
  "variables": {
    "hrArr": {
      "type": "object[]"
    },
    "resultsArr": {
      "type": "object[]"
    }
  },
  "actions": {
    "callFunctionOpenSpinnerDialog": {
      "module": "vb/action/builtin/callModuleFunctionAction",
      "parameters": {
        "module": "[[ $application.functions ]]",
        "functionName": "openSpinnerDialog"
      },
      "outcomes": {
        "success": "runInParallel"
      }
    },
    "runInParallel": {
      "module": "vb/action/builtin/forkAction",
      "parameters": {
        "actions": {
          "callRest": "getSearchResultsCallRest",
          "callRest2": "getHrEmployeesCallRest"
        }
      },
      "outcomes": {
        "join": "searchResults"
      }
    },
    "fireNotification": {
      "module": "vb/action/builtin/fireNotificationEventAction",
      "parameters": {
        "target": "leaf",
        "summary": "[[ $chain.results.getSearchResultsCallRest.message.summary ]]",
        "type": "error",
        "displayMode": "persist"
      },
      "outcomes": {
        "success": "callFunctionCloseSpinnerDialog2"
      }
    },
    "fireNotification2": {
      "module": "vb/action/builtin/fireNotificationEventAction",
      "parameters": {
        "target": "leaf",
        "summary": "[[ $chain.results.getHrEmployeesCallRest.message.summary ]]",
        "type": "error",
        "displayMode": "persist"
      },
      "outcomes": {
        "success": "callFunctionCloseSpinnerDialog"
      }
    },
    "getHrEmployeesCallRest": {
      "module": "vb/action/builtin/restAction",
      "parameters": {
        "endpoint": "ics/getXXYAS_OTBI_GEN_HR_REP_PERSO1_0HrRepPers"
      },
      "outcomes": {
        "failure": "fireNotification2",
        "success": "assignVariablesHrArr"
      }
    },
    "callFunctionCloseSpinnerDialog": {
      "module": "vb/action/builtin/callModuleFunctionAction",
      "parameters": {
        "module": "[[ $application.functions ]]",
        "functionName": "closeSpinnerDialog"
      }
    },
    "assignVariablesHrArr": {
      "module": "vb/action/builtin/assignVariablesAction",
      "parameters": {
        "$variables.hrArr": {
          "source": "{{ $chain.results.getHrEmployeesCallRest.body.XXYASPersons || [] }}"
        }
      }
    },
    "callFunctionCloseSpinnerDialog2": {
      "module": "vb/action/builtin/callModuleFunctionAction",
      "parameters": {
        "module": "[[ $application.functions ]]",
        "functionName": "closeSpinnerDialog"
      }
    },
    "getSearchResultsCallRest": {
      "module": "vb/action/builtin/restAction",
      "parameters": {
        "endpoint": "ics/postXXYAS_COMMON_LOV1_0GetLovData",
        "uriParams": {
          "lovName": "YAS_OVER_BUS_TRVL_SEARCH_HR"
        },
        "body": {
          "XxLOVParameters": [
            {
              "parameter": "[[ $page.variables.searchObject.requestNumber ]]"
            },
            {
              "parameter": "[[ $page.variables.searchObject.status]]"
            },
            {
              "parameter": "[[ $page.variables.searchObject.personNumber ]]"
            },
            {
              "parameter": "[[ $page.variables.searchObject.fullName ]]"
            }
          ]
        }
      },
      "outcomes": {
        "failure": "fireNotification",
        "success": "parseResultsJSON"
      }
    },
    "parseResultsJSON": {
      "module": "vb/action/builtin/callModuleFunctionAction",
      "parameters": {
        "module": "[[ $application.functions ]]",
        "functionName": "parseJSON",
        "params": [
          "{{ $chain.results.getSearchResultsCallRest.body.XxLOVResult || [] }}"
        ]
      },
      "outcomes": {
        "success": "assignVariablesResultsArr"
      }
    },
    "assignVariablesResultsArr": {
      "module": "vb/action/builtin/assignVariablesAction",
      "parameters": {
        "$variables.resultsArr": {
          "source": "{{ $chain.results.parseResultsJSON || [] }}"
        }
      }
    },
    "searchResults": {
      "module": "vb/action/builtin/callModuleFunctionAction",
      "parameters": {
        "module": "[[ $application.functions ]]",
        "functionName": "filterSearchResults",
        "params": [
          "{{ $variables.resultsArr }}",
          "{{ $variables.hrArr }}",
          "{{ $flow.variables.xxYasUser.personId }}"
        ]
      },
      "outcomes": {
        "success": "assignVariablesXxyasOverSeasADP"
      }
    },
    "assignVariablesXxyasOverSeasADP": {
      "module": "vb/action/builtin/assignVariablesAction",
      "parameters": {
        "$page.variables.xxyasOverSeasADP": {
          "source": {
            "data": "{{ $chain.results.searchResults || [] }}"
          },
          "reset": "none",
          "auto": "always",
          "mapping": {
            "$target.data": {
              "source": "$source.data",
              "reset": "empty"
            }
          }
        }
      },
      "outcomes": {
        "success": "callFunctionCloseSpinnerDialog3"
      }
    },
    "callFunctionCloseSpinnerDialog3": {
      "module": "vb/action/builtin/callModuleFunctionAction",
      "parameters": {
        "module": "[[ $application.functions ]]",
        "functionName": "closeSpinnerDialog"
      }
    }
  }
}