{
  "description": "",
  "root": "navigateToOverseasBusinessRequest",
  "actions": {
    "navigateToOverseasBusinessRequest": {
      "module": "vb/action/builtin/navigateAction",
      "parameters": {
        "page": "overseas-business-request",
        "params": {
          "p_requestType": "REVIEW",
          "p_process_id": "{{ $variables.current.row.processId }}",
          "p_overBusTrvlId": "{{ $variables.current.row.overBusTrvlId }}"
        }
      }
    }
  },
  "variables": {
    "key": {
      "required": true,
      "type": "any",
      "input": "fromCaller"
    },
    "index": {
      "required": true,
      "type": "number",
      "input": "fromCaller"
    },
    "current": {
      "required": true,
      "type": "any",
      "input": "fromCaller"
    }
  }
}