{
  "description": "",
  "root": "ifXxYasUser",
  "actions": {
    "navigateToOverseasBusinessRequest": {
      "module": "vb/action/builtin/navigateAction",
      "parameters": {
        "page": "overseas-business-request",
        "params": {
          "p_requestType": "CREATE"
        }
      }
    },
    "ifXxYasUser": {
      "module": "vb/action/builtin/ifAction",
      "parameters": {
        "condition": "[[ !$application.functions.isEmpty($flow.variables.xxYasUser.personId) ]]"
      },
      "outcomes": {
        "true": "navigateToOverseasBusinessRequest",
        "false": "fireNotification"
      }
    },
    "fireNotification": {
      "module": "vb/action/builtin/fireNotificationEventAction",
      "parameters": {
        "target": "leaf",
        "summary": "Error",
        "message": "You are not allowed to use this Self-Service. Please Contact the Administrator.",
        "displayMode": "transient"
      }
    }
  },
  "variables": {}
}