{
  "description": "",
  "root": "ifXxYasUser",
  "actions": {
    "callFunctionOpenSpinnerDialog": {
      "module": "vb/action/builtin/callModuleFunctionAction",
      "parameters": {
        "module": "[[ $application.functions ]]",
        "functionName": "openSpinnerDialog"
      },
      "outcomes": {
        "success": "callRestPostXXYASCOMMONLOV1GetLovData"
      }
    },
    "fireNotification": {
      "module": "vb/action/builtin/fireNotificationEventAction",
      "parameters": {
        "target": "leaf",
        "summary": "[[ $chain.results.callRestPostXXYASCOMMONLOV1GetLovData.message.summary ]]",
        "type": "error",
        "displayMode": "persist"
      },
      "outcomes": {
        "success": "callFunctionCloseSpinnerDialog2"
      }
    },
    "callRestPostXXYASCOMMONLOV1GetLovData": {
      "module": "vb/action/builtin/restAction",
      "parameters": {
        "endpoint": "ics/postXXYAS_COMMON_LOV1_0GetLovData",
        "uriParams": {
          "lovName": "YAS_OVER_BUS_TRVL_SEARCH"
        },
        "body": {
          "XxLOVParameters": [
            {
              "parameter": ""
            },
            {
              "parameter": ""
            },
            {
              "parameter": "[[$page.variables.searchObject.requestNumber]]"
            },
            {
              "parameter": "[[$page.variables.searchObject.status]]"
            },
            {
              "parameter": "[[ $flow.variables.xxYasUser.personId ]]"
            }
          ]
        }
      },
      "outcomes": {
        "failure": "fireNotification",
        "success": "callFunctionParseJSON"
      }
    },
    "callFunctionParseJSON": {
      "module": "vb/action/builtin/callModuleFunctionAction",
      "parameters": {
        "module": "[[ $application.functions ]]",
        "functionName": "parseJSON",
        "params": [
          "{{ $chain.results.callRestPostXXYASCOMMONLOV1GetLovData.body.XxLOVResult || [] }}"
        ]
      },
      "outcomes": {
        "success": "resetVariablesXxyasOverSeasADP"
      }
    },
    "assignVariablesXxyasOverSeasADP": {
      "module": "vb/action/builtin/assignVariablesAction",
      "parameters": {
        "$page.variables.xxyasOverSeasADP": {
          "source": {
            "data": "{{ $chain.results.callFunctionParseJSON || [] }}"
          },
          "reset": "none",
          "auto": "always",
          "mapping": {
            "$target.data": {
              "source": "$source.data",
              "reset": "empty"
            }
          }
        }
      },
      "outcomes": {
        "success": "callFunctionCloseSpinnerDialog"
      }
    },
    "callFunctionCloseSpinnerDialog": {
      "module": "vb/action/builtin/callModuleFunctionAction",
      "parameters": {
        "module": "[[ $application.functions ]]",
        "functionName": "closeSpinnerDialog"
      },
      "outcomes": {
        "success": "return2"
      }
    },
    "callFunctionCloseSpinnerDialog2": {
      "module": "vb/action/builtin/callModuleFunctionAction",
      "parameters": {
        "module": "[[ $application.functions ]]",
        "functionName": "closeSpinnerDialog"
      },
      "outcomes": {
        "success": "return3"
      }
    },
    "ifXxYasUser": {
      "module": "vb/action/builtin/ifAction",
      "parameters": {
        "condition": "[[ $flow.variables.xxYasUser.aorResp ]]"
      },
      "outcomes": {
        "false": "callFunctionOpenSpinnerDialog",
        "true": "callChainCallChainHrSearchAction"
      }
    },
    "callChainCallChainHrSearchAction": {
      "module": "vb/action/builtin/callChainAction",
      "parameters": {
        "id": "HrSearchAction"
      },
      "outcomes": {
        "success": "return"
      }
    },
    "return": {
      "module": "vb/action/builtin/returnAction",
      "parameters": {
        "outcome": "success"
      }
    },
    "return2": {
      "module": "vb/action/builtin/returnAction",
      "parameters": {
        "outcome": "success"
      }
    },
    "return3": {
      "module": "vb/action/builtin/returnAction",
      "parameters": {
        "outcome": "failure"
      }
    },
    "resetVariablesXxyasOverSeasADP": {
      "module": "vb/action/builtin/resetVariablesAction",
      "parameters": {
        "variables": [
          "$page.variables.xxyasOverSeasADP"
        ]
      },
      "outcomes": {
        "success": "assignVariablesXxyasOverSeasADP"
      }
    }
  },
  "variables": {}
}