{
  "description": "",
  "root": "callFunctionExportToExcel",
  "actions": {
    "callFunctionExportToExcel": {
      "module": "vb/action/builtin/callModuleFunctionAction",
      "parameters": {
        "module": "[[ $application.functions ]]",
        "functionName": "exportToExcel",
        "params": [
          [
            "Request#",
            "Person Number",
            "Employee Name",
            "Nationality",
            "legal Entity Name",
            "Hire Date",
            "Passport Number",
            "Expiration Date",
            "Ticket Eligibility",
            "Ticket Type",
            "Ticket Class",
            "Ticket Due Date",
            "Home Town Airname",
            "Salary Basis",
            "Grade",
            "Emp Ticket Amount",
            "Status",
            "Approval Level"
          ],
          [
            "airTicketReqId",
            "personNumber",
            "fullName",
            "nationality",
            "legalEntityName",
            "hireDate",
            "passportNumber",
            "passExpirationDate",
            "ticketEligibility",
            "ticketType",
            "ticketClass",
            "ticketDueDate",
            "homeTownAirname",
            "salaryBasis",
            "gradeName",
            "employeeTicketAmount",
            "currentStatusValue",
            "approvalLevel"
          ],
          "{{ $page.variables.xxyasAirTicketReq.data }}",
          "Air_Ticket_Encashment"
        ]
      }
    }
  },
  "variables": {}
}