{
  "description": "",
  "root": "ifXxyasUser2",
  "actions": {
    "navigateToAirTicketEncashmentRequest": {
      "module": "vb/action/builtin/navigateAction",
      "parameters": {
        "page": "air-ticket-encashment-request",
        "params": {
          "p_requestType": "CREATE"
        }
      }
    },
    "fireNotification": {
      "module": "vb/action/builtin/fireNotificationEventAction",
      "parameters": {
        "target": "leaf",
        "summary": "Error",
        "message": "You are not allowed to use this Self-Service. Please Contact the Administrator.",
        "displayMode": "transient"
      }
    },
    "ifXxyasUser": {
      "module": "vb/action/builtin/ifAction",
      "parameters": {
        "condition": "[[ !$application.functions.isEmpty($flow.variables.xxyasUser.personId) ]]"
      },
      "outcomes": {
        "false": "fireNotification",
        "true": "navigateToAirTicketEncashmentRequest"
      }
    },
    "fireNotification3": {
      "module": "vb/action/builtin/fireNotificationEventAction",
      "parameters": {
        "target": "leaf",
        "summary": "Error",
        "message": "You are not eligible for Air Ticket Encashment."
      }
    },
    "ifXxyasUser3": {
      "module": "vb/action/builtin/ifAction",
      "parameters": {
        "condition": "[[ $flow.variables.xxyasUser.ticketAllowanceType==='TC' ]]"
      },
      "outcomes": {
        "true": "ifXxyasUser",
        "false": "fireNotification3"
      }
    },
    "fireNotification4": {
      "module": "vb/action/builtin/fireNotificationEventAction",
      "parameters": {
        "target": "leaf",
        "summary": "Error",
        "message": "The employee is currently in the probation period and is not permitted to create the document."
      }
    },
    "ifXxyasUser2": {
      "module": "vb/action/builtin/ifAction",
      "parameters": {
        "condition": "[[ $flow.variables.xxyasUser.probationFlag==='N' ]]"
      },
      "outcomes": {
        "true": "ifXxyasUser3",
        "false": "fireNotification4"
      }
    }
  },
  "variables": {}
}