{
  "description": "",
  "root": "resetVariablesXxRequestAuditTraffic",
  "actions": {
    "resetVariablesXxRequestAuditTraffic": {
      "module": "vb/action/builtin/resetVariablesAction",
      "parameters": {
        "variables": [
          "$page.variables.xx_requestAuditTraffic"
        ]
      },
      "outcomes": {
        "success": "callFunctionOpenSpinnerDialog"
      }
    },
    "callFunctionOpenSpinnerDialog": {
      "module": "vb/action/builtin/callModuleFunctionAction",
      "parameters": {
        "module": "[[ $application.functions ]]",
        "functionName": "openSpinnerDialog"
      },
      "outcomes": {
        "success": "getRequestCommentsCallRest"
      }
    },
    "callFunctionCloseSpinnerDialog": {
      "module": "vb/action/builtin/callModuleFunctionAction",
      "parameters": {
        "module": "[[ $application.functions ]]",
        "functionName": "closeSpinnerDialog"
      },
      "outcomes": {
        "success": "assignVariablesXxRequestAuditTraffic"
      }
    },
    "callFunctionCloseSpinnerDialog2": {
      "module": "vb/action/builtin/callModuleFunctionAction",
      "parameters": {
        "module": "[[ $application.functions ]]",
        "functionName": "closeSpinnerDialog"
      }
    },
    "getRequestCommentsCallRest": {
      "module": "vb/action/builtin/restAction",
      "parameters": {
        "endpoint": "ics/getXXYAS_HCM_EXT_PCS_AUDIT_TRAFF1_0Audit",
        "uriParams": {
          "processId": "{{ $page.variables.xx_processId }}"
        }
      },
      "outcomes": {
        "failure": "callFunctionCloseSpinnerDialog2",
        "success": "callFunctionCloseSpinnerDialog"
      }
    },
    "assignVariablesXxRequestAuditTraffic": {
      "module": "vb/action/builtin/assignVariablesAction",
      "parameters": {
        "$page.variables.xx_requestAuditTraffic": {
          "source": "{{ $application.functions.parseAuditTraffic($chain.results.getRequestCommentsCallRest.body) }}"
        }
      },
      "outcomes": {
        "success": "callComponentDialogAuditTrafficOpen"
      }
    },
    "callComponentDialogAuditTrafficOpen": {
      "module": "vb/action/builtin/callComponentMethodAction",
      "parameters": {
        "component": "{{ document.getElementById('dialog-audit-traffic') }}",
        "method": "open"
      }
    }
  },
  "variables": {}
}