{
  "description": "",
  "root": "callFunctionOpenSpinnerDialog",
  "actions": {
    "callFunctionOpenSpinnerDialog": {
      "module": "vb/action/builtin/callModuleFunctionAction",
      "parameters": {
        "module": "[[ $application.functions ]]",
        "functionName": "openSpinnerDialog"
      },
      "outcomes": {
        "success": "resetVariablesXxRequestStatus"
      }
    },
    "resetVariablesXxRequestStatus": {
      "module": "vb/action/builtin/resetVariablesAction",
      "parameters": {
        "variables": [
          "$page.variables.xx_requestStatus",
          "$page.variables.xxyasApprovalHistoryADP",
          "$page.variables.xx_processId"
        ]
      },
      "outcomes": {
        "success": "assignVariablesXxProcessId"
      }
    },
    "runInParallel": {
      "module": "vb/action/builtin/forkAction",
      "parameters": {
        "actions": {
          "callRest": "assignVariablesXxRequestStatus",
          "getApprovalHistoryCallRest": "getApprovalHistoryCallRest"
        }
      },
      "outcomes": {
        "join": "callFunctionCloseSpinnerDialog"
      }
    },
    "callFunctionCloseSpinnerDialog": {
      "module": "vb/action/builtin/callModuleFunctionAction",
      "parameters": {
        "module": "[[ $application.functions ]]",
        "functionName": "closeSpinnerDialog"
      },
      "outcomes": {
        "success": "callFunctionCallComponent"
      }
    },
    "getApprovalHistoryCallRest": {
      "module": "vb/action/builtin/restAction",
      "parameters": {
        "endpoint": "ics/postXXYAS_COMMON_LOV1_0GetLovData",
        "uriParams": {
          "lovName": "YAS_APPROVAL_HISTORY"
        },
        "body": {
          "XxLOVParameters": [
            {
              "parameter": ""
            },
            {
              "parameter": "[[$variables.current.row.processId]]"
            }
          ]
        }
      },
      "outcomes": {
        "success": "parseApprovalHistoryJSON"
      }
    },
    "assignVariablesXxyasApprovalHistoryADP": {
      "module": "vb/action/builtin/assignVariablesAction",
      "parameters": {
        "$page.variables.xxyasApprovalHistoryADP": {
          "source": {
            "data": "{{ $chain.results.parseApprovalHistoryJSON || [] }}"
          },
          "reset": "none",
          "auto": "always",
          "mapping": {
            "$target.data": {
              "source": "$source.data",
              "reset": "empty"
            }
          }
        }
      }
    },
    "callComponentDialogWorkflowOpen": {
      "module": "vb/action/builtin/callComponentMethodAction",
      "parameters": {
        "component": "{{ document.getElementById('dialog-workflow') }}",
        "method": "open"
      }
    },
    "parseApprovalHistoryJSON": {
      "module": "vb/action/builtin/callModuleFunctionAction",
      "parameters": {
        "module": "[[ $application.functions ]]",
        "functionName": "parseJSON",
        "params": [
          "{{ $chain.results.getApprovalHistoryCallRest.body.XxLOVResult || [] }}"
        ]
      },
      "outcomes": {
        "success": "assignVariablesXxyasApprovalHistoryADP"
      }
    },
    "assignVariablesXxRequestStatus": {
      "module": "vb/action/builtin/assignVariablesAction",
      "parameters": {
        "$page.variables.xx_requestStatus": {
          "source": "{{ $variables.current.row.currentStatusValue }}"
        }
      }
    },
    "assignVariablesXxProcessId": {
      "module": "vb/action/builtin/assignVariablesAction",
      "parameters": {
        "$page.variables.xx_processId": {
          "source": "{{ $variables.current.row.processId }}"
        }
      },
      "outcomes": {
        "success": "runInParallel"
      }
    },
    "callFunctionCallComponent": {
      "module": "vb/action/builtin/callModuleFunctionAction",
      "parameters": {
        "module": "[[ $functions ]]",
        "functionName": "callComponent",
        "params": [
          "dialog-workflow"
        ]
      },
      "outcomes": {
        "success": "callComponentDialogWorkflowOpen"
      }
    }
  },
  "variables": {
    "key": {
      "required": true,
      "type": "any",
      "input": "fromCaller"
    },
    "index": {
      "required": true,
      "type": "number",
      "input": "fromCaller"
    },
    "current": {
      "required": true,
      "type": "any",
      "input": "fromCaller"
    }
  }
}