{
  "defaultPage": "shell",
  "types": {
    "@decorators.updateApprovalTaskDetailsReqType": {
      "endpoint": "postUPDATE_APPROVAL_TASK_DETAILS",
      "service": "ics",
      "path": "request"
    },
    "@decorators.XXYASAttachment": {
      "endpoint": "getAttchmentsDetails",
      "service": "ics",
      "path": "response-_-XXYASAttachments[0]"
    },
    "@decorators.XXYASLegalEntityType": {
      "endpoint": "getXXYAS_EXT_OTBI_LEGAL_ENTITY1_0LegalEntity",
      "service": "ics",
      "path": "response-_-XXYASLegalEntities[0]"
    },
    "updateApprovalTaskDetailsReqType": {
      "APPROVAL_LEVEL": "string",
      "comments": "string",
      "confirmed_by": "string",
      "MODULE_NAME": "string",
      "MODULE_REQ_ID": "string",
      "outcome": "string",
      "rootInstanceId": "string",
      "task_definition_key": "string"
    },
    "XXYASAORRespType": {
      "aorCode": "string",
      "aorMeaning": "string"
    },
    "XXYASApprovalHistory": {
      "approvalComments": "string",
      "approvalLevel": "string",
      "approvedBy": "string",
      "approvedDate": "string",
      "createdBy": "string",
      "creationDate": "string",
      "lastUpdateDate": "string",
      "lastUpdatedBy": "string",
      "requestId": "string",
      "requestLineId": "string",
      "status": "string"
    },
    "xxYasApprovalLine": {
      "approvalComments": "string",
      "approvalLevel": "string",
      "field1": "object[]",
      "mode": "string",
      "requestId": "string",
      "requestLineId": "string",
      "rootInstanceId": "string",
      "status": "string"
    },
    "XXYASAttachment": {
      "attachmentId": "string",
      "contentType": "string",
      "moduleName": "string",
      "moduleReqId": "string",
      "uploadedFile": "string",
      "uploadedFileName": "string",
      "uploadedFileSize": "string"
    },
    "XXYASContact": {
      "academicYear": "string",
      "childSchool": "string",
      "concatRelationship": "string",
      "contactAge": "string",
      "contactDob": "string",
      "contactName": "string",
      "contactPersonId": "string",
      "eligibility": "string",
      "passExpirationDate": "string",
      "passportNumber": "string",
      "personId": "string"
    },
    "XXYASCurrency": {
      "currencyCode": "string",
      "description": "string",
      "name": "string"
    },
    "XXYASEmpEligibilty": {
      "childs": "number",
      "spouse": "number",
      "staff": "number"
    },
    "XXYASLegalEntityType": {
      "legalEntityId": "string",
      "legalEntityName": "string"
    },
    "XXYASLOOKUP": {
      "lookupCode": "string",
      "lookupType": "string",
      "meaning": "string"
    },
    "XXYASPersonSearchCriteria": {
      "fullName": "string",
      "personNumber": "string"
    },
    "XXYASUser": {
      "probationFlag": "string",
      "ameCategory": "string",
      "aorResp": "boolean",
      "birthDate": "string",
      "businessUnit": "string",
      "field1": "string",
      "fullName": "string",
      "gradeId": "string",
      "gradeName": "string",
      "gradeRateValue": "string",
      "hireDate": "string",
      "homeTownAirname": "string",
      "legalEntityId": "string",
      "legalEntityName": "string",
      "nationality": "string",
      "organization": "string",
      "organizationId": "string",
      "passExpirationDate": "string",
      "passportNumber": "string",
      "perDiemCategory": "string",
      "personId": "string",
      "personNumber": "string",
      "respType": "string",
      "salaryBasis": "string",
      "ticketAllowanceType": "string",
      "ticketClass": "string",
      "ticketDueDate": "string",
      "ticketEligibility": "string",
      "ticketType": "string",
      "userId": "string",
      "userName": "string",
      "workLocation": "string"
    },
    "XXYASVALUESET": {
      "flexValue": "string",
      "flexValueId": "string",
      "valueDescription": "string"
    }
  },
  "variables": {
    "assignees": {
      "type": "string"
    },
    "initialLoad": {
      "type": "string",
      "defaultValue": "Yes"
    }
  },
  "security": {},
  "chains": {},
  "translations": {
    "app": {
      "path": "./resources/strings/app/nls/app-strings"
    }
  },
  "description": "A new VB app",
  "id": "starter",
  "services": {},
  "userConfig": {
    "type": "vb/DefaultSecurityProvider",
    "configuration": {
      "authentication": {
        "type": "oraclecloud"
      }
    },
    "embedding": "any"
  },
  "eventListeners": {},
  "requirejs": {
    "paths": {
      "oj-sample": "https://static.oracle.com/cdn/jet/packs/oj-sample/8.0.0/min",
      "xlsx": "resources/js/cdnjs/xlsx.full.min"
    },
    "bundles": {
      "oj-sample/calendar-bundle": [
        "oj-sample/calendar/loader",
        "oj-sample/calendar-event/loader",
        "oj-sample/calendar-provider/loader"
      ],
      "oj-sample/controls-bundle": [
        "oj-sample/checkbox-switch/loader",
        "oj-sample/copy-text/loader",
        "oj-sample/country-picker/loader",
        "oj-sample/export-data/loader",
        "oj-sample/highlight-text/loader",
        "oj-sample/input-email/loader",
        "oj-sample/input-text-typeahead/loader",
        "oj-sample/input-url/loader",
        "oj-sample/metric/loader",
        "oj-sample/organization-tree/loader",
        "oj-sample/organization-tree-item/loader",
        "oj-sample/qr-code/loader",
        "oj-sample/tooltip/loader",
        "oj-sample/utils/validators/emailValidatorFactory",
        "oj-sample/utils/validators/urlValidatorFactory",
        "oj-sample/utils/validators/countryValidatorFactory",
        "oj-sample/utils/export/dataCollectionExporter",
        "oj-sample/utils/export/visualizationExporter",
        "oj-sample/visualization-exporter/loader"
      ],
      "oj-sample/layout-bundle": [
        "oj-sample/drawer/loader",
        "oj-sample/flip-card/loader",
        "oj-sample/online-detector/loader",
        "oj-sample/orientation-detector/loader",
        "oj-sample/show-when-ready/loader",
        "oj-sample/timed-event/loader"
      ]
    }
  },
  "imports": {
    "css": [
      "https://static.oracle.com/cdn/vb/vb-icon-font/1/vb-icon-font.css",
      "https://static.oracle.com/cdn/fnd/gallery/2201.2.0/images/iconfont/ojuxIconFont.min.css"
    ],
    "components": {
      "oj-validation-base": {
        "path": "ojs/ojvalidation-base"
      },
      "oj-validation-datetime": {
        "path": "ojs/ojvalidation-datetime"
      },
      "oj-validation-number": {
        "path": "ojs/ojvalidation-number"
      }
    }
  }
}