{
  "description": "",
  "root": "callFunctionLogger",
  "actions": {
    "callFunctionLogger": {
      "module": "vb/action/builtin/callModuleFunctionAction",
      "parameters": {
        "module": "[[ $application.functions ]]",
        "functionName": "logger",
        "params": [
          "{{ $variables.current.row }}"
        ]
      },
      "outcomes": {
        "success": "assignVariablesXxyasChildEducationRequest"
      }
    },
    "assignVariablesXxyasChildEducationRequest": {
      "module": "vb/action/builtin/assignVariablesAction",
      "parameters": {
        "$page.variables.xxyasChildEducationRequest": {
          "source": "{{ $variables.current.row }}",
          "auto": "always"
        }
      },
      "outcomes": {
        "success": "assignVariablesXxyasChildEducationRequest2"
      }
    },
    "assignVariablesXxyasChildEducationRequest2": {
      "module": "vb/action/builtin/assignVariablesAction",
      "parameters": {
        "$page.variables.xxyasChildEducationRequest": {
          "source": {
            "mode": "DELETE"
          },
          "reset": "none",
          "auto": "always"
        }
      },
      "outcomes": {
        "success": "callFunctionOpenSpinnerDialog"
      }
    },
    "fireNotification": {
      "module": "vb/action/builtin/fireNotificationEventAction",
      "parameters": {
        "target": "leaf",
        "summary": "[[ $chain.results.callRestEducationAloowanceDML.message.summary ]]",
        "type": "error",
        "displayMode": "persist"
      },
      "outcomes": {
        "success": "callFunctionCloseSpinnerDialog2"
      }
    },
    "callRestEducationAloowanceDML": {
      "module": "vb/action/builtin/restAction",
      "parameters": {
        "endpoint": "ics/educationAloowanceDML",
        "body": {
          "XXYASChildEducation": "[[$page.variables.xxyasChildEducationRequest]]"
        }
      },
      "outcomes": {
        "failure": "fireNotification",
        "success": "fireDataProviderEventXxyasChildEducationADP"
      }
    },
    "fireDataProviderEventXxyasChildEducationADP": {
      "module": "vb/action/builtin/fireDataProviderEventAction",
      "parameters": {
        "target": "[[ $page.variables.xxyasChildEducationADP ]]",
        "remove": {
          "indexes": [
            "{{ $variables.index }}"
          ]
        }
      },
      "outcomes": {
        "success": "fireDataProviderEventXxyasChildEducationADP2"
      }
    },
    "callFunctionOpenSpinnerDialog": {
      "module": "vb/action/builtin/callModuleFunctionAction",
      "parameters": {
        "module": "[[ $application.functions ]]",
        "functionName": "openSpinnerDialog"
      },
      "outcomes": {
        "success": "callRestEducationAloowanceDML"
      }
    },
    "callFunctionCloseSpinnerDialog": {
      "module": "vb/action/builtin/callModuleFunctionAction",
      "parameters": {
        "module": "[[ $application.functions ]]",
        "functionName": "closeSpinnerDialog"
      }
    },
    "callFunctionCloseSpinnerDialog2": {
      "module": "vb/action/builtin/callModuleFunctionAction",
      "parameters": {
        "module": "[[ $application.functions ]]",
        "functionName": "closeSpinnerDialog"
      }
    },
    "fireDataProviderEventXxyasChildEducationADP2": {
      "module": "vb/action/builtin/fireDataProviderEventAction",
      "parameters": {
        "target": "[[ $variables.xxyasChildEducationADP ]]",
        "refresh": null
      },
      "outcomes": {
        "success": "callFunctionCloseSpinnerDialog"
      }
    }
  },
  "variables": {
    "key": {
      "required": true,
      "type": "any",
      "input": "fromCaller"
    },
    "index": {
      "required": true,
      "type": "number",
      "input": "fromCaller"
    },
    "current": {
      "required": true,
      "type": "any",
      "input": "fromCaller"
    }
  }
}