{
  "description": "",
  "root": "callFunctionExportToExcel",
  "actions": {
    "callFunctionExportToExcel": {
      "module": "vb/action/builtin/callModuleFunctionAction",
      "parameters": {
        "module": "[[ $application.functions ]]",
        "functionName": "exportToExcel",
        "params": [
          [
            "Request#",
            "Person Number",
            "Employee Name",
            "Nationality",
            "Legal Entity Name",
            "Hire Date",
            "Salary Basis",
            "Grade",
            "Grade Rate",
            "Eligibility Amount",
            "Utilized Amount",
            "Balance Amount",
            "Child Name",
            "Child Dob",
            "Academic Year",
            "School",
            "Year",
            "Receipt Date",
            "Receipt#",
            "Receipt Amount",
            "Currency",
            "Status",
            "Approval Level"
          ],
          [
            "chiEduReqNo",
            "personNumber",
            "fullName",
            "nationality",
            "legalEntityName",
            "hireDate",
            "salaryBasis",
            "gradeName",
            "gradeRateValue",
            "eligibilityAmount",
            "utilizedAmount",
            "balanceAmount",
            "contactName",
            "contactDob",
            "academicYear",
            "childSchool",
            "yearValue",
            "receiptDate",
            "receiptNumber",
            "receiptAmount",
            "currencyCode",
            "currentStatusValue",
            "approvalLevel"
          ],
          "{{ $page.variables.xxyasChildEducationADP.data }}",
          "Education_Allowance"
        ]
      }
    }
  },
  "variables": {}
}