{
  "description": "",
  "root": "ifXxyasUser2",
  "actions": {
    "navigateToChildEducationRequest": {
      "module": "vb/action/builtin/navigateAction",
      "parameters": {
        "page": "child-education-request",
        "params": {
          "p_requestType": "CREATE"
        }
      }
    },
    "fireNotification": {
      "module": "vb/action/builtin/fireNotificationEventAction",
      "parameters": {
        "target": "leaf",
        "summary": "Error",
        "message": "You are not allowed to use this Self-Service. Please Contact the Administrator.",
        "displayMode": "transient"
      }
    },
    "ifXxyasUser": {
      "module": "vb/action/builtin/ifAction",
      "parameters": {
        "condition": "[[ !$application.functions.isEmpty($flow.variables.xxyasUser.personId) ]]"
      },
      "outcomes": {
        "true": "navigateToChildEducationRequest",
        "false": "fireNotification"
      }
    },
    "ifXxyasUser2": {
      "module": "vb/action/builtin/ifAction",
      "parameters": {
        "condition": "[[ $flow.variables.xxyasUser.probationFlag==='N' ]]"
      },
      "outcomes": {
        "true": "ifXxyasUser",
        "false": "fireNotification3"
      }
    },
    "fireNotification3": {
      "module": "vb/action/builtin/fireNotificationEventAction",
      "parameters": {
        "target": "leaf",
        "summary": "Error",
        "message": "The employee is currently in the probation period and is not permitted to create the document."
      }
    }
  },
  "variables": {
    "detail": {
      "required": true,
      "type": "any",
      "input": "fromCaller"
    }
  }
}