{
  "description": "",
  "root": "navigateToChildEducationRequest",
  "actions": {
    "navigateToChildEducationRequest": {
      "module": "vb/action/builtin/navigateAction",
      "parameters": {
        "page": "child-education-request",
        "params": {
          "p_requestType": "REVIEW",
          "p_processId": "{{ $variables.current.row.processId }}",
          "p_chiEduReqId": "{{ $variables.current.row.chiEduReqId }}"
        }
      }
    }
  },
  "variables": {
    "key": {
      "required": true,
      "type": "any",
      "input": "fromCaller"
    },
    "index": {
      "required": true,
      "type": "number",
      "input": "fromCaller"
    },
    "current": {
      "required": true,
      "type": "any",
      "input": "fromCaller"
    }
  }
}