{
  "title": "",
  "description": "",
  "variables": {

    "requestAuditTraffic": {
      "type": "string"
    },
    "requestEndDate": {
      "type": "string",
      "defaultValue": "[[ new Date().toISOString() ]]"
    },
    "requestStartDate": {
      "type": "string",
      "defaultValue": "[[ new Date().toISOString() ]]"
    },
    "statusCheckBoxRequests": {
      "type": "object[]"
    },
    "taskComment": {
      "type": "string"
    },
    "xxyasApprovalHistoryADP": {
      "type": "vb/ArrayDataProvider2",
      "defaultValue": {
        "itemType": "application:XXYASApprovalHistory",
        "keyAttributes": "requestLineId"
      }
    },
    "xxyasRequestListADP": {
      "type": "vb/ArrayDataProvider2",
      "defaultValue": {
        "itemType": "requestListType",
        "keyAttributes": "processId"
      }
    }

  },
  "metadata": {},
  "types": {
    "@decorators.requestListType": {
      "endpoint": "getXXYA_HCM_EXT_PCS_ADMI_PROC_INSA1_0Processes",
      "service": "ics",
      "path": "response-_-items[0]"
    },
    "requestListType": {
      "createdBy": "string",
      "createdDate": "string",
      "href": "string",
      "levels": "number",
      "ownedBy": "string",
      "priority": "number",
      "processDN": "string",
      "processId": "string",
      "processName": "string",
      "processNumber": "number",
      "state": "string",
      "title": "string",
      "updatedDate": "string"
    }

  },
  "chains": {

  },
  "eventListeners": {

    "aClick2": {
      "chains": [
        {
          "chainId": "ProcessIdHyperlinkClickChain",
          "parameters": {
            "key": "{{ $current.key }}",
            "index": "{{ $current.index }}",
            "current": "{{ $current }}"
          }
        }
      ]
    },
    "checkboxSetRequestIdValue": {
      "chains": [
        {
          "chainId": "StatusCheckboxSetRequestsValueChangeChain",
          "parameters": {
            "value": "{{ $event.detail.value }}"
          }
        }
      ]
    },
    "ojButtonOjAction3": {
      "chains": [
        {
          "chainId": "RequestCommentsButtonActionChain",
          "parameters": {
            "key": "{{ $current.key }}",
            "index": "{{ $current.index }}",
            "current": "{{ $current }}"
          }
        }
      ]
    },
    "ojButtonOjAction4": {
      "chains": [
        {
          "chainId": "RetryButtonRequestActionChain",
          "parameters": {
            "key": "{{ $current.key }}",
            "index": "{{ $current.index }}",
            "current": "{{ $current }}"
          }
        }
      ]
    },
    "ojButtonOjAction5": {
      "chains": [
        {
          "chainId": "DismissButtonActionChain"
        }
      ]
    },
    "showApprovalRequestPopupOjAction": {
      "chains": [
        {
          "chainId": "RequestApprovalHistoryButtonActionChain",
          "parameters": {
            "key": "{{ $current.key }}",
            "index": "{{ $current.index }}",
            "current": "{{ $current }}"
          }
        }
      ]
    },
    "spanClick2": {
      "chains": [
        {
          "chainId": "RefreshRequestsIconClickChain"
        }
      ]
    }

  },
  "imports": {
    "components": {
      "oj-button": {
        "path": "ojs/ojbutton"
      },
      "oj-checkboxset": {
        "path": "ojs/ojcheckboxset"
      },
      "oj-dialog": {
        "path": "ojs/ojdialog"
      },
      "oj-form-layout": {
        "path": "ojs/ojformlayout"
      },
      "oj-input-date": {
        "path": "ojs/ojdatetimepicker"
      },
      "oj-input-date-time": {
        "path": "ojs/ojdatetimepicker"
      },
      "oj-label": {
        "path": "ojs/ojlabel"
      },
      "oj-label-value": {
        "path": "ojs/ojlabelvalue"
      },
      "oj-list-view": {
        "path": "ojs/ojlistview"
      },
      "oj-option": {
        "path": "ojs/ojoption"
      },
      "oj-popup": {
        "path": "ojs/ojpopup"
      },
      "oj-table": {
        "path": "ojs/ojtable"
      },
      "oj-text-area": {
        "path": "ojs/ojinputtext"
      }

    }
  }
}