{
  "description": "",
  "root": "assignVariablesXxyasOverSeasBusiness",
  "actions": {
    "assignVariablesXxyasOverSeasBusiness": {
      "module": "vb/action/builtin/assignVariablesAction",
      "parameters": {
        "$page.variables.xxyasOverSeasBusiness": {
          "source": {
            "accomProvidedBy": "{{ $page.variables.acctualDays > 15 ? \"COMPANY\" :  $page.variables.xxyasOverSeasBusiness.accomProvidedBy }}"
          },
          "reset": "none",
          "auto": "always"
        }
      }
    }
  },
  "variables": {
    "value": {
      "required": true,
      "type": "any",
      "input": "fromCaller"
    }
  }
}