{
  "description": "",
  "root": "if",
  "actions": {
    "navigateBack": {
      "module": "vb/action/builtin/navigateBackAction"
    },
    "if": {
      "module": "vb/action/builtin/ifAction",
      "parameters": {
        "condition": "[[ $page.variables.p_requestType == 'REVIEW' || $application.functions.compareObjects($page.variables.xxyasOverSeasBusiness, $page.variables.xxyasOverSeasBusinessOriginal) && $application.functions.checkFileListEquality($page.variables.xxyasAttachmentsADP.data, $page.variables.xxyasAttachmentsOriginal) ]]"
      },
      "outcomes": {
        "true": "navigateBack",
        "false": "callComponentDialogUnsavedWarningOpen"
      }
    },
    "callComponentDialogUnsavedWarningOpen": {
      "module": "vb/action/builtin/callComponentMethodAction",
      "parameters": {
        "component": "{{ document.getElementById('dialog-unsaved-warning') }}",
        "method": "open"
      }
    }
  },
  "variables": {}
}