{
  "root": "ifPRequestType",
  "description": "",
  "actions": {
    "assignVariablesXxyasOverSeasBusiness": {
      "module": "vb/action/builtin/assignVariablesAction",
      "parameters": {
        "$page.variables.xxyasOverSeasBusiness": {
          "source": {
            "totalAmount": "{{ ($page.variables.v_totalDays * $page.variables.xxyasOverSeasBusiness.perdiemValue) ||0 }}"
          },
          "reset": "none",
          "auto": "always"
        }
      }
    },
    "ifPRequestType": {
      "module": "vb/action/builtin/ifAction",
      "parameters": {
        "condition": "[[ $page.variables.p_requestType != 'REVIEW' ]]"
      },
      "outcomes": {
        "true": "assignVariablesXxyasOverSeasBusiness"
      }
    }
  }
}