{
  "description": "",
  "root": "assignVariablesTempArr",
  "actions": {
    "fireNotification": {
      "module": "vb/action/builtin/fireNotificationEventAction",
      "parameters": {
        "target": "leaf",
        "summary": "[[ $chain.results.getChargeAccountCallRest.message.summary ]]",
        "type": "error",
        "displayMode": "persist"
      }
    },
    "getChargeAccountCallRest": {
      "module": "vb/action/builtin/restAction",
      "parameters": {
        "endpoint": "ics/postXXYAS_COMMON_LOV1_0GetLovData",
        "uriParams": {
          "lovName": "YAS_XXCLD_CHARGE_ACCOUNT"
        },
        "body": {
          "XxLOVParameters": [
            {
              "parameter": "[[ $page.variables.xxyasSearchCriteria.chargeAccount ]]"
            },
            {
              "parameter": "[[ $page.variables.legalEntitySegmentCode ]]"
            },
            {
              "parameter": "[[ $page.variables.v_chargeAccountSearchOffset ]]"
            }
          ]
        }
      },
      "outcomes": {
        "failure": "callFunctionCloseSpinnerDialog",
        "success": "parseChargeAccountJSON"
      }
    },
    "parseChargeAccountJSON": {
      "module": "vb/action/builtin/callModuleFunctionAction",
      "parameters": {
        "module": "[[ $application.functions ]]",
        "functionName": "parseJSON",
        "params": [
          "{{ $chain.results.getChargeAccountCallRest.body.XxLOVResult }}"
        ]
      },
      "outcomes": {
        "success": "ifLoodMore2"
      }
    },
    "assignVariablesXxYasChargeAccountADP": {
      "module": "vb/action/builtin/assignVariablesAction",
      "parameters": {
        "$flow.variables.xxYasChargeAccountADP": {
          "source": {
            "data": "{{ $chain.results.parseChargeAccountJSON || [] }}"
          },
          "reset": "none",
          "auto": "always",
          "mapping": {
            "$target.data": {
              "source": "$source.data",
              "reset": "empty"
            }
          }
        }
      },
      "outcomes": {
        "success": "callFunctionCloseSpinnerDialog2"
      }
    },
    "callFunctionOpenSpinnerDialog": {
      "module": "vb/action/builtin/callModuleFunctionAction",
      "parameters": {
        "module": "[[ $application.functions ]]",
        "functionName": "openSpinnerDialog"
      },
      "outcomes": {
        "success": "getChargeAccountCallRest"
      }
    },
    "callFunctionCloseSpinnerDialog": {
      "module": "vb/action/builtin/callModuleFunctionAction",
      "parameters": {
        "module": "[[ $application.functions ]]",
        "functionName": "closeSpinnerDialog"
      },
      "outcomes": {
        "success": "fireNotification"
      }
    },
    "callFunctionCloseSpinnerDialog2": {
      "module": "vb/action/builtin/callModuleFunctionAction",
      "parameters": {
        "module": "[[ $application.functions ]]",
        "functionName": "closeSpinnerDialog"
      },
      "outcomes": {}
    },
    "ifLoodMore": {
      "module": "vb/action/builtin/ifAction",
      "parameters": {
        "condition": "[[ $variables.loodMore == 'N' ]]"
      },
      "outcomes": {
        "true": "assignVariablesVChargeAccountSearchOffset3",
        "false": "assignVariablesVChargeAccountSearchOffset"
      }
    },
    "assignVariablesVChargeAccountSearchOffset": {
      "module": "vb/action/builtin/assignVariablesAction",
      "parameters": {
        "$page.variables.v_chargeAccountSearchOffset": {
          "source": "{{ $page.variables.v_chargeAccountSearchOffset + 500 }}"
        }
      },
      "outcomes": {
        "success": "callFunctionOpenSpinnerDialog"
      }
    },
    "assignVariablesVChargeAccountSearchOffset3": {
      "module": "vb/action/builtin/assignVariablesAction",
      "parameters": {
        "$page.variables.v_chargeAccountSearchOffset": {
          "source": "{{ 0 }}"
        }
      },
      "outcomes": {
        "success": "callFunctionOpenSpinnerDialog"
      }
    },
    "ifLoodMore2": {
      "module": "vb/action/builtin/ifAction",
      "parameters": {
        "condition": "[[ $variables.loodMore == 'N' ]]"
      },
      "outcomes": {
        "true": "assignVariablesXxYasChargeAccountADP",
        "false": "mergeArrResult"
      }
    },
    "mergeArrResult": {
      "module": "vb/action/builtin/callModuleFunctionAction",
      "parameters": {
        "module": "[[ $functions ]]",
        "functionName": "mergeArr",
        "params": [
          "{{ $variables.tempArr }}",
          "{{ $chain.results.parseChargeAccountJSON || [] }}"
        ]
      },
      "outcomes": {
        "success": "assignVariablesXxYasChargeAccountADP3"
      }
    },
    "assignVariablesXxYasChargeAccountADP3": {
      "module": "vb/action/builtin/assignVariablesAction",
      "parameters": {
        "$flow.variables.xxYasChargeAccountADP": {
          "source": {
            "data": "{{ $chain.results.mergeArrResult || [] }}"
          },
          "reset": "none",
          "auto": "always",
          "mapping": {
            "$target.data": {
              "source": "$source.data",
              "reset": "empty"
            }
          }
        }
      },
      "outcomes": {
        "success": "fireDataProviderEventXxYasChargeAccountADP"
      }
    },
    "resetVariablesXxYasChargeAccountADP3": {
      "module": "vb/action/builtin/resetVariablesAction",
      "parameters": {
        "variables": [
          "$flow.variables.xxYasChargeAccountADP",
          "$page.variables.xxyasSelectedChargeAccount"
        ]
      },
      "outcomes": {
        "success": "ifLoodMore"
      }
    },
    "assignVariablesTempArr": {
      "module": "vb/action/builtin/assignVariablesAction",
      "parameters": {
        "$variables.tempArr": {
          "source": "{{ $flow.variables.xxYasChargeAccountADP.data }}"
        }
      },
      "outcomes": {
        "success": "resetVariablesXxYasChargeAccountADP3"
      }
    },
    "fireDataProviderEventXxYasChargeAccountADP": {
      "module": "vb/action/builtin/fireDataProviderEventAction",
      "parameters": {
        "refresh": null,
        "target": "[[ $flow.variables.xxYasChargeAccountADP ]]"
      },
      "outcomes": {
        "success": "callFunctionCloseSpinnerDialog2"
      }
    }
  },
  "variables": {
    "loodMore": {
      "type": "string",
      "required": true,
      "input": "fromCaller"
    },
    "tempArr": {
      "type": "object[]"
    }
  }
}