{
  "root": "ifXxyasSelectedChargeAccount",
  "description": "",
  "actions": {
    "ifXxyasSelectedChargeAccount": {
      "module": "vb/action/builtin/ifAction",
      "parameters": {
        "condition": "[[ !$application.functions.isEmpty($page.variables.xxyasSelectedChargeAccount) ]]"
      },
      "outcomes": {
        "true": "assignVariablesXxyasOverSeasBusiness"
      }
    },
    "assignVariablesXxyasOverSeasBusiness": {
      "module": "vb/action/builtin/assignVariablesAction",
      "parameters": {
        "$page.variables.xxyasOverSeasBusiness": {
          "source": {
            "chargeAcctId": "{{ $page.variables.xxyasSelectedChargeAccount.codeCombinationId }}",
            "chargeAcct": "{{ $page.variables.xxyasSelectedChargeAccount.chargeAccount }}"
          },
          "reset": "none",
          "auto": "always"
        }
      },
      "outcomes": {
        "success": "callComponentPopupChargeAccountSearchClose"
      }
    },
    "callComponentPopupChargeAccountSearchClose": {
      "module": "vb/action/builtin/callComponentMethodAction",
      "parameters": {
        "component": "{{ document.getElementById('popup-chargeAccount-search') }}",
        "method": "close"
      }
    }
  }
}