{
  "description": "",
  "root": "if",
  "actions": {
    "resetVariablesXxYasChargeAccountADP": {
      "module": "vb/action/builtin/resetVariablesAction",
      "parameters": {
        "variables": [
          "$flow.variables.xxYasChargeAccountADP",
          "$flow.variables.xxYasChargeAccountADP.data",
          "$page.variables.xxyasSearchCriteria",
          "$page.variables.xxyasSelectedChargeAccount"
        ]
      },
      "outcomes": {
        "success": "callComponentPopupChargeAccountSearchOpen"
      }
    },
    "callComponentPopupChargeAccountSearchOpen": {
      "module": "vb/action/builtin/callComponentMethodAction",
      "parameters": {
        "component": "{{ document.getElementById('popup-chargeAccount-search') }}",
        "method": "open"
      }
    },
    "if": {
      "module": "vb/action/builtin/ifAction",
      "parameters": {
        "condition": "[[ $application.functions.isEmpty($page.variables.xxyasOverSeasBusiness.projectAndTask) && $application.functions.isEmpty($page.variables.xxyasOverSeasBusiness.expendiureOrg) ]]"
      },
      "outcomes": {
        "true": "resetVariablesXxYasChargeAccountADP"
      }
    }
  },
  "variables": {}
}