{
  "root": "runInParallel",
  "description": "",
  "variables": {
    "loclTrvlCount": {
      "type": "number"
    },
    "overseasTrvlCount": {
      "type": "number"
    }
  },
  "actions": {
    "runInParallel": {
      "module": "vb/action/builtin/forkAction",
      "parameters": {
        "actions": {
          "callRest": "getSubmittedOverSeasTrvlCallRest",
          "callRest2": "getSubmittedLocalTrvlCallRest"
        }
      },
      "outcomes": {
        "join": "assignVariablesXxyasOverseasTrvlValidation"
      }
    },
    "fireNotification": {
      "module": "vb/action/builtin/fireNotificationEventAction",
      "parameters": {
        "target": "leaf",
        "summary": "[[ $chain.results.getSubmittedOverSeasTrvlCallRest.message.summary ]]",
        "type": "error",
        "displayMode": "persist"
      }
    },
    "fireNotification2": {
      "module": "vb/action/builtin/fireNotificationEventAction",
      "parameters": {
        "target": "leaf",
        "summary": "[[ $chain.results.getSubmittedLocalTrvlCallRest.message.summary ]]",
        "type": "error",
        "displayMode": "persist"
      }
    },
    "getSubmittedLocalTrvlCallRest": {
      "module": "vb/action/builtin/restAction",
      "parameters": {
        "endpoint": "ics/postXXYAS_COMMON_LOV1_0GetLovData",
        "uriParams": {
          "lovName": "YAS_LCL_BUS_TRVL_SUBMITTED_REQ"
        },
        "body": {
          "XxLOVParameters": [
            {
              "parameter": "[[$page.variables.xxyasOverSeasBusiness.personId]]"
            },
            {
              "parameter": ""
            },
            {
              "parameter": "[[$page.variables.xxyasOverSeasBusiness.officialEventStartDate.split('T')[0] ]]"
            },
            {
              "parameter": "[[$page.variables.xxyasOverSeasBusiness.officialEventEndDate.split('T')[0] ]]"
            }
          ]
        }
      },
      "outcomes": {
        "failure": "fireNotification2",
        "success": "parseLoclTrvlJSON"
      }
    },
    "parseLoclTrvlJSON": {
      "module": "vb/action/builtin/callModuleFunctionAction",
      "parameters": {
        "module": "[[ $application.functions ]]",
        "functionName": "parseJSON",
        "params": [
          "{{ $chain.results.getSubmittedLocalTrvlCallRest.body.XxLOVResult }}"
        ]
      },
      "outcomes": {
        "success": "assignVariablesLoclTrvlCount"
      }
    },
    "assignVariablesLoclTrvlCount": {
      "module": "vb/action/builtin/assignVariablesAction",
      "parameters": {
        "$variables.loclTrvlCount": {
          "source": "{{ $chain.results.parseLoclTrvlJSON[0].locltrvlcount || 0 }}"
        }
      }
    },
    "getSubmittedOverSeasTrvlCallRest": {
      "module": "vb/action/builtin/restAction",
      "parameters": {
        "endpoint": "ics/postXXYAS_COMMON_LOV1_0GetLovData",
        "uriParams": {
          "lovName": "YAS_OVER_BUS_TRVL_SUBMITTED_REQ"
        },
        "body": {
          "XxLOVParameters": [
            {
              "parameter": "[[$page.variables.xxyasOverSeasBusiness.personId]]"
            },
            {
              "parameter": "[[$page.variables.xxyasOverSeasBusiness.overBusTrvlId]]"
            },
            {
              "parameter": "[[$page.variables.xxyasOverSeasBusiness.officialEventStartDate.split('T')[0] ]]"
            },
            {
              "parameter": "[[$page.variables.xxyasOverSeasBusiness.officialEventEndDate.split('T')[0] ]]"
            }
          ]
        }
      },
      "outcomes": {
        "failure": "fireNotification",
        "success": "parseOverTrvlJSON"
      }
    },
    "parseOverTrvlJSON": {
      "module": "vb/action/builtin/callModuleFunctionAction",
      "parameters": {
        "module": "[[ $application.functions ]]",
        "functionName": "parseJSON",
        "params": [
          "{{ $chain.results.getSubmittedOverSeasTrvlCallRest.body.XxLOVResult }}"
        ]
      },
      "outcomes": {
        "success": "assignVariablesOverseasTrvlCount"
      }
    },
    "assignVariablesOverseasTrvlCount": {
      "module": "vb/action/builtin/assignVariablesAction",
      "parameters": {
        "$variables.overseasTrvlCount": {
          "source": "{{ $chain.results.parseOverTrvlJSON[0].overseastrvlcount || 0 }}"
        }
      }
    },
    "assignVariablesXxyasOverseasTrvlValidation": {
      "module": "vb/action/builtin/assignVariablesAction",
      "parameters": {
        "$page.variables.xxyasOverseasTrvlValidation": {
          "source": {
            "loclTrvlCount": "{{ $variables.loclTrvlCount }}",
            "overseasTrvlCount": "{{ $variables.overseasTrvlCount }}"
          },
          "reset": "none",
          "auto": "always"
        }
      }
    }
  }
}