{
  "description": "",
  "root": "callFunctionTest",
  "actions": {

    "callChainFetchTravelHours": {
      "module": "vb/action/builtin/callChainAction",
      "parameters": {
        "id": "fetchTravelHours"
      },
      "outcomes": {
        "success": "callChainFetchNewPerdiemValue"
      }
    },
    "assignVariablesDestinationName": {
      "module": "vb/action/builtin/assignVariablesAction",
      "parameters": {
        "$page.variables.destinationName": {
          "source": "{{ $variables.destinationName }}"
        }
      },
      "outcomes": {
        "success": "callChainFetchTravelHours"
      }
    },
    "callFunctionTest": {
      "module": "vb/action/builtin/callModuleFunctionAction",
      "parameters": {
        "module": "[[ $functions ]]",
        "functionName": "test",
        "params": [
          "{{ $variables.destinationName }}"
        ]
      },
      "outcomes": {
        "success": "assignVariablesDestinationName"
      }
    },
    "callChainFetchNewPerdiemValue": {
      "module": "vb/action/builtin/callChainAction",
      "parameters": {
        "id": "fetchNewPerdiemValue"
      }
    }
  },
  "variables": {
    "value": {
      "required": true,
      "type": "any",
      "input": "fromCaller"
    },
    "destinationName": {
      "type": "string",
      "input": "fromCaller"
    }
  }
}