{
  "root": "ifXxyasSelectedEmployee",
  "description": "",
  "actions": {
    "ifXxyasSelectedEmployee": {
      "module": "vb/action/builtin/ifAction",
      "parameters": {
        "condition": "[[ !$application.functions.isEmpty($page.variables.xxyasSelectedEmployee) ]]"
      },
      "outcomes": {
        "true": "if"
      }
    },
    "assignVariablesXxyasOverSeasBusiness": {
      "module": "vb/action/builtin/assignVariablesAction",
      "parameters": {
        "$page.variables.xxyasOverSeasBusiness": {
          "source": "{{ $page.variables.xxyasSelectedEmployee }}",
          "auto": "always"
        }
      },
      "outcomes": {
        "success": "assignVariablesXxyasOverSeasBusiness2"
      }
    },
    "callComponentPopupEmployeeSearchClose": {
      "module": "vb/action/builtin/callComponentMethodAction",
      "parameters": {
        "component": "{{ document.getElementById('popup-employee-search') }}",
        "method": "close"
      }
    },
    "assignVariablesXxyasOverSeasBusiness2": {
      "module": "vb/action/builtin/assignVariablesAction",
      "parameters": {
        "$page.variables.xxyasOverSeasBusiness": {
          "source": {
            "travel": "OUT_UAE"
          },
          "reset": "none",
          "auto": "always"
        }
      },
      "outcomes": {
        "success": "callChainFetchDefaultProjectTaskOrgAtAccountant"
      }
    },
    "if": {
      "module": "vb/action/builtin/ifAction",
      "parameters": {
        "condition": "[[ !$application.functions.isEmpty($page.variables.xxyasSelectedEmployee.gradeName) && $page.variables.xxyasSelectedEmployee.gradeName != 0 && !$application.functions.isEmpty($page.variables.xxyasSelectedEmployee.salaryBasis) ]]"
      },
      "outcomes": {
        "true": "assignVariablesXxyasOverSeasBusiness",
        "false": "fireNotification"
      }
    },
    "fireNotification": {
      "module": "vb/action/builtin/fireNotificationEventAction",
      "parameters": {
        "target": "leaf",
        "summary": "Error",
        "displayMode": "transient",
        "message": "Employee is not eligible for Overseas Business Travel/Training Request!"
      }
    },
    "callChainFetchDefaultProjectTaskOrgAtAccountant": {
      "module": "vb/action/builtin/callChainAction",
      "parameters": {
        "id": "fetchDefaultProjectTaskOrgAtAccountant",
        "params": {
          "personNumber": "{{ $page.variables.xxyasOverSeasBusiness.personNumber }}"
        }
      },
      "outcomes": {
        "success": "callComponentPopupEmployeeSearchClose"
      }
    }
  }
}