{
  "root": "ifTasks",
  "description": "",
  "variables": {
    "personId": {
      "type": "string",
      "required": true,
      "input": "fromCaller"
    }
  },
  "actions": {
    "fireNotification": {
      "module": "vb/action/builtin/fireNotificationEventAction",
      "parameters": {
        "target": "leaf",
        "summary": "[[ $chain.results.getLegalEntitySegmentCodeRest.message.summary ]]",
        "type": "error",
        "displayMode": "transient"
      },
      "outcomes": {
        "success": "return2"
      }
    },
    "getLegalEntitySegmentCodeRest": {
      "module": "vb/action/builtin/restAction",
      "parameters": {
        "endpoint": "ics/getXXYAS_EXT_OTBI_PERSO_LE_SEGME1_0GetPersonLESegment",
        "uriParams": {
          "Person_Id": "{{ $variables.personId }}"
        }
      },
      "outcomes": {
        "failure": "fireNotification",
        "success": "assignVariablesLegalEntitySegmentCode"
      }
    },
    "assignVariablesLegalEntitySegmentCode": {
      "module": "vb/action/builtin/assignVariablesAction",
      "parameters": {
        "$page.variables.legalEntitySegmentCode": {
          "source": "{{ $chain.results.getLegalEntitySegmentCodeRest.body.segment_code }}"
        }
      },
      "outcomes": {
        "success": "return"
      }
    },
    "ifTasks": {
      "module": "vb/action/builtin/ifAction",
      "parameters": {
        "condition": "[[ $application.functions.isValidApprovalLevelSwimLane($page.variables.tasks, 'Senior Accountant Budget',3) ]]"
      },
      "outcomes": {
        "true": "getLegalEntitySegmentCodeRest",
        "false": "return"
      }
    },
    "return": {
      "module": "vb/action/builtin/returnAction",
      "parameters": {
        "outcome": "success"
      }
    },
    "return2": {
      "module": "vb/action/builtin/returnAction",
      "parameters": {
        "outcome": "success"
      }
    }
  }
}