{
  "root": "if",
  "description": "",
  "actions": {
    "if": {
      "module": "vb/action/builtin/ifAction",
      "parameters": {
        "condition": "[[ $page.variables.p_requestType != 'REVIEW' && !$application.functions.isEmpty($page.variables.xxyasOverSeasBusiness.travelType) && !$application.functions.isEmpty($page.variables.xxyasOverSeasBusiness.departureDate) && !$application.functions.isEmpty($page.variables.xxyasOverSeasBusiness.returnDate) && !$application.functions.isEmpty($page.variables.xxyasOverSeasBusiness.toDestination) && !$application.functions.isEmpty($page.variables.xxyasOverSeasBusiness.travelHours) && $page.variables.v_totalDays <= 30 ]]"
      },
      "outcomes": {
        "true": "callRestGetOVERSEASPERDIEMCALCULATIO1GetPerdiemAmount"
      }
    },
    "fireNotification": {
      "module": "vb/action/builtin/fireNotificationEventAction",
      "parameters": {
        "target": "leaf",
        "summary": "[[ $chain.results.callRestGetOVERSEASPERDIEMCALCULATIO1GetPerdiemAmount.message.summary ]]",
        "type": "error",
        "displayMode": "persist"
      }
    },
    "callRestGetOVERSEASPERDIEMCALCULATIO1GetPerdiemAmount": {
      "module": "vb/action/builtin/restAction",
      "parameters": {
        "endpoint": "ics/getOVERSEAS_PERDIEM_CALCULATIO1_0GetPerdiemAmount",
        "uriParams": {

          "p_person_id": "{{ $flow.variables.xxYasUser.personId }}",
          "p_travel_type": "{{ $page.variables.travelTypeLable ? $page.variables.travelTypeLable :$page.variables.xxyasOverSeasBusiness.travelTypeValue }}",
          "p_destination": "{{ $page.variables.destinationName ? $page.variables.destinationName :$page.variables.xxyasOverSeasBusiness.toDestinationValue }}"
        }
      },
      "outcomes": {
        "success": "assignVariablesXxyasOverSeasBusiness",
        "failure": "fireNotification"
      }
    },
    "assignVariablesXxIsPerdiemFetched": {
      "module": "vb/action/builtin/assignVariablesAction",
      "parameters": {
        "$page.variables.xxIsPerdiemFetched": {
          "source": "Y"
        },
        "$page.variables.xxyasOverSeasBusiness": {
          "source": {
            "totalAmount": "{{ $chain.results.callFunctionCalculatetotalAmount }}"
          },
          "reset": "none",
          "auto": "always"
        }
      }
    },
    "callFunctionCalculatetotalAmount": {
      "module": "vb/action/builtin/callModuleFunctionAction",
      "parameters": {
        "module": "[[ $functions ]]",
        "functionName": "calculatetotalAmount",
        "params": [
          "{{ $chain.results.callRestGetOVERSEASPERDIEMCALCULATIO1GetPerdiemAmount.body.perdiem_amount }}",
          "{{ $flow.variables.xxyashardshipCountriesADP.data }}",
          "{{ $page.variables.destinationName ? $page.variables.destinationName :$page.variables.xxyasOverSeasBusiness.toDestinationValue }}",
          "{{ $page.variables.v_totalDays }}"
        ]
      },
      "outcomes": {
        "success": "assignVariablesXxIsPerdiemFetched"
      }
    },
    "assignVariablesXxyasOverSeasBusiness": {
      "module": "vb/action/builtin/assignVariablesAction",
      "parameters": {
        "$page.variables.xxyasOverSeasBusiness": {
          "source": {
            "perdiemValue": "{{ $chain.results.callRestGetOVERSEASPERDIEMCALCULATIO1GetPerdiemAmount.body.perdiem_amount }}"
          },
          "reset": "none",
          "auto": "always"
        }
      },
      "outcomes": {
        "success": "callFunctionCalculatetotalAmount"
      }
    }
  }
}