{
  "root": "callRestPostXXYASCOMMONLOV1GetLovData",
  "description": "",
  "actions": {
    "fireNotification": {
      "module": "vb/action/builtin/fireNotificationEventAction",
      "parameters": {
        "target": "leaf",
        "summary": "[[ $chain.results.callRestPostXXYASCOMMONLOV1GetLovData.message.summary ]]",
        "type": "error",
        "displayMode": "persist"
      }
    },
    "callRestPostXXYASCOMMONLOV1GetLovData": {
      "module": "vb/action/builtin/restAction",
      "parameters": {
        "endpoint": "ics/postXXYAS_COMMON_LOV1_0GetLovData",
        "uriParams": {
          "lovName": "YAS_OVER_BUS_TRVL_SEARCH"
        },
        "body": {
          "XxLOVParameters": [
            {
              "parameter": "[[$page.variables.p_overBusTrvlId]]"
            },
            {
              "parameter": "[[$page.variables.p_process_id]]"
            },
            {
              "parameter": ""
            },
            {
              "parameter": ""
            },
            {
              "parameter": ""
            }
          ]
        }
      },
      "outcomes": {
        "failure": "fireNotification",
        "success": "callFunctionParseJSON"
      }
    },
    "callFunctionParseJSON": {
      "module": "vb/action/builtin/callModuleFunctionAction",
      "parameters": {
        "module": "[[ $application.functions ]]",
        "functionName": "parseJSON",
        "params": [
          "{{ $chain.results.callRestPostXXYASCOMMONLOV1GetLovData.body.XxLOVResult }}"
        ]
      },
      "outcomes": {
        "success": "assignVariablesXxyasOverSeasBusiness"
      }
    },
    "assignVariablesXxyasOverSeasBusiness": {
      "module": "vb/action/builtin/assignVariablesAction",
      "parameters": {
        "$page.variables.xxyasOverSeasBusiness": {
          "source": "{{ $chain.results.callFunctionParseJSON[0] }}",
          "auto": "always"
        }
      },
      "outcomes": {
        "success": "assignVariablesXxyasOverSeasBusinessOriginal"
      }
    },
    "assignVariablesXxyasOverSeasBusinessOriginal": {
      "module": "vb/action/builtin/assignVariablesAction",
      "parameters": {
        "$page.variables.xxyasOverSeasBusinessOriginal": {
          "source": "{{ $page.variables.xxyasOverSeasBusiness }}",
          "auto": "always"
        }
      }
    }
  }
}