{
  "root": "callFunctionOpenSpinnerDialog",
  "description": "",
  "actions": {
    "callFunctionOpenSpinnerDialog": {
      "module": "vb/action/builtin/callModuleFunctionAction",
      "parameters": {
        "module": "[[ $application.functions ]]",
        "functionName": "openSpinnerDialog"
      },
      "outcomes": {
        "success": "callFunctionSearchByKey"
      }
    },
    "callFunctionSearchByKey": {
      "module": "vb/action/builtin/callModuleFunctionAction",
      "parameters": {
        "module": "[[ $application.functions ]]",
        "functionName": "searchByKey",
        "params": [
          "{{ $flow.variables.xxHomeTownAirport.data }}",
          "flexValueId",
          "{{ $page.variables.xxyasOverSeasBusiness.toDestination }}"
        ]
      },
      "outcomes": {
        "success": "callRestGetXXYASOTBITRAVELREQUESHOURS1TravelRequestHrs"
      }
    },
    "callRestGetXXYASOTBITRAVELREQUESHOURS1TravelRequestHrs": {
      "module": "vb/action/builtin/restAction",
      "parameters": {
        "endpoint": "ics/getXXYAS_OTBI_TRAVEL_REQUES_HOURS1_0TravelRequestHrs",
        "uriParams": {
          "P_NAME": "{{ $flow.functions.toUpperCase($chain.results.callFunctionSearchByKey.flexValue) }}"
        }
      },
      "outcomes": {
        "failure": "assignVariablesEnableTravelHoursEdit3",
        "success": "getTravelHoursKey"
      }
    },
    "assignVariablesEnableTravelHoursEdit": {
      "module": "vb/action/builtin/assignVariablesAction",
      "parameters": {
        "$page.variables.enableTravelHoursEdit": {
          "source": "{{ false }}"
        },
        "$page.variables.xxyasOverSeasBusiness": {
          "source": {
            "travelHours": "{{ $chain.results.getTravelHoursKey.lookupCode }}"
          },
          "reset": "none",
          "auto": "always"
        }
      },
      "outcomes": {
        "success": "callFunctionCloseSpinnerDialog"
      }
    },
    "callFunctionCloseSpinnerDialog": {
      "module": "vb/action/builtin/callModuleFunctionAction",
      "parameters": {
        "module": "[[ $application.functions ]]",
        "functionName": "closeSpinnerDialog"
      }
    },
    "assignVariablesEnableTravelHoursEdit3": {
      "module": "vb/action/builtin/assignVariablesAction",
      "parameters": {
        "$page.variables.enableTravelHoursEdit": {
          "source": "{{ true }}"
        },
        "$page.variables.xxyasOverSeasBusiness": {
          "source": {
            "travelHours": "{{ undefined }}"
          },
          "reset": "none",
          "auto": "always"
        }
      },
      "outcomes": {
        "success": "callFunctionCloseSpinnerDialog2"
      }
    },
    "callFunctionCloseSpinnerDialog2": {
      "module": "vb/action/builtin/callModuleFunctionAction",
      "parameters": {
        "module": "[[ $application.functions ]]",
        "functionName": "closeSpinnerDialog"
      }
    },
    "getTravelHoursKey": {
      "module": "vb/action/builtin/callModuleFunctionAction",
      "parameters": {
        "module": "[[ $application.functions ]]",
        "functionName": "searchByKey",
        "params": [
          "{{ $flow.variables.xxTravelHoursADP.data }}",
          "meaning",
          "{{ $chain.results.callRestGetXXYASOTBITRAVELREQUESHOURS1TravelRequestHrs.body.XXYASTravelRequestHrs[0].HR }}"
        ]
      },
      "outcomes": {
        "success": "assignVariablesEnableTravelHoursEdit"
      }
    }
  },
  "variables": {
    "value": {
      "type": "any",
      "required": false,
      "input": "fromCaller"
    }
  }
}