{
  "root": "if",
  "description": "",
  "actions": {
    "fireNotification": {
      "module": "vb/action/builtin/fireNotificationEventAction",
      "parameters": {
        "target": "leaf",
        "summary": "[[ $chain.results.getPerdiemValueCallRest.message.summary ]]",
        "type": "error",
        "displayMode": "persist"
      }
    },
    "calcExactValue": {
      "module": "vb/action/builtin/callModuleFunctionAction",
      "parameters": {
        "module": "[[ $application.functions ]]",
        "functionName": "calcExactValue",
        "params": [
          "OVER_SEASES",
          "{{ $page.variables.xxyasOverSeasBusiness.travelType }}",
          "{{ $application.functions.searchByKey($flow.variables.xxHomeTownAirport.data, 'flexValueId', $page.variables.xxyasOverSeasBusiness.toDestination).valueDescription.split(\" - \")[1] }}",
          "{{ $page.variables.v_totalDays }}"
        ]
      },
      "outcomes": {
        "success": "getGrade"
      }
    },
    "getPerdiemValueCallRest": {
      "module": "vb/action/builtin/restAction",
      "parameters": {
        "endpoint": "ics/getXXYAS_OTBI_GEN_PERDIE_VALUE1_0PerdiemValue",
        "uriParams": {
          "p_exactValue": "{{ $chain.results.calcExactValue }}",
          "p_gradeName": "{{ $chain.results.getGradeFinal }}",
          "p_structureName": "{{ $chain.results.getPerdiemStructure }}"
        }
      },
      "outcomes": {
        "failure": "callFunctionCloseSpinnerDialog2",
        "success": "callFunctionCloseSpinnerDialog"
      }
    },
    "assignVariablesXxyasOverSeasBusiness": {
      "module": "vb/action/builtin/assignVariablesAction",
      "parameters": {
        "$page.variables.xxyasOverSeasBusiness": {
          "source": {
            "perdiemValue": "{{ $chain.results.getPerdiemValueCallRest.body.XXYASPerdiemValue.perdiemValue || 0 }}"
          },
          "reset": "none",
          "auto": "always"
        },
        "$page.variables.xxIsPerdiemFetched": {
          "source": "Y"
        }
      },
      "outcomes": {
        "success": "callChainCalcTotalAmount"
      }
    },
    "if": {
      "module": "vb/action/builtin/ifAction",
      "parameters": {
        "condition": "[[ $page.variables.p_requestType != 'REVIEW' && !$application.functions.isEmpty($page.variables.xxyasOverSeasBusiness.travelType) && !$application.functions.isEmpty($page.variables.xxyasOverSeasBusiness.departureDate) && !$application.functions.isEmpty($page.variables.xxyasOverSeasBusiness.returnDate) && !$application.functions.isEmpty($page.variables.xxyasOverSeasBusiness.toDestination) && !$application.functions.isEmpty($page.variables.xxyasOverSeasBusiness.travelHours) && $page.variables.v_totalDays <= 30 ]]"
      },
      "outcomes": {
        "true": "calcExactValue"
      }
    },
    "callChainCalcTotalAmount": {
      "module": "vb/action/builtin/callChainAction",
      "parameters": {
        "id": "calcTotalAmount"
      }
    },
    "getGrade": {
      "module": "vb/action/builtin/callModuleFunctionAction",
      "parameters": {
        "module": "[[ $application.functions ]]",
        "functionName": "getGrade",
        "params": [
          "{{ $page.variables.xxyasOverSeasBusiness.gradeName }}"
        ]
      },
      "outcomes": {
        "success": "getGradeFinal"
      }
    },
    "getPerdiemStructure": {
      "module": "vb/action/builtin/callModuleFunctionAction",
      "parameters": {
        "module": "[[ $application.functions ]]",
        "functionName": "getPerdiemStructure",
        "params": [
          "{{ $page.variables.xxyasOverSeasBusiness.salaryBasis }}"
        ]
      },
      "outcomes": {
        "success": "callFunctionOpenSpinnerDialog"
      }
    },
    "callFunctionOpenSpinnerDialog": {
      "module": "vb/action/builtin/callModuleFunctionAction",
      "parameters": {
        "module": "[[ $application.functions ]]",
        "functionName": "openSpinnerDialog"
      },
      "outcomes": {
        "success": "getPerdiemValueCallRest"
      }
    },
    "callFunctionCloseSpinnerDialog": {
      "module": "vb/action/builtin/callModuleFunctionAction",
      "parameters": {
        "module": "[[ $application.functions ]]",
        "functionName": "closeSpinnerDialog"
      },
      "outcomes": {
        "success": "assignVariablesXxyasOverSeasBusiness"
      }
    },
    "callFunctionCloseSpinnerDialog2": {
      "module": "vb/action/builtin/callModuleFunctionAction",
      "parameters": {
        "module": "[[ $application.functions ]]",
        "functionName": "closeSpinnerDialog"
      },
      "outcomes": {
        "success": "fireNotification"
      }
    },
    "getGradeFinal": {
      "module": "vb/action/builtin/callModuleFunctionAction",
      "parameters": {
        "module": "[[ $application.functions ]]",
        "functionName": "checkServiceGrade",
        "params": [
          "{{ $page.variables.xxyasOverSeasBusiness.salaryBasis }}",
          "{{ $chain.results.getGrade }}"
        ]
      },
      "outcomes": {
        "success": "getPerdiemStructure"
      }
    }
  },
  "variables": {
    "grade": {
      "type": "string"
    }
  }
}