{
  "root": "getAttchmentsDetailsCallRest",
  "description": "",
  "actions": {
    "fireNotification": {
      "module": "vb/action/builtin/fireNotificationEventAction",
      "parameters": {
        "target": "leaf",
        "summary": "[[ $chain.results.getAttchmentsDetailsCallRest.message.summary ]]",
        "type": "error",
        "displayMode": "persist"
      },
      "outcomes": {
        "success": "return2"
      }
    },
    "getAttchmentsDetailsCallRest": {
      "module": "vb/action/builtin/restAction",
      "parameters": {
        "endpoint": "ics/getAttchmentsDetails",
        "uriParams": {
          "moduleName": "OVER_SEASES",
          "moduleReqId": "{{ $page.variables.xxyasOverSeasBusiness.overBusTrvlId }}"
        }
      },
      "outcomes": {
        "failure": "fireNotification",
        "success": "assignVariablesXxyasAttachmentsADP"
      }
    },
    "assignVariablesXxyasAttachmentsADP": {
      "module": "vb/action/builtin/assignVariablesAction",
      "parameters": {
        "$page.variables.xxyasAttachmentsADP": {
          "source": {
            "data": "{{ $chain.results.getAttchmentsDetailsCallRest.body.XXYASAttachments || [] }}"
          },
          "reset": "none",
          "auto": "always",
          "mapping": {
            "$target.data": {
              "source": "$source.data",
              "reset": "empty"
            }
          }
        }
      },
      "outcomes": {
        "success": "assignVariablesXxyasAttachmentsOriginal"
      }
    },
    "assignVariablesXxyasAttachmentsOriginal": {
      "module": "vb/action/builtin/assignVariablesAction",
      "parameters": {
        "$page.variables.xxyasAttachmentsOriginal": {
          "source": "{{ $chain.results.getAttchmentsDetailsCallRest.body.XXYASAttachments || [] }}",
          "reset": "empty"
        }
      },
      "outcomes": {
        "success": "return"
      }
    },
    "return": {
      "module": "vb/action/builtin/returnAction",
      "parameters": {
        "outcome": "success"
      }
    },
    "return2": {
      "module": "vb/action/builtin/returnAction",
      "parameters": {
        "outcome": "failure"
      }
    }
  }
}