{
  "root": "callRestGetProjectTaskOrg",
  "description": "fetchDefaultProjectTaskOrg @ Senior Accountant",
  "variables": {
    "personNumber": {
      "type": "string",
      "required": true,
      "input": "fromCaller"
    }
  },
  "actions": {

    "callRestGetProjectTaskOrg": {
      "module": "vb/action/builtin/restAction",
      "parameters": {
        "endpoint": "ics/getXXY_EXT_BUS_TRA_REQ_DEF_PRJ_TSK_1_0DefaultProjectTaskOrg",
        "uriParams": {
          "personNumber": "{{ $variables.personNumber }}"
        }
      },
      "outcomes": {
        "success": "assignVariablesXxyasOverSeasBusiness"
      }
    },
    "assignVariablesXxyasOverSeasBusiness": {
      "module": "vb/action/builtin/assignVariablesAction",
      "parameters": {
        "$page.variables.xxyasOverSeasBusiness": {
          "source": {
            "expendiureOrg": "{{ $application.functions.isEmpty($chain.results.callRestGetProjectTaskOrg.body.projectTask)? \"\" : $chain.results.callRestGetProjectTaskOrg.body.orgId }}",
            "projectAndTask": "{{ $chain.results.callRestGetProjectTaskOrg.body.projectTask }}",
            "attribute3": "{{ $application.functions.isEmpty($chain.results.callRestGetProjectTaskOrg.body.projectTask)? \"\" : $chain.results.callRestGetProjectTaskOrg.body.orgName }}"
          },
          "reset": "none",
          "auto": "always"
        }
      },
      "outcomes": {
        "success": "return"
      }
    },
    "return": {
      "module": "vb/action/builtin/returnAction",
      "parameters": {
        "outcome": "success"
      }
    }
  }
}