{
  "description": "",
  "root": "ifPRequestType",
  "actions": {
    "ifPRequestType": {
      "module": "vb/action/builtin/ifAction",
      "parameters": {
        "condition": "[[ $page.variables.p_requestType != 'REVIEW' ]]"
      },
      "outcomes": {
        "true": "validateTravelDays"
      }
    },
    "if": {
      "module": "vb/action/builtin/ifAction",
      "parameters": {
        "condition": "[[ $chain.results.validateTravelDays == 'valid' ]]"
      },
      "outcomes": {
        "true": "assignVariablesXxyasOverSeasBusiness",
        "false": "callChainFetchNewPerdiemValue"
      }
    },
    "validateTravelDays": {
      "module": "vb/action/builtin/callComponentMethodAction",
      "parameters": {
        "component": "{{ document.getElementById('returnDateId') }}",
        "method": "validate"
      },
      "outcomes": {
        "success": "if"
      }
    },
    "assignVariablesXxyasOverSeasBusiness": {
      "module": "vb/action/builtin/assignVariablesAction",
      "parameters": {
        "$page.variables.xxyasOverSeasBusiness": {
          "source": {
            "accomProvidedBy": "{{ $page.variables.v_totalDays > 15 ? 'COMPANY' : $page.variables.xxyasOverSeasBusiness.accomProvidedBy }}"
          },
          "reset": "none",
          "auto": "always"
        }
      },
      "outcomes": {
        "success": "callChainFetchNewPerdiemValue"
      }
    },
    "callChainFetchNewPerdiemValue": {
      "module": "vb/action/builtin/callChainAction",
      "parameters": {
        "id": "fetchNewPerdiemValue"
      }
    }
  },
  "variables": {
    "value": {
      "required": true,
      "type": "any",
      "input": "fromCaller"
    }
  }
}