{
  "root": "callFunctionOpenSpinnerDialog",
  "description": "",
  "variables": {},
  "actions": {
    "callFunctionOpenSpinnerDialog": {
      "module": "vb/action/builtin/callModuleFunctionAction",
      "parameters": {
        "module": "[[ $application.functions ]]",
        "functionName": "openSpinnerDialog"
      },
      "outcomes": {
        "success": "assignVariablesIsPageLoading"
      }
    },
    "ifPRequestType": {
      "module": "vb/action/builtin/ifAction",
      "parameters": {
        "condition": "[[ $page.variables.p_requestType =='CREATE' ]]"
      },
      "outcomes": {
        "true": "assignVariablesXxyasOverSeasBusiness",
        "false": "if"
      }
    },
    "assignVariablesXxyasOverSeasBusiness": {
      "module": "vb/action/builtin/assignVariablesAction",
      "parameters": {
        "$page.variables.xxyasOverSeasBusiness": {
          "source": "{{ $flow.variables.xxYasUser }}",
          "auto": "always"
        }
      },
      "outcomes": {
        "success": "assignVariablesXxyasOverSeasBusiness2"
      }
    },
    "callFunctionCloseSpinnerDialog": {
      "module": "vb/action/builtin/callModuleFunctionAction",
      "parameters": {
        "module": "[[ $application.functions ]]",
        "functionName": "closeSpinnerDialog"
      }
    },
    "if": {
      "module": "vb/action/builtin/ifAction",
      "parameters": {
        "condition": "[[ $application.functions.isEmpty($page.variables.p_process_id) && $application.functions.isEmpty($page.variables.p_overBusTrvlId) ]]"
      },
      "outcomes": {
        "true": "assignVariablesIsPageLoading2",
        "false": "callChainFetchOverseasBusinessRequest"
      }
    },
    "callChainFetchOverseasBusinessRequest": {
      "module": "vb/action/builtin/callChainAction",
      "parameters": {
        "id": "fetchOverseasBusinessRequest"
      },
      "outcomes": {
        "success": "callChainFetchAttachmentsMetadata"
      }
    },
    "fetchTasls": {
      "module": "vb/action/builtin/callChainAction",
      "parameters": {
        "id": "fetchActionTasks"
      },
      "outcomes": {
        "success": "assignVariables2"
      }
    },
    "assignVariables2": {
      "module": "vb/action/builtin/assignVariablesAction",
      "parameters": {
        "$page.variables.p_requestType": {
          "source": "{{ $page.variables.tasks.items.length > 0 && $page.variables.xxyasOverSeasBusiness.currentStatus == 'REQ_FOR_INFO' ? 'EDIT' : $page.variables.p_requestType }}"
        }
      },
      "outcomes": {
        "success": "callChainFetchLegalEntitySegmentCode"
      }
    },
    "callChainFetchAttachmentsMetadata": {
      "module": "vb/action/builtin/callChainAction",
      "parameters": {
        "id": "fetchAttachmentsMetadata"
      },
      "outcomes": {
        "success": "fetchTasls"
      }
    },
    "assignVariablesXxyasOverSeasBusiness2": {
      "module": "vb/action/builtin/assignVariablesAction",
      "parameters": {
        "$page.variables.xxyasOverSeasBusiness": {
          "source": {
            "mode": "{{ $page.variables.p_requestType }}",
            "travel": "OUT_UAE"
          },
          "reset": "none",
          "auto": "always"
        }
      },
      "outcomes": {
        "success": "callChainFetchDefaultProjectTaskOrgAtAccountant2"
      }
    },
    "callChainFetchLegalEntitySegmentCode": {
      "module": "vb/action/builtin/callChainAction",
      "parameters": {
        "id": "fetchLegalEntitySegmentCode",
        "params": {
          "personId": "{{ $page.variables.xxyasOverSeasBusiness.personId }}"
        }
      },
      "outcomes": {
        "success": "assignVariablesIsPageLoading2"
      }
    },
    "assignVariablesIsPageLoading": {
      "module": "vb/action/builtin/assignVariablesAction",
      "parameters": {
        "$page.variables.isPageLoading": {
          "source": true
        }
      },
      "outcomes": {
        "success": "runInParallel"
      }
    },
    "assignVariablesIsPageLoading2": {
      "module": "vb/action/builtin/assignVariablesAction",
      "parameters": {
        "$page.variables.isPageLoading": {
          "source": false
        }
      },
      "outcomes": {
        "success": "callFunctionCloseSpinnerDialog"
      }
    },
    "callChainFetchDefaultProjectTaskOrgAtAccountant2": {
      "module": "vb/action/builtin/callChainAction",
      "parameters": {
        "id": "fetchDefaultProjectTaskOrgAtAccountant",
        "params": {
          "personNumber": "{{ $page.variables.xxyasOverSeasBusiness.personNumber }}"
        }
      },
      "outcomes": {
        "success": "assignVariablesIsPageLoading2"
      }
    },
    "runInParallel": {
      "module": "vb/action/builtin/forkAction",
      "parameters": {
        "actions": {
          "ifPRequestType": "ifPRequestType"
        }
      }
    }
  }
}