{
  "description": "",
  "root": "ifXxyasOverSeasBusiness",
  "actions": {
    "ifXxyasOverSeasBusiness": {
      "module": "vb/action/builtin/ifAction",
      "parameters": {
        "condition": "[[ $application.functions.isEmpty($page.variables.xxyasOverSeasBusiness.overBusTrvlId) ]]"
      },
      "outcomes": {
        "true": "resetVariablesXxyasSelectedEmployee"
      }
    },
    "resetVariablesXxyasSelectedEmployee": {
      "module": "vb/action/builtin/resetVariablesAction",
      "parameters": {
        "variables": [
          "$page.variables.xxyasEmployeesADP",
          "$page.variables.xxyasSelectedEmployee",
          "$page.variables.xxyasEmployeeSearchCriteria"
        ]
      },
      "outcomes": {
        "success": "callComponentPopupEmployeeSearchOpen"
      }
    },
    "callComponentPopupEmployeeSearchOpen": {
      "module": "vb/action/builtin/callComponentMethodAction",
      "parameters": {
        "component": "{{ document.getElementById('popup-employee-search') }}",
        "method": "open"
      },
      "outcomes": {}
    }
  },
  "variables": {}
}