{
  "root": "callFunctionOpenSpinnerDialog",
  "description": "",
  "actions": {
    "callFunctionOpenSpinnerDialog": {
      "module": "vb/action/builtin/callModuleFunctionAction",
      "parameters": {
        "module": "[[ $application.functions ]]",
        "functionName": "openSpinnerDialog"
      },
      "outcomes": {
        "success": "assignVariablesTaskCompleteVar"
      }
    },
    "callComponentDialogApprovalClose": {
      "module": "vb/action/builtin/callComponentMethodAction",
      "parameters": {
        "component": "{{ document.getElementById('dialog-approval') }}",
        "method": "close"
      },
      "outcomes": {
        "success": "callFunctionCloseSpinnerDialog"
      }
    },
    "callFunctionCloseSpinnerDialog": {
      "module": "vb/action/builtin/callModuleFunctionAction",
      "parameters": {
        "module": "[[ $application.functions ]]",
        "functionName": "closeSpinnerDialog"
      }
    },
    "callComponentDialogApprovalClose2": {
      "module": "vb/action/builtin/callComponentMethodAction",
      "parameters": {
        "component": "{{ document.getElementById('dialog-approval') }}",
        "method": "close"
      },
      "outcomes": {
        "success": "callFunctionCloseSpinnerDialog2"
      }
    },
    "callFunctionCloseSpinnerDialog2": {
      "module": "vb/action/builtin/callModuleFunctionAction",
      "parameters": {
        "module": "[[ $application.functions ]]",
        "functionName": "closeSpinnerDialog"
      },
      "outcomes": {
        "success": "navigateBack"
      }
    },
    "navigateBack": {
      "module": "vb/action/builtin/navigateBackAction"
    },
    "fireNotification2": {
      "module": "vb/action/builtin/fireNotificationEventAction",
      "parameters": {
        "target": "leaf",
        "summary": "[[ $chain.results.callRestCreateTasksIdComplete.message.summary ]]",
        "type": "error",
        "displayMode": "persist"
      },
      "outcomes": {
        "success": "callComponentDialogApprovalClose"
      }
    },
    "assignVariablesTaskCompleteVar": {
      "module": "vb/action/builtin/assignVariablesAction",
      "parameters": {
        "$page.variables.taskCompleteVar": {
          "source": {
            "outcome": "{{ $page.variables.taskAction.actionId }}"
          },
          "reset": "none",
          "auto": "always"
        },
        "$page.variables.updateTaskDetailsReq": {
          "source": {
            "MODULE_NAME": "OVER_SEASES",
            "comments": "{{ $page.variables.approval_comments }}",
            "task_definition_key": "{{ $page.variables.tasks.items[0].taskDefinitionKey }}",
            "outcome": "{{ $page.variables.taskAction.actionId }}",
            "confirmed_by": "{{ $application.user.username }}",
            "APPROVAL_LEVEL": "{{ $page.variables.tasks.items[0].title }}",
            "MODULE_REQ_ID": "{{ $page.variables.xxyasOverSeasBusiness.overBusTrvlId }}",
            "rootInstanceId": "{{ $page.variables.tasks.items[0].rootInstanceId }}"
          },
          "reset": "none",
          "auto": "always"
        }
      },
      "outcomes": {
        "success": "callRestPostUPDATEAPPROVALTASKDETAILS"
      }
    },
    "callRestCreateTasksIdComplete": {
      "module": "vb/action/builtin/restAction",
      "parameters": {
        "endpoint": "opa_pcs/createTasksIdComplete",
        "uriParams": {
          "id": "{{ $page.variables.taskAction.taskId }}"
        },
        "body": "{{ $page.variables.taskCompleteVar }}"
      },
      "outcomes": {
        "success": "callComponentDialogApprovalClose2",
        "failure": "fireNotification2"
      }
    },
    "fireNotification": {
      "module": "vb/action/builtin/fireNotificationEventAction",
      "parameters": {
        "target": "leaf",
        "summary": "[[ $chain.results.callRestPostUPDATEAPPROVALTASKDETAILS.message.summary ]]",
        "type": "error",
        "displayMode": "persist"
      }
    },
    "callRestPostUPDATEAPPROVALTASKDETAILS": {
      "module": "vb/action/builtin/restAction",
      "parameters": {
        "endpoint": "ics/postUPDATE_APPROVAL_TASK_DETAILS",
        "body": "{{ $page.variables.updateTaskDetailsReq }}"
      },
      "outcomes": {
        "success": "callRestCreateTasksIdComplete",
        "failure": "fireNotification"
      }
    }
  }
}