{
  "description": "",
  "root": "assignVariablesTempArr",
  "actions": {
    "fireNotification": {
      "module": "vb/action/builtin/fireNotificationEventAction",
      "parameters": {
        "target": "leaf",
        "summary": "[[ $chain.results.getEmpProjectCallRest.message.summary ]]",
        "type": "error",
        "displayMode": "persist"
      },
      "outcomes": {
        "success": "callFunctionCloseSpinnerDialog2"
      }
    },
    "getEmpProjectCallRest": {
      "module": "vb/action/builtin/restAction",
      "parameters": {
        "endpoint": "ics/postXXYAS_COMMON_LOV1_0GetLovData",
        "uriParams": {
          "lovName": "YAS_XXCLD_EMP_PROJECTS"
        },
        "body": {
          "XxLOVParameters": [
            {
              "parameter": "[[ $page.variables.xxyasSearchCriteria.projectTask ]]"
            },
            {
              "parameter": "[[ $page.variables.legalEntitySegmentCode ]]"
            },
            {
              "parameter": "[[ $page.variables.v_projectTaskSearchOffset ]]"
            }
          ]
        }
      },
      "outcomes": {
        "failure": "fireNotification",
        "success": "parseprojectTaskJSON"
      }
    },
    "parseprojectTaskJSON": {
      "module": "vb/action/builtin/callModuleFunctionAction",
      "parameters": {
        "module": "[[ $application.functions ]]",
        "functionName": "parseJSON",
        "params": [
          "{{ $chain.results.getEmpProjectCallRest.body.XxLOVResult }}"
        ]
      },
      "outcomes": {
        "success": "ifLoadMore"
      }
    },
    "assignVariablesXxYasEmpProjectsADP": {
      "module": "vb/action/builtin/assignVariablesAction",
      "parameters": {
        "$flow.variables.xxYasEmpProjectsADP": {
          "source": {
            "data": "{{ $chain.results.parseprojectTaskJSON || [] }}"
          },
          "reset": "none",
          "auto": "always",
          "mapping": {
            "$target.data": {
              "source": "$source.data",
              "reset": "empty"
            }
          }
        }
      },
      "outcomes": {
        "success": "callFunctionCloseSpinnerDialog3"
      }
    },
    "callFunctionCloseSpinnerDialog2": {
      "module": "vb/action/builtin/callModuleFunctionAction",
      "parameters": {
        "module": "[[ $application.functions ]]",
        "functionName": "closeSpinnerDialog"
      }
    },
    "callFunctionCloseSpinnerDialog3": {
      "module": "vb/action/builtin/callModuleFunctionAction",
      "parameters": {
        "module": "[[ $application.functions ]]",
        "functionName": "closeSpinnerDialog"
      }
    },
    "callFunctionOpenSpinnerDialog": {
      "module": "vb/action/builtin/callModuleFunctionAction",
      "parameters": {
        "module": "[[ $application.functions ]]",
        "functionName": "openSpinnerDialog"
      },
      "outcomes": {
        "success": "getEmpProjectCallRest"
      }
    },
    "resetVariablesXxYasEmpProjectsADP": {
      "module": "vb/action/builtin/resetVariablesAction",
      "parameters": {
        "variables": [
          "$flow.variables.xxYasEmpProjectsADP",
          "$flow.variables.xxYasEmpProjectsADP.data",
          "$page.variables.xxyasSelectedProjectTask"
        ]
      },
      "outcomes": {
        "success": "callFunctionOpenSpinnerDialog"
      }
    },
    "assignVariablesTempArr": {
      "module": "vb/action/builtin/assignVariablesAction",
      "parameters": {
        "$variables.tempArr": {
          "source": "{{ $flow.variables.xxYasEmpProjectsADP.data || [] }}"
        }
      },
      "outcomes": {
        "success": "assignVariablesVProjectTaskSearchOffset"
      }
    },
    "assignVariablesVProjectTaskSearchOffset": {
      "module": "vb/action/builtin/assignVariablesAction",
      "parameters": {
        "$page.variables.v_projectTaskSearchOffset": {
          "source": "{{ $variables.loadMore == 'N' ? 0 : ($page.variables.v_projectTaskSearchOffset + 500) }}"
        }
      },
      "outcomes": {
        "success": "resetVariablesXxYasEmpProjectsADP"
      }
    },
    "ifLoadMore": {
      "module": "vb/action/builtin/ifAction",
      "parameters": {
        "condition": "[[ $variables.loadMore == 'N' ]]"
      },
      "outcomes": {
        "true": "assignVariablesXxYasEmpProjectsADP",
        "false": "mergeArrResult"
      }
    },
    "mergeArrResult": {
      "module": "vb/action/builtin/callModuleFunctionAction",
      "parameters": {
        "module": "[[ $functions ]]",
        "functionName": "mergeArr",
        "params": [
          "{{ $variables.tempArr }}",
          "{{ $chain.results.parseprojectTaskJSON || [] }}"
        ]
      },
      "outcomes": {
        "success": "assignVariablesXxYasEmpProjectsADP3"
      }
    },
    "fireDataProviderEventXxYasEmpProjectsADP": {
      "module": "vb/action/builtin/fireDataProviderEventAction",
      "parameters": {
        "target": "[[ $flow.variables.xxYasEmpProjectsADP ]]",
        "refresh": null
      },
      "outcomes": {
        "success": "callFunctionCloseSpinnerDialog3"
      }
    },
    "assignVariablesXxYasEmpProjectsADP3": {
      "module": "vb/action/builtin/assignVariablesAction",
      "parameters": {
        "$flow.variables.xxYasEmpProjectsADP": {
          "source": {
            "data": "{{ $chain.results.mergeArrResult || [] }}"
          },
          "reset": "none",
          "auto": "always",
          "mapping": {
            "$target.data": {
              "source": "$source.data",
              "reset": "empty"
            }
          }
        }
      },
      "outcomes": {
        "success": "fireDataProviderEventXxYasEmpProjectsADP"
      }
    }
  },
  "variables": {
    "loadMore": {
      "type": "string",
      "required": true,
      "input": "fromCaller"
    },
    "tempArr": {
      "type": "object[]"
    }
  }
}