{
  "description": "",
  "root": "assignVariablesXxyasOverSeasBusiness",
  "actions": {
    "assignVariablesXxyasOverSeasBusiness": {
      "module": "vb/action/builtin/assignVariablesAction",
      "parameters": {
        "$page.variables.xxyasOverSeasBusiness": {
          "source": {
            "projectAndTask": "{{ $application.functions.isEmpty($variables.rawValue)? null : $variables.rawValue }}"
          },
          "reset": "none",
          "auto": "always"
        }
      }
    }
  },
  "variables": {
    "rawValue": {
      "required": true,
      "type": "any",
      "input": "fromCaller"
    }
  }
}