{
  "description": "",
  "root": "ifXxyasOverSeasBusiness",
  "actions": {
    "resetVariablesXxYasEmpProjectsADP": {
      "module": "vb/action/builtin/resetVariablesAction",
      "parameters": {
        "variables": [
          "$flow.variables.xxYasEmpProjectsADP",
          "$page.variables.xxyasSearchCriteria",
          "$page.variables.xxyasSelectedProjectTask",
          "$flow.variables.xxYasEmpProjectsADP.data"
        ]
      },
      "outcomes": {
        "success": "callComponentPopupProjectTaskSearchOpen"
      }
    },
    "callComponentPopupProjectTaskSearchOpen": {
      "module": "vb/action/builtin/callComponentMethodAction",
      "parameters": {
        "component": "{{ document.getElementById('popup-projectTask-search') }}",
        "method": "open"
      }
    },
    "ifXxyasOverSeasBusiness": {
      "module": "vb/action/builtin/ifAction",
      "parameters": {
        "condition": "[[ $application.functions.isEmpty($page.variables.xxyasOverSeasBusiness.chargeAcct) ]]"
      },
      "outcomes": {
        "true": "resetVariablesXxYasEmpProjectsADP"
      }
    }
  },
  "variables": {}
}