{
  "description": "",
  "root": "ifXxyasSelectedProjectTask",
  "actions": {
    "ifXxyasSelectedProjectTask": {
      "module": "vb/action/builtin/ifAction",
      "parameters": {
        "condition": "[[ !$application.functions.isEmpty($page.variables.xxyasSelectedProjectTask.projectTask) ]]"
      },
      "outcomes": {
        "true": "assignVariablesXxyasOverSeasBusiness"
      }
    },
    "assignVariablesXxyasOverSeasBusiness": {
      "module": "vb/action/builtin/assignVariablesAction",
      "parameters": {
        "$page.variables.xxyasOverSeasBusiness": {
          "source": {
            "projectAndTask": "{{ $page.variables.xxyasSelectedProjectTask.projectTask }}"
          },
          "reset": "none",
          "auto": "always"
        }
      },
      "outcomes": {
        "success": "callComponentPopupProjectTaskSearchClose"
      }
    },
    "callComponentPopupProjectTaskSearchClose": {
      "module": "vb/action/builtin/callComponentMethodAction",
      "parameters": {
        "component": "{{ document.getElementById('popup-projectTask-search') }}",
        "method": "close"
      }
    }
  },
  "variables": {}
}