{
  "description": "",
  "root": "callComponentReturnDateIdValidate",
  "actions": {
    "if": {
      "module": "vb/action/builtin/ifAction",
      "parameters": {
        "condition": "[[ $application.functions.isFormValid('overseas-business-vg') ]]"
      },
      "outcomes": {
        "true": "ifXxyasOverSeasBusiness",
        "false": "return3"
      }
    },
    "callFunctionOpenSpinnerDialog": {
      "module": "vb/action/builtin/callModuleFunctionAction",
      "parameters": {
        "module": "[[ $application.functions ]]",
        "functionName": "openSpinnerDialog"
      },
      "outcomes": {
        "success": "callChainCheckSubmittedLCLOverSeas"
      }
    },
    "fireNotification": {
      "module": "vb/action/builtin/fireNotificationEventAction",
      "parameters": {
        "target": "leaf",
        "summary": "[[ $chain.results.callRestPostXXYASHCMEXTOVERSETRAVEL1OverseasTravel.message.summary ]]",
        "type": "error",
        "displayMode": "transient"
      },
      "outcomes": {
        "success": "callFunctionCloseSpinnerDialog2"
      }
    },
    "callRestPostXXYASHCMEXTOVERSETRAVEL1OverseasTravel": {
      "module": "vb/action/builtin/restAction",
      "parameters": {
        "endpoint": "ics/postXXYAS_HCM_EXT_OVERSE_TRAVEL1_0OverseasTravel",
        "body": {
          "xxyasoverBusTrvl": "[[$page.variables.xxyasOverSeasBusiness]]"
        }
      },
      "outcomes": {
        "failure": "fireNotification",
        "success": "if3"
      }
    },
    "if3": {
      "module": "vb/action/builtin/ifAction",
      "parameters": {
        "condition": "[[ $chain.results.callRestPostXXYASHCMEXTOVERSETRAVEL1OverseasTravel.body.processingResult == 'SUCCESS' ]]"
      },
      "outcomes": {
        "true": "callFunctionParseJSON",
        "false": "callFunctionCloseSpinnerDialog3"
      }
    },
    "callFunctionParseJSON": {
      "module": "vb/action/builtin/callModuleFunctionAction",
      "parameters": {
        "module": "[[ $application.functions ]]",
        "functionName": "parseJSON",
        "params": [
          "{{ $chain.results.callRestPostXXYASHCMEXTOVERSETRAVEL1OverseasTravel.body.XXYASOverBusTrvl }}"
        ]
      },
      "outcomes": {
        "success": "assignOriginal"
      }
    },
    "assignVariablesXxyasOverSeasBusiness2": {
      "module": "vb/action/builtin/assignVariablesAction",
      "parameters": {
        "$page.variables.xxyasOverSeasBusiness": {
          "source": "{{ $chain.results.callFunctionParseJSON[0] }}",
          "auto": "always"
        }
      },
      "outcomes": {
        "success": "callChainSaveAttachments"
      }
    },
    "callFunctionCloseSpinnerDialog": {
      "module": "vb/action/builtin/callModuleFunctionAction",
      "parameters": {
        "module": "[[ $application.functions ]]",
        "functionName": "closeSpinnerDialog"
      },
      "outcomes": {
        "success": "return4"
      }
    },
    "callFunctionCloseSpinnerDialog2": {
      "module": "vb/action/builtin/callModuleFunctionAction",
      "parameters": {
        "module": "[[ $application.functions ]]",
        "functionName": "closeSpinnerDialog"
      },
      "outcomes": {
        "success": "return"
      }
    },
    "assignRequestType": {
      "module": "vb/action/builtin/assignVariablesAction",
      "parameters": {
        "$page.variables.p_requestType": {
          "source": "{{ $page.variables.p_requestType=='CREATE'?'EDIT':$page.variables.p_requestType }}"
        },
        "$page.variables.p_overBusTrvlId": {
          "source": "{{ $page.variables.xxyasOverSeasBusiness.overBusTrvlId }}"
        }
      },
      "outcomes": {
        "success": "fireNotification3"
      }
    },
    "fireNotification3": {
      "module": "vb/action/builtin/fireNotificationEventAction",
      "parameters": {
        "target": "leaf",
        "summary": "success",
        "message": "Request Saved Successfully",
        "type": "confirmation",
        "displayMode": "transient"
      },
      "outcomes": {
        "success": "callFunctionCloseSpinnerDialog"
      }
    },
    "assignVariablesXxyasOverSeasBusiness": {
      "module": "vb/action/builtin/assignVariablesAction",
      "parameters": {
        "$page.variables.xxyasOverSeasBusiness": {
          "source": {
            "mode": "{{ $page.variables.p_requestType }}",
            "requestedBy": "{{ $flow.variables.xxYasUser.personId }}",
            "acttualDays": "{{ $page.variables.acctualDays }}",
            "daysWithTrvl": "{{ $page.variables.v_totalDays }}",
            "additionalDays": "{{ $chain.results.callFunctionCalculateEventDays.additionalDays }}"
          },
          "reset": "none",
          "auto": "always"
        }
      },
      "outcomes": {
        "success": "callRestGetOVERSEASPERDIEMCALCULATIO1GetPerdiemAmount"
      }
    },
    "assignOriginal": {
      "module": "vb/action/builtin/assignVariablesAction",
      "parameters": {
        "$page.variables.xxyasOverSeasBusinessOriginal": {
          "source": "{{ $chain.results.callFunctionParseJSON[0] }}",
          "auto": "always"
        }
      },
      "outcomes": {
        "success": "assignVariablesXxyasOverSeasBusiness2"
      }
    },
    "callComponentReturnDateIdValidate": {
      "module": "vb/action/builtin/callComponentMethodAction",
      "parameters": {
        "component": "{{ document.getElementById('returnDateId') }}",
        "method": "validate"
      },
      "outcomes": {
        "success": "callComponentDepartureDateIdValidate"
      }
    },
    "callComponentDepartureDateIdValidate": {
      "module": "vb/action/builtin/callComponentMethodAction",
      "parameters": {
        "component": "{{ document.getElementById('departureDateId') }}",
        "method": "validate"
      },
      "outcomes": {
        "success": "if"
      }
    },
    "return": {
      "module": "vb/action/builtin/returnAction",
      "parameters": {
        "outcome": "failure"
      }
    },
    "return2": {
      "module": "vb/action/builtin/returnAction",
      "parameters": {
        "outcome": "failure"
      }
    },
    "callFunctionCloseSpinnerDialog3": {
      "module": "vb/action/builtin/callModuleFunctionAction",
      "parameters": {
        "module": "[[ $application.functions ]]",
        "functionName": "closeSpinnerDialog"
      },
      "outcomes": {
        "success": "fireNotification5"
      }
    },
    "return3": {
      "module": "vb/action/builtin/returnAction",
      "parameters": {
        "outcome": "failure"
      }
    },
    "return4": {
      "module": "vb/action/builtin/returnAction",
      "parameters": {
        "outcome": "success"
      }
    },
    "callChainSaveAttachments": {
      "module": "vb/action/builtin/callChainAction",
      "parameters": {
        "id": "saveAttachments"
      },
      "outcomes": {
        "success": "assignRequestType"
      }
    },
    "callChainCheckSubmittedLCLOverSeas": {
      "module": "vb/action/builtin/callChainAction",
      "parameters": {
        "id": "checkSubmittedLCL_OverSeas"
      },
      "outcomes": {
        "success": "callFunctionCalculateEventDays"
      }
    },
    "fireNotification4": {
      "module": "vb/action/builtin/fireNotificationEventAction",
      "parameters": {
        "target": "leaf",
        "displayMode": "transient",
        "summary": "Error",
        "message": "Some Business Travel dates are Overlapping"
      },
      "outcomes": {
        "success": "callFunctionCloseSpinnerDialog4"
      }
    },
    "callFunctionCloseSpinnerDialog4": {
      "module": "vb/action/builtin/callModuleFunctionAction",
      "parameters": {
        "module": "[[ $application.functions ]]",
        "functionName": "closeSpinnerDialog"
      },
      "outcomes": {
        "success": "return5"
      }
    },
    "return5": {
      "module": "vb/action/builtin/returnAction",
      "parameters": {
        "outcome": "failure"
      }
    },
    "fireNotification5": {
      "module": "vb/action/builtin/fireNotificationEventAction",
      "parameters": {
        "target": "leaf",
        "summary": "Error",
        "displayMode": "transient"
      },
      "outcomes": {
        "success": "return2"
      }
    },
    "ifXxyasOverSeasBusiness": {
      "module": "vb/action/builtin/ifAction",
      "parameters": {
        "condition": "[[ !$application.functions.isEmpty($page.variables.xxyasOverSeasBusiness.processId) ]]"
      },
      "outcomes": {
        "true": "callFunctionOpenSpinnerDialog",
        "false": "ifXxIsPerdiemFetched"
      }
    },
    "return6": {
      "module": "vb/action/builtin/returnAction",
      "parameters": {
        "outcome": "success"
      }
    },
    "fireNotification6": {
      "module": "vb/action/builtin/fireNotificationEventAction",
      "parameters": {
        "target": "leaf",
        "summary": "Warning",
        "message": "Perdiem Value issnot calculated, please try another browser",
        "displayMode": "transient",
        "type": "warning"
      },
      "outcomes": {
        "success": "return6"
      }
    },
    "ifXxIsPerdiemFetched": {
      "module": "vb/action/builtin/ifAction",
      "parameters": {
        "condition": "[[ $page.variables.xxIsPerdiemFetched != 'Y' ]]"
      },
      "outcomes": {
        "true": "fireNotification6",
        "false": "callFunctionOpenSpinnerDialog"
      }
    },
    "callFunctionCalculateEventDays": {
      "module": "vb/action/builtin/callModuleFunctionAction",
      "parameters": {
        "module": "[[ $functions ]]",
        "functionName": "calculateEventDays",
        "params": [
          "{{ $page.variables.xxyasOverSeasBusiness }}",
          "{{ $page.variables.xxyasOverSeasBusiness.departureDate }}",
          "{{ $page.variables.xxyasOverSeasBusiness.officialEventStartDate }}",
          "{{ $page.variables.xxyasOverSeasBusiness.officialEventEndDate }}",
          "{{ $page.variables.xxyasOverSeasBusiness.returnDate }}",
          "{{ $page.variables.xxyasOverSeasBusiness.travelHours }}"
        ],
        "returnType": "object"
      },
      "outcomes": {
        "success": "assignVariablesXxyasOverSeasBusiness"
      }
    },
    "fireNotification2": {
      "module": "vb/action/builtin/fireNotificationEventAction",
      "parameters": {
        "target": "leaf",
        "summary": "[[ $chain.results.callRestGetOVERSEASPERDIEMCALCULATIO1GetPerdiemAmount.message.summary ]]",
        "type": "error",
        "displayMode": "persist"
      }
    },
    "callRestGetOVERSEASPERDIEMCALCULATIO1GetPerdiemAmount": {
      "module": "vb/action/builtin/restAction",
      "parameters": {
        "endpoint": "ics/getOVERSEAS_PERDIEM_CALCULATIO1_0GetPerdiemAmount",
        "uriParams": {
          "p_person_id": "{{ $flow.variables.xxYasUser.personId }}",
          "p_travel_type": "{{ $page.variables.travelTypeLable ? $page.variables.travelTypeLable :$page.variables.xxyasOverSeasBusiness.travelTypeValue }}",
          "p_destination": "{{ $page.variables.destinationName ? $page.variables.destinationName :$page.variables.xxyasOverSeasBusiness.toDestinationValue }}"
        }
      },
      "outcomes": {
        "success": "callFunctionCalculatetotalAmount",
        "failure": "fireNotification2"
      }
    },
    "callFunctionCalculatetotalAmount": {
      "module": "vb/action/builtin/callModuleFunctionAction",
      "parameters": {
        "module": "[[ $functions ]]",
        "functionName": "calculatetotalAmount",
        "params": [
          "{{ $chain.results.callRestGetOVERSEASPERDIEMCALCULATIO1GetPerdiemAmount.body.perdiem_amount }}",
          "{{ $flow.variables.xxyashardshipCountriesADP.data }}",
          "{{ $page.variables.destinationName ? $page.variables.destinationName :$page.variables.xxyasOverSeasBusiness.toDestinationValue }}",
          "{{ $page.variables.v_totalDays }}"
        ]
      },
      "outcomes": {
        "success": "assignVariablesXxyasOverSeasBusiness4"
      }
    },
    "assignVariablesXxyasOverSeasBusiness4": {
      "module": "vb/action/builtin/assignVariablesAction",
      "parameters": {
        "$page.variables.xxyasOverSeasBusiness": {
          "source": {
            "totalAmount": "{{ $chain.results.callFunctionCalculatetotalAmount }}",
            "perdiemValue": "{{ $chain.results.callRestGetOVERSEASPERDIEMCALCULATIO1GetPerdiemAmount.body.perdiem_amount }}"
          },
          "reset": "none",
          "auto": "always"
        }
      },
      "outcomes": {
        "success": "if4"
      }
    },
    "if4": {
      "module": "vb/action/builtin/ifAction",
      "parameters": {
        "condition": "[[ $page.variables.xxyasOverseasTrvlValidation.loclTrvlCount == 0 && $page.variables.xxyasOverseasTrvlValidation.overseasTrvlCount == 0 ]]"
      },
      "outcomes": {
        "true": "callRestPostXXYASHCMEXTOVERSETRAVEL1OverseasTravel",
        "false": "fireNotification4"
      }
    }
  },
  "variables": {}
}