{
  "description": "",
  "root": "openSpinner",
  "actions": {
    "openSpinner": {
      "module": "vb/action/builtin/callModuleFunctionAction",
      "parameters": {
        "module": "[[ $application.functions ]]",
        "functionName": "openSpinnerDialog"
      },
      "outcomes": {
        "success": "runInParallel"
      }
    },
    "runInParallel": {
      "module": "vb/action/builtin/forkAction",
      "parameters": {
        "actions": {
          "callRest": "callRestGetXXYASOTBIGENHRREPPERSO1HrRepPers",
          "getPersonsRest": "getPersonsRest"
        }
      },
      "outcomes": {
        "join": "callFunctionFilterEmployees"
      }
    },
    "fireNotification": {
      "module": "vb/action/builtin/fireNotificationEventAction",
      "parameters": {
        "target": "leaf",
        "summary": "[[ $chain.results.getPersonsRest.message.summary ]]",
        "type": "error",
        "displayMode": "persist"
      }
    },
    "getPersonsRest": {
      "module": "vb/action/builtin/restAction",
      "parameters": {
        "endpoint": "ics/postXXYAS_COMMON_LOV1_0GetLovData",
        "uriParams": {
          "lovName": "YAS_PERSON_INFO"
        },
        "body": {
          "XxLOVParameters": [
            {
              "parameter": ""
            },
            {
              "parameter": "[[$page.variables.xxyasEmployeeSearchCriteria.personNumber]]"
            },
            {
              "parameter": ""
            },
            {
              "parameter": "[[$page.variables.xxyasEmployeeSearchCriteria.fullName]]"
            }
          ]
        }
      },
      "outcomes": {
        "failure": "fireNotification",
        "success": "callFunctionParseJSON"
      }
    },
    "callFunctionParseJSON": {
      "module": "vb/action/builtin/callModuleFunctionAction",
      "parameters": {
        "module": "[[ $application.functions ]]",
        "functionName": "parseJSON",
        "params": [
          "{{ $chain.results.getPersonsRest.body.XxLOVResult || [] }}"
        ]
      },
      "outcomes": {
        "success": "assignPersons"
      }
    },
    "assignPersons": {
      "module": "vb/action/builtin/assignVariablesAction",
      "parameters": {
        "$variables.personsArr": {
          "source": "{{ $chain.results.callFunctionParseJSON || [] }}",
          "reset": "empty"
        }
      }
    },
    "fireNotification2": {
      "module": "vb/action/builtin/fireNotificationEventAction",
      "parameters": {
        "target": "leaf",
        "summary": "[[ $chain.results.callRestGetXXYASOTBIGENHRREPPERSO1HrRepPers.message.summary ]]",
        "type": "error",
        "displayMode": "persist"
      }
    },
    "callRestGetXXYASOTBIGENHRREPPERSO1HrRepPers": {
      "module": "vb/action/builtin/restAction",
      "parameters": {
        "endpoint": "ics/getXXYAS_OTBI_GEN_HR_REP_PERSO1_0HrRepPers",
        "uriParams": {
          "person_id": "{{ $flow.variables.xxYasUser.personId }}"
        }
      },
      "outcomes": {
        "failure": "fireNotification2",
        "success": "assignHr"
      }
    },
    "assignHr": {
      "module": "vb/action/builtin/assignVariablesAction",
      "parameters": {
        "$variables.hrArr": {
          "source": "{{ $chain.results.callRestGetXXYASOTBIGENHRREPPERSO1HrRepPers.body.XXYASPersons || [] }}",
          "reset": "empty"
        }
      }
    },
    "callFunctionFilterEmployees": {
      "module": "vb/action/builtin/callModuleFunctionAction",
      "parameters": {
        "module": "[[ $application.functions ]]",
        "functionName": "filterEmployees",
        "params": [
          "{{ $variables.personsArr }}",
          "{{ $variables.hrArr }}"
        ]
      },
      "outcomes": {
        "success": "assignVariablesXxyasEmployeesADP"
      }
    },
    "assignVariablesXxyasEmployeesADP": {
      "module": "vb/action/builtin/assignVariablesAction",
      "parameters": {
        "$page.variables.xxyasEmployeesADP": {
          "source": {
            "data": "{{ $chain.results.callFunctionFilterEmployees }}"
          },
          "reset": "none",
          "auto": "always",
          "mapping": {
            "$target.data": {
              "source": "$source.data",
              "reset": "empty"
            }
          }
        }
      },
      "outcomes": {
        "success": "callFunctionCloseSpinnerDialog"
      }
    },
    "callFunctionCloseSpinnerDialog": {
      "module": "vb/action/builtin/callModuleFunctionAction",
      "parameters": {
        "module": "[[ $application.functions ]]",
        "functionName": "closeSpinnerDialog"
      }
    }
  },
  "variables": {
    "hrArr": {
      "type": "object[]"
    },
    "personsArr": {
      "type": "object[]"
    }
  }
}