{
  "description": "",
  "root": "callFunctionOpenSpinnerDialog",
  "actions": {
    "callFunctionOpenSpinnerDialog": {
      "module": "vb/action/builtin/callModuleFunctionAction",
      "parameters": {
        "module": "[[ $application.functions ]]",
        "functionName": "openSpinnerDialog"
      },
      "outcomes": {
        "success": "callChainCheckSubmittedLCLOverSeas"
      }
    },
    "callFunctionCloseSpinnerDialog": {
      "module": "vb/action/builtin/callModuleFunctionAction",
      "parameters": {
        "module": "[[ $application.functions ]]",
        "functionName": "closeSpinnerDialog"
      }
    },
    "assignVariablesPRequestType": {
      "module": "vb/action/builtin/assignVariablesAction",
      "parameters": {
        "$page.variables.p_requestType": {
          "source": "REVIEW"
        },
        "$page.variables.xxyasOverSeasBusiness": {
          "source": {
            "currentStatus": "INITIAL"
          },
          "reset": "none",
          "auto": "always"
        },
        "$page.variables.xxyasOverSeasBusinessOriginal": {
          "source": {
            "currentStatus": "INITIAL"
          },
          "reset": "none",
          "auto": "always"
        }
      },
      "outcomes": {
        "success": "callFunctionCloseSpinnerDialog2"
      }
    },
    "callFunctionCloseSpinnerDialog2": {
      "module": "vb/action/builtin/callModuleFunctionAction",
      "parameters": {
        "module": "[[ $application.functions ]]",
        "functionName": "closeSpinnerDialog"
      },
      "outcomes": {
        "success": "fireNotification3"
      }
    },
    "fireNotification3": {
      "module": "vb/action/builtin/fireNotificationEventAction",
      "parameters": {
        "target": "leaf",
        "type": "confirmation",
        "summary": "success",
        "displayMode": "transient",
        "message": "Request Submitted successfully"
      }
    },
    "callChainCheckSubmittedLCLOverSeas": {
      "module": "vb/action/builtin/callChainAction",
      "parameters": {
        "id": "checkSubmittedLCL_OverSeas"
      },
      "outcomes": {
        "success": "if"
      }
    },
    "if": {
      "module": "vb/action/builtin/ifAction",
      "parameters": {
        "condition": "[[ $page.variables.xxyasOverseasTrvlValidation.loclTrvlCount == 0 && $page.variables.xxyasOverseasTrvlValidation.overseasTrvlCount == 0 ]]"
      },
      "outcomes": {
        "true": "callFunctionGetCurrDate",
        "false": "callFunctionCloseSpinnerDialog3"
      }
    },
    "callFunctionCloseSpinnerDialog3": {
      "module": "vb/action/builtin/callModuleFunctionAction",
      "parameters": {
        "module": "[[ $application.functions ]]",
        "functionName": "closeSpinnerDialog"
      },
      "outcomes": {
        "success": "fireNotification4"
      }
    },
    "fireNotification4": {
      "module": "vb/action/builtin/fireNotificationEventAction",
      "parameters": {
        "target": "leaf",
        "summary": "Error",
        "message": "Some Business Travel dates are Overlapping",
        "displayMode": "transient"
      }
    },
    "fireNotification2": {
      "module": "vb/action/builtin/fireNotificationEventAction",
      "parameters": {
        "target": "leaf",
        "summary": "[[ $chain.results.callRestCreateInstance.message.summary ]]",
        "type": "error",
        "displayMode": "persist"
      },
      "outcomes": {
        "success": "callFunctionCloseSpinnerDialog"
      }
    },
    "callRestCreateInstance": {
      "module": "vb/action/builtin/restAction",
      "parameters": {
        "endpoint": "opa_OverseasBT/createInstance",
        "body": "{{ $page.variables.overseasBTProcessInstance }}"
      },
      "outcomes": {
        "success": "assignVariablesPRequestType",
        "failure": "fireNotification2"
      }
    },
    "assignVariablesOverseasBTProcessInstance": {
      "module": "vb/action/builtin/assignVariablesAction",
      "parameters": {
        "$page.variables.overseasBTProcessInstance": {
          "source": {
            "params": {
              "applicationName": "XXYASOverSeasBusinessTrvlApplication",
              "processName": "XXYASOverSeasBusinessTrvlProcess"
            },
            "dataObject": {
              "overSeasBsnsTrvlRequest": "{{ $page.variables.xxyasOverSeasBusiness }}"
            }
          },
          "reset": "none",
          "auto": "always",
          "mapping": {
            "$target.params": {
              "source": "$source.params",
              "reset": "none",
              "auto": "always"
            },
            "$target.dataObject": {
              "source": "$source.dataObject",
              "reset": "none",
              "auto": "always",
              "mapping": {
                "$target.overSeasBsnsTrvlRequest": {
                  "source": "$source.overSeasBsnsTrvlRequest",
                  "reset": "none",
                  "auto": "always"
                }
              }
            }
          }
        }
      },
      "outcomes": {
        "success": "callChainFetchOverseasBusinessRequestAddvalues"
      }
    },
    "callFunctionGetCurrDate": {
      "module": "vb/action/builtin/callModuleFunctionAction",
      "parameters": {
        "module": "[[ $functions ]]",
        "functionName": "getCurrDate"
      },
      "outcomes": {
        "success": "assignVariablesOverseasBTProcessInstance2"
      }
    },
    "assignVariablesOverseasBTProcessInstance2": {
      "module": "vb/action/builtin/assignVariablesAction",
      "parameters": {
        "$page.variables.overseasBTProcessInstance": {
          "source": {
            "dataObject": {
              "overSeasBsnsTrvlRequest": {
                "invoiceCreationDate": "{{ $chain.results.callFunctionGetCurrDate }}",
                "invoiceNumber": "{{ $page.variables.xxyasOverSeasBusiness.overBusTrvlNo }}"
              }
            }
          },
          "reset": "none",
          "auto": "always",
          "mapping": {
            "$target.dataObject": {
              "source": "$source.dataObject",
              "reset": "none",
              "auto": "always",
              "mapping": {
                "$target.overSeasBsnsTrvlRequest": {
                  "source": "$source.overSeasBsnsTrvlRequest",
                  "reset": "none",
                  "auto": "always"
                }
              }
            }
          }
        }
      },
      "outcomes": {
        "success": "assignVariablesOverseasBTProcessInstance"
      }
    },
    "callChainFetchOverseasBusinessRequestAddvalues": {
      "module": "vb/action/builtin/callChainAction",
      "parameters": {
        "id": "fetchOverseasBusinessRequestAddvalues"
      },
      "outcomes": {
        "success": "assignVariablesOverseasBTProcessInstance4"
      }
    },
    "assignVariablesOverseasBTProcessInstance4": {
      "module": "vb/action/builtin/assignVariablesAction",
      "parameters": {
        "$page.variables.overseasBTProcessInstance": {
          "source": {
            "dataObject": {
              "overSeasBsnsTrvlRequest": "{{ $page.variables.addObj }}"
            }
          },
          "reset": "none",
          "auto": "always",
          "mapping": {
            "$target.dataObject": {
              "source": "$source.dataObject",
              "reset": "none",
              "auto": "always",
              "mapping": {
                "$target.overSeasBsnsTrvlRequest": {
                  "source": "$source.overSeasBsnsTrvlRequest",
                  "reset": "none",
                  "auto": "always",
                  "mapping": {
                    "$target.daysWithTrvl": {
                      "source": "$source.acttualDays + $source.additionalDays",
                      "reset": "empty"
                    },
                    "$target.officialEventEndDate": {
                      "source": "$source.datesObj.officialEventEndDate",
                      "reset": "none"
                    },
                    "$target.officialEventStartDate": {
                      "source": "$source.datesObj.officialEventStartDate",
                      "reset": "none"
                    },
                    "$target.passExpirationDate": {
                      "source": "$source.datesObj.passExpirationDate",
                      "reset": "none"
                    },
                    "$target.returnDate": {
                      "source": "$source.datesObj.returnDate",
                      "reset": "none"
                    },
                    "$target.departureDate": {
                      "source": "$source.datesObj.departureDate",
                      "reset": "none"
                    }
                  }
                }
              }
            }
          }
        }
      },
      "outcomes": {
        "success": "callRestCreateInstance"
      }
    }
  },
  "variables": {}
}