{
  "description": "",
  "root": "assignVariablesTravelTypeLable",
  "actions": {
    "callChainFetchNewPerdiemValue": {
      "module": "vb/action/builtin/callChainAction",
      "parameters": {
        "id": "fetchNewPerdiemValue"
      }
    },
    "assignVariablesTravelTypeLable": {
      "module": "vb/action/builtin/assignVariablesAction",
      "parameters": {
        "$page.variables.travelTypeLable": {
          "source": "{{ $variables.comboBoxTravelTypeValue }}"
        }
      },
      "outcomes": {
        "success": "callChainFetchNewPerdiemValue"
      }
    }
  },
  "variables": {
    "value": {
      "required": true,
      "type": "any",
      "input": "fromCaller"
    },
    "comboBoxTravelTypeValue": {
      "type": "string",
      "input": "fromCaller"
    }
  }
}