{
  "description": "",
  "root": "if",
  "actions": {
    "if": {
      "module": "vb/action/builtin/ifAction",
      "parameters": {
        "condition": "[[ $page.variables.p_requestType != 'REVIEW' || $application.functions.isEmpty($page.variables.xxyasOverSeasBusiness.processId) ]]"
      },
      "outcomes": {
        "true": "assignVariablesXxyasOverSeasBusiness"
      }
    },
    "assignVariablesXxyasOverSeasBusiness": {
      "module": "vb/action/builtin/assignVariablesAction",
      "parameters": {
        "$page.variables.xxyasOverSeasBusiness": {
          "source": {
            "additionalDays": "0"
          },
          "reset": "none",
          "auto": "always"
        }
      }
    }
  },
  "variables": {
    "value": {
      "required": true,
      "type": "any",
      "input": "fromCaller"
    }
  }
}