{
  "description": "",
  "root": "ifTaskAction",
  "actions": {
    "ifTaskAction": {
      "module": "vb/action/builtin/ifAction",
      "parameters": {
        "condition": "[[ $page.variables.taskAction.actionCode =='APPROVE' ]]"
      },
      "outcomes": {
        "true": "if",
        "false": "if3"
      }
    },
    "if": {
      "module": "vb/action/builtin/ifAction",
      "parameters": {
        "condition": "[[ $application.functions.isFormValid('overseas-business-vg') ]]"
      },
      "outcomes": {
        "true": "if5",
        "false": "callComponentDialogApprovalClose"
      }
    },
    "callChainSave": {
      "module": "vb/action/builtin/callChainAction",
      "parameters": {
        "id": "Save"
      },
      "outcomes": {
        "success": "callChainPerformTaskActionChain"
      }
    },
    "callComponentDialogApprovalClose": {
      "module": "vb/action/builtin/callComponentMethodAction",
      "parameters": {
        "component": "{{ document.getElementById('dialog-approval') }}",
        "method": "close"
      }
    },
    "callChainPerformTaskActionChain": {
      "module": "vb/action/builtin/callChainAction",
      "parameters": {
        "id": "performTaskActionChain"
      }
    },
    "callChainPerformTaskActionChain2": {
      "module": "vb/action/builtin/callChainAction",
      "parameters": {
        "id": "performTaskActionChain"
      },
      "outcomes": {
        "success": "resetVariablesApprovalComments"
      }
    },
    "resetVariablesApprovalComments": {
      "module": "vb/action/builtin/resetVariablesAction",
      "parameters": {
        "variables": [
          "$page.variables.approval_comments"
        ]
      },
      "outcomes": {}
    },
    "ifTaskAction4": {
      "module": "vb/action/builtin/ifAction",
      "parameters": {
        "condition": "[[ $page.variables.taskAction.actionCode =='SUBMIT' ]]"
      },
      "outcomes": {
        "false": "callChainPerformTaskActionChain2",
        "true": "callChainSave2"
      }
    },
    "callChainSave2": {
      "module": "vb/action/builtin/callChainAction",
      "parameters": {
        "id": "Save"
      },
      "outcomes": {
        "success": "callChainPerformTaskActionChain3"
      }
    },
    "callChainPerformTaskActionChain3": {
      "module": "vb/action/builtin/callChainAction",
      "parameters": {
        "id": "performTaskActionChain"
      },
      "outcomes": {
        "success": "resetVariablesApprovalComments"
      }
    },
    "if3": {
      "module": "vb/action/builtin/ifAction",
      "parameters": {
        "condition": "[[ $page.variables.taskAction.actionCode =='REJECT' || $page.variables.taskAction.actionCode == 'REQ_FOR_INFO' ]]"
      },
      "outcomes": {
        "true": "callFunctionOpenSpinnerDialogR",
        "false": "ifTaskAction4"
      }
    },
    "if4": {
      "module": "vb/action/builtin/ifAction",
      "parameters": {
        "condition": "[[ $application.functions.isValidApprovalLevel($page.variables.tasks, 'Senior Accountant Budget') ||  $application.functions.isValidApprovalLevel($page.variables.tasks, 'Travel Desk Officer') || $application.functions.isValidApprovalLevelSwimLane($page.variables.tasks, 'HR Officer',2) ]]"
      },
      "outcomes": {
        "true": "callChainSave",
        "false": "callChainPerformTaskActionChain"
      }
    },
    "fireNotification": {
      "module": "vb/action/builtin/fireNotificationEventAction",
      "parameters": {
        "target": "leaf",
        "summary": "Error",
        "displayMode": "transient",
        "message": "Attachments are required"
      }
    },
    "if5": {
      "module": "vb/action/builtin/ifAction",
      "parameters": {
        "condition": "[[ $application.functions.attachmentsCheck($page.variables.tasks,$page.variables.xxyasAttachmentsADP) ]]"
      },
      "outcomes": {
        "true": "if4",
        "false": "fireNotification"
      }
    },
    "callFunctionOpenSpinnerDialogR": {
      "module": "vb/action/builtin/callModuleFunctionAction",
      "parameters": {
        "module": "[[ $application.functions ]]",
        "functionName": "openSpinnerDialog"
      },
      "outcomes": {
        "success": "assignVariablesXxYasApprovalLineR"
      }
    },
    "assignVariablesXxYasApprovalLineR": {
      "module": "vb/action/builtin/assignVariablesAction",
      "parameters": {
        "$page.variables.xxYasApprovalLine": {
          "source": {
            "approvalComments": "{{ $page.variables.approval_comments }}",
            "mode": "EDIT",
            "requestLineId": "{{ $application.functions.splitStringFromProcesInstance($page.variables.tasks.items[0].description).lineId }}"
          },
          "reset": "empty",
          "auto": "always"
        }
      },
      "outcomes": {
        "success": "selectApprovalRestR"
      }
    },
    "fireNotificationR": {
      "module": "vb/action/builtin/fireNotificationEventAction",
      "parameters": {
        "target": "leaf",
        "summary": "[[ $chain.results.selectApprovalRest.message.summary ]]",
        "type": "error",
        "displayMode": "persist"
      },
      "outcomes": {
        "success": "callFunctionCloseSpinnerDialogR"
      }
    },
    "selectApprovalRestR": {
      "module": "vb/action/builtin/restAction",
      "parameters": {
        "endpoint": "ics/approvalLinesDML",
        "body": {
          "XXYASApprovalLine": "[[$page.variables.xxYasApprovalLine]]"
        }
      },
      "outcomes": {
        "failure": "fireNotificationR",
        "success": "callFunctionCloseSpinnerDialog2R"
      }
    },
    "callFunctionCloseSpinnerDialogR": {
      "module": "vb/action/builtin/callModuleFunctionAction",
      "parameters": {
        "module": "[[ $application.functions ]]",
        "functionName": "closeSpinnerDialog"
      }
    },
    "callFunctionCloseSpinnerDialog2R": {
      "module": "vb/action/builtin/callModuleFunctionAction",
      "parameters": {
        "module": "[[ $application.functions ]]",
        "functionName": "closeSpinnerDialog"
      },
      "outcomes": {
        "success": "callChainPerformTaskActionChainR"
      }
    },
    "callChainPerformTaskActionChainR": {
      "module": "vb/action/builtin/callChainAction",
      "parameters": {
        "id": "performTaskActionChain"
      },
      "outcomes": {
        "success": "resetVariablesApprovalComments"
      }
    }
  },
  "variables": {}
}