{
    "openapi": "3.0.0",
    "info": {
        "title": "Opa",
        "version": "1.0.0"
    },
    "servers": [
        {
            "url": "vb-catalog://backends/opa/process/api/v1",
            "description": "Opa"
        }
    ],
    "paths": {
        "/tasks": {
            "get": {
                "operationId": "getTasks",
                "requestBody": {
                    "description": "Request for application/json",
                    "content": {
                        "application/json": {
                            "schema": {
                                "$ref": "#/components/schemas/PostSearchTasksRequest"
                            },
                            "examples": {
                                "vb": {
                                    "summary": "Example stored by VB User",
                                    "externalValue": "./examples/post/request_application_json_vb.json"
                                }
                            }
                        }
                    }
                },
                "responses": {
                    "default": {
                        "description": "Default response",
                        "content": {
                            "application/json": {
                                "schema": {
                                    "$ref": "#/components/schemas/GetTasks"
                                },
                                "examples": {
                                    "vb": {
                                        "externalValue": "./examples/get/response_default_application_json_vb.json",
                                        "summary": "Example stored by VB User"
                                    }
                                }
                            }
                        }
                    }
                },
                "x-vb": {
                    "actionHint": "getMany"
                },
                "parameters": [
                    {
                        "name": "state",
                        "in": "query",
                        "schema": {
                            "type": "string"
                        }
                    },
{
                        "name": "assignment",
                        "in": "query",
                        "schema": {
                            "type": "string"
                        }
                    },
                    {
                        "name": "processInstanceId",
                        "in": "query",
                        "schema": {
                            "type": "string"
                        }
                    }
                ]
            }
        },
        "/tasks/{id}/complete": {
            "parameters": [
                {
                    "name": "id",
                    "in": "path",
                    "required": true,
                    "schema": {
                        "type": "string"
                    }
                }
            ],
            "post": {
                "operationId": "createTasksIdComplete",
                "responses": {
                    "default": {
                        "description": "Default response",
                        "content": {
                            "application/json": {
                                "schema": {
                                    "$ref": "#/components/schemas/GetTasksIdComplete"
                                },
                                "examples": {
                                    "vb": {
                                        "externalValue": "./examples/createTasksIdComplete/response_default_application_json_vb.json"
                                    }
                                }
                            }
                        }
                    }
                },
                "x-vb": {
                    "actionHint": "create"
                },
                "requestBody": {
                    "content": {
                        "application/json": {
                            "schema": {
                                "$ref": "#/components/schemas/PostTasksIdCompleteRequest"
                            },
                            "examples": {
                                "vb": {
                                    "externalValue": "./examples/createTasksIdComplete/request_application_json_vb.json"
                                }
                            }
                        }
                    }
                }
            }
        }
    },
    "components": {
        "schemas": {
            "PostSearchTasksRequest": {
                "type": "object",
                "properties": {
                    "orderBy": {
                        "type": "string"
                    },
                    "offset": {
                        "type": "integer"
                    },
                    "totalResults": {
                        "type": "boolean"
                    },
                    "limit": {
                        "type": "integer"
                    },
                    "assignmentFilter": {
                        "type": "string"
                    },
                    "query": {
                        "type": "string"
                    },
                    "searchType": {
                        "type": "string"
                    },
                    "count": {
                        "type": "boolean"
                    },
                    "select": {
                        "type": "array",
                        "items": {
                            "type": "string"
                        }
                    }
                }
            },
            "PostSearchTasksResponse": {
                "type": "object",
                "properties": {
                    "limit": {
                        "type": "integer"
                    },
                    "offset": {
                        "type": "integer"
                    },
                    "count": {
                        "type": "integer"
                    },
                    "totalResults": {
                        "type": "integer"
                    },
                    "items": {
                        "type": "array",
                        "items": {
                            "type": "object",
                            "properties": {

                                "createdDate": {
                                    "type": "string"
                                },
                                "subState": {
                                    "type": "string"
                                },
                                "processName": {
                                    "type": "string"
                                },
                                "assignee": {
                                    "type": "object",
                                    "properties": {
                                        "id": {
                                            "type": "string"
                                        },
                                        "name": {
                                            "nullable": true
                                        },
                                        "displayName": {
                                            "nullable": true
                                        },
                                        "type": {
                                            "nullable": true
                                        }
                                    }
                                },
                                "state": {
                                    "type": "string"
                                },
                                "id": {
                                    "type": "string"
                                },
                                "title": {
                                    "type": "string"
                                },
                                "priority": {
                                    "type": "integer"
                                }
                            }
                        }
                    }

                }
            },
            "GetTasks": {
                "type": "object",
                "properties": {
                    "links": {
                        "type": "array",
                        "items": {
                            "type": "object",
                            "properties": {
                                "href": {
                                    "type": "string"
                                },
                                "rel": {
                                    "type": "string"
                                }
                            }
                        }
                    },
                    "limit": {
                        "type": "integer"
                    },
                    "offset": {
                        "type": "integer"
                    },
                    "count": {
                        "type": "integer"
                    },
                    "items": {
                        "type": "array",
                        "items": {
                            "type": "object",
                            "properties": {
                                "links": {
                                    "type": "array",
                                    "items": {
                                        "type": "object",
                                        "properties": {
                                            "href": {
                                                "type": "string"
                                            },
                                            "rel": {
                                                "type": "string"
                                            }
                                        }
                                    }
                                },
                                "id": {
                                    "type": "string"
                                },
                                "title": {
                                    "type": "string"
                                },
                                "isAdhoc": {
                                    "type": "boolean"
                                },
                                "priority": {
                                    "type": "integer"
                                },
                                "isSuspended": {
                                    "type": "boolean"
                                },
                                "state": {
                                    "type": "string"
                                },
                                "substate": {
                                    "type": "string"
                                },
                                "isEscalated": {
                                    "type": "boolean"
                                },
                                "reason": {
                                    "type": "object",
                                    "properties": {
                                        "user": {
                                            "type": "object",
                                            "properties": {
                                                "id": {
                                                    "type": "string"
                                                },
                                                "name": {
                                                    "type": "string"
                                                }
                                            }
                                        },
                                        "assignee": {
                                            "type": "object",
                                            "properties": {
                                                "id": {
                                                    "type": "string"
                                                },
                                                "name": {
                                                    "type": "string"
                                                }
                                            }
                                        },
                                        "candidateUsers": {
                                            "type": "array",
                                            "items": {}
                                        },
                                        "candidateGroups": {
                                            "type": "array",
                                            "items": {}
                                        },
                                        "action": {
                                            "type": "string"
                                        },
                                        "date": {
                                            "type": "string"
                                        }
                                    }
                                },
                                "reasonText": {
                                    "type": "string"
                                },
                                "assignee": {
                                    "type": "object",
                                    "properties": {
                                        "id": {
                                            "type": "string"
                                        },
                                        "name": {
                                            "type": "string"
                                        },
                                        "displayName": {
                                            "type": "string"
                                        }
                                    }
                                },
                                "fromUser": {
                                    "type": "object",
                                    "properties": {
                                        "id": {
                                            "type": "string"
                                        },
                                        "name": {
                                            "type": "string"
                                        },
                                        "displayName": {
                                            "type": "string"
                                        },
                                        "type": {
                                            "type": "string"
                                        }
                                    }
                                },
                                "createdBy": {
                                    "type": "object",
                                    "properties": {
                                        "id": {
                                            "type": "string"
                                        },
                                        "name": {
                                            "type": "string"
                                        },
                                        "displayName": {
                                            "type": "string"
                                        },
                                        "type": {
                                            "type": "string"
                                        }
                                    }
                                },
                                "createdDate": {
                                    "type": "string"
                                },
                                "lastUpdatedDate": {
                                    "type": "string"
                                },
                                "assignedDate": {
                                    "type": "string"
                                },
                                "processName": {
                                    "type": "string"
                                },
                                "processDefinitionTitle": {
                                    "type": "string"
                                },
                                "activityInstanceId": {
                                    "type": "string"
                                },
                                "processInstanceId": {
                                    "type": "string"
                                },
                                "processDefinitionId": {
                                    "type": "string"
                                },
                                "processDefinitionKey": {
                                    "type": "string"
                                },
                                "processExecutionId": {
                                    "type": "string"
                                },
                                "rootInstanceId": {
                                    "type": "string"
                                },
                                "rootProcessId": {
                                    "type": "string"
                                },
                                "taskDefinitionKey": {
                                    "type": "string"
                                },
                                "applicationName": {
                                    "type": "string"
                                },
                                "applicationTitle": {
                                    "type": "string"
                                },
                                "candidateUsers": {
                                    "type": "array",
                                    "items": {}
                                },
                                "candidateGroups": {
                                    "type": "array",
                                    "items": {}
                                },
                                "availableActions": {
                                    "type": "object",
                                    "properties": {
                                        "system": {
                                            "type": "array",
                                            "items": {
                                                "type": "object",
                                                "properties": {
                                                    "title": {
                                                        "type": "string"
                                                    },
                                                    "actionId": {
                                                        "type": "string"
                                                    }
                                                }
                                            }
                                        },
                                        "custom": {
                                            "type": "array",
                                            "items": {
                                                "type": "object",
                                                "properties": {
                                                    "title": {
                                                        "type": "string"
                                                    },
                                                    "actionId": {
                                                        "type": "string"
                                                    }
                                                }
                                            }
                                        }
                                    }
                                },
                                "tags": {
                                    "type": "array",
                                    "items": {}
                                }
                            }
                        }
                    }
                }
            },
            "GetTasksIdComplete": {
                "type": "object",
                "properties": {
                    "comment": {
                        "type": "string"
                    },
                    "outcome": {
                        "type": "string"
                    }
                }
            },
            "PostTasksIdCompleteRequest": {
                "type": "object",
                "properties": {
                    "comment": {
                        "type": "string"
                    },
                    "outcome": {
                        "type": "string"
                    }
                }
            }
        }
    }
}