{
    "limit": 25,
    "offset": 0,
    "count": 1,
    "items": [
        {
            "assignedDate": "2024-10-05T07:07:15.841+00:00",
            "rootInstanceId": "736c8519-82e8-11ef-92de-9a913e140e5e",
            "applicationTitle": "Test_tasks",
            "reasonText": "Started by Shahgaron_Support to Shahgaron_Support on Sat Oct 05 07:07:15 GMT 2024",
            "fromUser": {
                "id": "77ecbe64419448eeab34a73c28ead962",
                "name": null,
                "displayName": null,
                "type": null
            },
            "updatedDate": "2024-10-05T07:07:15.841+00:00",
            "title": "User task",
            "type": "usertask",
            "processDefinitionKey": "Test_tasks--1.0--TaskProcess",
            "instanceId": "736c8519-82e8-11ef-92de-9a913e140e5e",
            "subState": "INITIATED",
            "processName": "TaskProcess",
            "state": "ASSIGNED",
            "id": "73c9991b-82e8-11ef-82f7-d2c8e3d72475",
            "applicationName": "Test_tasks",
            "applicationVersion": "1.0",
            "processDefinitionId": "679ab390-82e8-11ef-9a69-5a1c150ce80b",
            "dataMgmtState": "live",
            "priority": 2,
            "taskDefinitionKey": "flow_a95374c5-492b-9f41-1aec-f6e0e1799ee7",
            "createdDate": "2024-10-05T07:07:15.839+00:00",
            "createdBy": {
                "id": "77ecbe64419448eeab34a73c28ead962",
                "name": null,
                "displayName": null,
                "type": null
            },
            "createdByType": "USER",
            "assignee": {
                "id": "77ecbe64419448eeab34a73c28ead962",
                "name": null,
                "displayName": null,
                "type": null
            },
            "fromUserType": "USER"
        }
    ]
}