{
  "title": "",
  "description": "",
  "variables": {
    "AccomProvidedByArr": {
      "type": "any",
      "defaultValue": "['HOST', 'OWN']"
    },
    "acctualDays": {
      "type": "string",
      "defaultValue": "[[ (((new Date($variables.xxyasOverSeasBusiness.officialEventEndDate) - new Date($variables.xxyasOverSeasBusiness.officialEventStartDate)) / 86400000) + 1) || 0 ]]"
    },
    "addObj": {
      "type": {
        "acttualDays": "any",
        "additionalDays": "any",
        "toDestinationValue": "any",
        "travelValue": "any",
        "datesObj": {
          "departureDate": "string",
          "officialEventEndDate": "string",
          "officialEventStartDate": "string",
          "passExpirationDate": "string",
          "returnDate": "string"
        }
      },
      "defaultValue": {
        "datesObj": {
          "departureDate": "[[ $application.functions.newformatDate($variables.xxyasOverSeasBusiness.departureDate) ]]",
          "officialEventEndDate": "[[ $application.functions.newformatDate($variables.xxyasOverSeasBusiness.officialEventEndDate) ]]",
          "officialEventStartDate": "[[ $application.functions.newformatDate($variables.xxyasOverSeasBusiness.officialEventStartDate) ]]",
          "passExpirationDate": "[[ $application.functions.newformatDate($variables.xxyasOverSeasBusiness.passExpirationDate) ]]",
          "returnDate": "[[ $application.functions.newformatDate($variables.xxyasOverSeasBusiness.returnDate) ]]"
        }
      }
    },
    "approval_comments": {
      "type": "string"
    },
    "destinationName": {
      "type": "string"
    },
    "enableTravelHoursEdit": {
      "type": "boolean",
      "defaultValue": false
    },
    "gETSSAPPROVALHISTORYListSDP": {
      "type": "vb/ServiceDataProvider",
      "defaultValue": {
        "endpoint": "ics/GET_SS_APPROVAL_HISTORY",
        "keyAttributes": "seq_id",
        "itemsPath": "",
        "responseType": "gETSSAPPROVALHISTORYResponse",
        "uriParameters": {
          "p_module_name": "OVER_SEASES",
          "p_module_req_id": "{{ $variables.xxyasOverSeasBusiness.overBusTrvlId }}"
        }
      }
    },
    "isPageLoading": {
      "type": "boolean"
    },
    "legalEntitySegmentCode": {
      "type": "string"
    },
    "overseasBTProcessInstance": {
      "type": "overseasBTProcessInstanceType"
    },
    "p_overBusTrvlId": {
      "type": "string",
      "input": "fromUrl"
    },
    "p_process_id": {
      "type": "string",
      "input": "fromUrl"
    },
    "p_requestType": {
      "type": "string",
      "input": "fromUrl",
      "required": true
    },
    "taskAction": {
      "type": {
        "actionCode": "string",
        "actionId": "string",
        "taskId": "string"
      }
    },
    "taskCompleteVar": {
      "type": "flow:TaskComplete"
    },
    "tasks": {
      "type": "flow:TaskCollection",
      "input": "none"
    },
    "travelTypeLable": {
      "type": "string"
    },
    "updateTaskDetailsReq": {
      "type": "application:updateApprovalTaskDetailsReqType"
    },
    "v_chargeAccountSearchOffset": {
      "type": "number",
      "defaultValue": 0
    },
    "v_projectTaskSearchOffset": {
      "type": "number",
      "defaultValue": 0
    },
    "v_totalDays": {
      "type": "number",
      "defaultValue": "[[ (parseInt( (((new Date($variables.xxyasOverSeasBusiness.officialEventEndDate) - new Date($variables.xxyasOverSeasBusiness.officialEventStartDate)) / 86400000) + 1) || 0 ) + parseInt($variables.xxyasOverSeasBusiness.additionalDays)) || 0 ]]"
    },
    "variable1": {
      "type": "string",
      "defaultValue": "aaa"
    },
    "xxIsPerdiemFetched": {
      "type": "string"
    },
    "xxYasApprovalLine": {
      "type": "application:xxYasApprovalLine"
    },
    "xxyasAttachmentsADP": {
      "type": "vb/ArrayDataProvider2",
      "defaultValue": {
        "itemType": "application:XXYASAttachment",
        "keyAttributes": "uploadedFileName"
      }
    },
    "xxyasAttachmentsOriginal": {
      "type": "application:XXYASAttachment[]"
    },
    "xxyasEmployeesADP": {
      "type": "vb/ArrayDataProvider2",
      "defaultValue": {
        "itemType": "application:XXYASUser",
        "keyAttributes": "personId"
      }
    },
    "xxyasEmployeeSearchCriteria": {
      "type": "application:XXYASPersonSearchCriteria"
    },
    "xxyasOverSeasBusiness": {
      "type": "flow:XXYASOverSeasTravelType"
    },
    "xxyasOverSeasBusinessOriginal": {
      "type": "flow:XXYASOverSeasTravelType"
    },
    "xxyasOverseasTrvlValidation": {
      "type": {
        "loclTrvlCount": "number",
        "overseasTrvlCount": "number"
      }
    },
    "xxyasSearchCriteria": {
      "type": {
        "chargeAccount": "string",
        "projectTask": "string"
      }
    },
    "xxyasSelectedChargeAccount": {
      "type": {
        "chargeAccount": "string",
        "codeCombinationId": "string"
      }
    },
    "xxyasSelectedEmployee": {
      "type": "application:XXYASUser"
    },
    "xxyasSelectedProjectTask": {
      "type": {
        "projectTask": "string",
        "projectTaskId": "string"
      }
    }
  },
  "metadata": {},
  "types": {
    "@decorators.gETSSAPPROVALHISTORYResponse": {
      "endpoint": "GET_SS_APPROVAL_HISTORY",
      "service": "ics",
      "path": "response"
    },
    "@decorators.getTaskCollection": {
      "endpoint": "getTaskCollection",
      "service": "oracle.vb.internal.service.integration.process",
      "path": "response"
    },
    "@decorators.overseasBTProcessInstanceType": {
      "endpoint": "createInstance",
      "service": "opa_OverseasBT",
      "path": "request"
    },
    "gETSSAPPROVALHISTORYResponse": [
      {
        "approval_comments": "string",
        "approval_level": "string",
        "approved_date": "string",
        "confirmed_by": "string",
        "request_id": "string",
        "seq_id": "string",
        "status": "string"
      }
    ],
    "getTaskCollection": {
      "count": "number",
      "hasMore": "boolean",
      "items": [
        {
          "actions": [
            {
              "actionId": "string",
              "id": "string",
              "label": "string",
              "taskId": "string",
              "type": "string"
            }
          ],
          "assignedDate": "string",
          "creationDate": "string",
          "creationUser": "string",
          "deployedProcess": {
            "aliases": "string[]",
            "id": "string",
            "label": "string"
          },
          "description": "string",
          "id": "string",
          "label": "string",
          "links": [
            {
              "href": "string",
              "rel": "string"
            }
          ],
          "priority": "number",
          "processInstance": {
            "id": "string",
            "label": "string"
          },
          "state": "string"
        }
      ],
      "limit": "number",
      "offset": "number",
      "totalResults": "number"
    },
    "overseasBTProcessInstanceType": {
      "dataObject": {
        "overSeasBsnsTrvlRequest": {
          "accommodationValue": "string",
          "accomProvidedBy": "string",
          "acttualDays": "string",
          "additionalDays": "string",
          "ameCategory": "string",
          "approvalLevel": "string",
          "approvedBy": "string",
          "attribute1": "string",
          "attribute10": "string",
          "attribute2": "string",
          "attribute3": "string",
          "attribute4": "string",
          "attribute5": "string",
          "attribute6": "string",
          "attribute7": "string",
          "attribute8": "string",
          "attribute9": "string",
          "birthDate": "string",
          "budgetType": "string",
          "businessUnit": "string",
          "chargeAcct": "string",
          "chargeAcctId": "string",
          "currentStatus": "string",
          "currentStatusValue": "string",
          "daysWithTrvl": "string",
          "departureDate": "string",
          "expendiureOrg": "string",
          "fullName": "string",
          "gradeName": "string",
          "groupLeader": "string",
          "groupLeaderNo": "string",
          "hireDate": "string",
          "homeTownAirname": "string",
          "hotelSupplier": "string",
          "invoiceCreationDate": "string",
          "invoiceNumber": "string",
          "justification": "string",
          "legalEntityId": "string",
          "legalEntityName": "string",
          "mobileNum": "string",
          "nationality": "string",
          "officialEventEndDate": "string",
          "officialEventStartDate": "string",
          "organization": "string",
          "organizationId": "string",
          "overBusTrvlId": "string",
          "overBusTrvlNo": "string",
          "passExpirationDate": "string",
          "passportNumber": "string",
          "perdiemValue": "string",
          "personId": "string",
          "personNumber": "string",
          "processId": "string",
          "projectAndTask": "string",
          "remarks": "string",
          "requestedBy": "string",
          "requester": "string",
          "returnDate": "string",
          "salaryBasis": "string",
          "ticketAmount": "string",
          "ticketClass": "string",
          "ticketDueDate": "string",
          "ticketEligibility": "string",
          "ticketSupplier": "string",
          "ticketType": "string",
          "toDestination": "string",
          "toDestinationValue": "string",
          "totalAmount": "string",
          "trainingName": "string",
          "trainingType": "string",
          "trainingTypeValue": "string",
          "travel": "string",
          "travelHours": "string",
          "travelType": "string",
          "travelTypeValue": "string",
          "travelValue": "string",
          "userId": "string",
          "userName": "string",
          "perDiemCategory": "string"
        }
      },
      "params": {
        "applicationName": "string",
        "applicationVersion": "string",
        "processDefinitionId": "string",
        "processDefinitionKey": "string",
        "processName": "string"
      }
    }
  },
  "chains": {},
  "eventListeners": {
    "aClick": {
      "chains": [
        {
          "chainId": "ChargeAcountLoodMoreHyperlinkClickChain"
        }
      ]
    },
    "aClick2": {
      "chains": [
        {
          "chainId": "ProjectTaskLoadMoreHyperlinkClickChain"
        }
      ]
    },
    "actualDaysValue": {
      "chains": [
        {
          "chainId": "actualDaysChangeValue",
          "parameters": {
            "value": "{{ $event.detail.value }}"
          }
        }
      ]
    },
    "comboValue": {
      "chains": [
        {
          "chain": "ComboValueChangeChain",
          "parameters": {
            "value": "{{ $event.detail.value }}",
            "testmeaning": "[[ $event.detail.data.meaning ]]"
          }
        }
      ]
    },
    "ojButtonCancelCustomerNamePopupOjAction": {
      "chains": [
        {
          "chainId": "closeDialog"
        }
      ]
    },
    "ojButtonCancelCustomerNamePopupOjAction2": {
      "chains": [
        {
          "chainId": "noUnSavedDialogAction"
        }
      ]
    },
    "ojButtonCancelPopupOjAction": {
      "chains": [
        {
          "chainId": "ButtonActionChain3"
        }
      ]
    },
    "ojButtonOjAction": {
      "chains": [
        {
          "chainId": "Save"
        }
      ]
    },
    "ojButtonOjAction10": {
      "chains": [
        {
          "chainId": "removeFile",
          "parameters": {
            "key": "{{ $current.key }}",
            "index": "{{ $current.index }}",
            "current": "{{ $current }}"
          }
        }
      ]
    },
    "ojButtonOjAction11": {
      "chains": [
        {
          "chainId": "downloadAttachment",
          "parameters": {
            "key": "{{ $current.key }}",
            "index": "{{ $current.index }}",
            "current": "{{ $current }}"
          }
        }
      ]
    },
    "ojButtonOjAction12": {
      "chains": [
        {
          "chainId": "ChargeAccountSearchButtonActionChain",
          "parameters": {
            "loodMore": "N"
          }
        }
      ]
    },
    "ojButtonOjAction13": {
      "chains": [
        {
          "chainId": "chargeAccountResetButtonActionChain"
        }
      ]
    },
    "ojButtonOjAction14": {
      "chains": [
        {
          "chainId": "chargeAccountOKButtonActionChain"
        }
      ]
    },
    "ojButtonOjAction15": {
      "chains": [
        {
          "chainId": "chargeAccountCancelButtonActionChain"
        }
      ]
    },
    "ojButtonOjAction16": {
      "chains": [
        {
          "chainId": "projectTaskSearchButtonActionChain",
          "parameters": {
            "loadMore": "N"
          }
        }
      ]
    },
    "ojButtonOjAction17": {
      "chains": [
        {
          "chainId": "ButtonActionChain4"
        }
      ]
    },
    "ojButtonOjAction18": {
      "chains": [
        {
          "chainId": "ProjectTaskOkButtonActionChain"
        }
      ]
    },
    "ojButtonOjAction19": {
      "chains": [
        {
          "chainId": "ProjectTaskCancelButtonActionChain"
        }
      ]
    },
    "ojButtonOjAction2": {
      "chains": [
        {
          "chainId": "Save"
        }
      ]
    },
    "ojButtonOjAction3": {
      "chains": [
        {
          "chainId": "ButtonActionChain1"
        }
      ]
    },
    "ojButtonOjAction4": {
      "chains": [
        {
          "chainId": "SubmitActionChain"
        }
      ]
    },
    "ojButtonOjAction5": {
      "chains": [
        {
          "chainId": "taskButtonAction",
          "parameters": {
            "actionCode": "{{ $current.data.title}}",
            "actionId": "{{ $current.data.title}}",
            "taskId": "{{ $variables.tasks.items[0].id }}"
          }
        }
      ]
    },
    "ojButtonOjAction6": {
      "chains": [
        {
          "chainId": "searchEmployeeAction"
        }
      ]
    },
    "ojButtonOjAction7": {
      "chains": [
        {
          "chainId": "okSearch"
        }
      ]
    },
    "ojButtonOjAction8": {
      "chains": [
        {
          "chainId": "resetSearchAction"
        }
      ]
    },
    "ojButtonOjAction9": {
      "chains": [
        {
          "chainId": "cancelSearch"
        }
      ]
    },
    "ojButtonOkCustomerNamePopupOjAction": {
      "chains": [
        {
          "chainId": "yesButtonDialogAction"
        }
      ]
    },
    "ojButtonOkCustomerNamePopupOjAction2": {
      "chains": [
        {
          "chainId": "yesUnsavedDialogAction"
        }
      ]
    },
    "ojButtonRejectPopupOjAction": {
      "chains": [
        {
          "chainId": "rejectButtonAction"
        }
      ]
    },
    "ojComboboxOneRawValue": {
      "chains": [
        {
          "chainId": "ExpenditureOrgComboboxOneRawValueChangeChain",
          "parameters": {
            "rawValue": "{{ $event.detail.value }}"
          }
        }
      ]
    },
    "ojComboboxOneValue": {
      "chains": [
        {
          "chainId": "TravelHoursComboboxOneValueChangeChain",
          "parameters": {
            "value": "{{ $event.detail.value }}"
          }
        }
      ]
    },
    "ojComboboxOneValue2": {
      "chains": [
        {
          "chainId": "AccomodationComboboxOneValueChangeChain",
          "parameters": {
            "value": "{{ $event.detail.value }}"
          }
        }
      ]
    },
    "ojComboboxOneValue3": {
      "chains": [
        {
          "chainId": "TravelTypeComboboxOneValueChangeChain",
          "parameters": {
            "value": "{{ $event.detail.value }}",
            "comboBoxTravelTypeValue": "[[ $event.detail.data.meaning ]]"
          }
        }
      ]
    },
    "ojComboboxOneValue4": {
      "chains": [
        {
          "chainId": "DestinationComboboxOneValueChangeChain",
          "parameters": {
            "value": "{{ $event.detail.value }}",
            "destinationName": "[[ $event.detail.data.flexValue ]]"
          }
        }
      ]
    },
    "ojFilePickerOjSelect": {
      "chains": [
        {
          "chainId": "uploadFiles",
          "parameters": {
            "files": "[[ Array.prototype.slice.call($event.detail.files) ]]"
          }
        }
      ]
    },
    "ojInputTextRawValue": {
      "chains": [
        {
          "chainId": "ProjectTaskInputTextRawValueChangeChain",
          "parameters": {
            "rawValue": "{{ $event.detail.value }}"
          }
        }
      ]
    },
    "ojInputTextValue": {
      "chains": [
        {
          "chainId": "NoDaysInputTextValueChangeChain",
          "parameters": {
            "value": "{{ $event.detail.value }}"
          }
        }
      ]
    },
    "ojTableDblclick": {
      "chains": [
        {
          "chainId": "assignEmployeeDblClick"
        }
      ]
    },
    "ojTableDblclick2": {
      "chains": [
        {
          "chainId": "chargeAccountTableDblclickChain"
        }
      ]
    },
    "ojTableDblclick3": {
      "chains": [
        {
          "chainId": "ProjectTaskTableDblclickChain"
        }
      ]
    },
    "ojTableFirstSelectedRow": {
      "chains": [
        {
          "chainId": "firstEmployeeSelectAction",
          "parameters": {
            "rowKey": "{{$event.detail.value.key}}",
            "rowData": "{{$event.detail.value.data}}"
          }
        }
      ]
    },
    "ojTableFirstSelectedRow2": {
      "chains": [
        {
          "chainId": "ChargeAccountTableFirstSelectedRowChangeChain",
          "parameters": {
            "rowKey": "{{$event.detail.value.key}}",
            "rowData": "{{$event.detail.value.data}}"
          }
        }
      ]
    },
    "ojTableFirstSelectedRow3": {
      "chains": [
        {
          "chainId": "ProjectTaskTableFirstSelectedRowChangeChain",
          "parameters": {
            "rowKey": "{{$event.detail.value.key}}",
            "rowData": "{{$event.detail.value.data}}"
          }
        }
      ]
    },
    "spanClick": {
      "chains": [
        {
          "chainId": "openSearchEmployee"
        }
      ]
    },
    "spanClick2": {
      "chains": [
        {
          "chainId": "chargeAccountIconClickChain"
        }
      ]
    },
    "spanClick3": {
      "chains": [
        {
          "chainId": "ProjectTaskOpenDialogIconClickChain"
        }
      ]
    },
    "vbEnter": {
      "chains": [
        {
          "chainId": "onPageLoad",
          "parameters": {}
        }
      ]
    }
  },
  "imports": {
    "components": {
      "oj-button": {
        "path": "ojs/ojbutton"
      },
      "oj-combobox-one": {
        "path": "ojs/ojselectcombobox"
      },
      "oj-dialog": {
        "path": "ojs/ojdialog"
      },
      "oj-file-picker": {
        "path": "ojs/ojfilepicker"
      },
      "oj-form-layout": {
        "path": "ojs/ojformlayout"
      },
      "oj-input-date": {
        "path": "ojs/ojdatetimepicker"
      },
      "oj-input-text": {
        "path": "ojs/ojinputtext"
      },
      "oj-label": {
        "path": "ojs/ojlabel"
      },
      "oj-list-view": {
        "path": "ojs/ojlistview"
      },
      "oj-option": {
        "path": "ojs/ojoption"
      },
      "oj-table": {
        "path": "ojs/ojtable"
      },
      "oj-text-area": {
        "path": "ojs/ojinputtext"
      },
      "oj-toolbar": {
        "path": "ojs/ojtoolbar"
      },
      "oj-validation-group": {
        "path": "ojs/ojvalidationgroup"
      },
      "oj-vb-list-item": {
        "path": "vb/components/list-item/loader"
      }
    },
    "modules": {
      "ojValidationBase": {
        "path": "ojs/ojvalidation-base"
      },
      "ojValidationDateTime": {
        "path": "ojs/ojvalidation-datetime"
      }
    }
  }
}