{
  "id": "admin-self-services",
  "description": "Flow main",
  "defaultPage": "admin-self-services-start",
  "services": {},
  "types": {
    "XXYASChildEducation": {
            "academicYear": "string",
            "approvalComments": "string",
            "approvalLevel": "string",
            "approvedBy": "string",
            "assignmentId": "string",
            "attribute1": "string",
            "attribute10": "string",
            "attribute2": "string",
            "attribute3": "string",
            "attribute4": "string",
            "attribute5": "string",
            "attribute6": "string",
            "attribute7": "string",
            "attribute8": "string",
            "attribute9": "string",
            "balanceAmount": "number",
            "birthDate": "string",
            "businessUnit": "string",
            "chiEduReqId": "string",
            "chiEduReqNo": "string",
            "childSchool": "string",
            "contactAge": "string",
            "contactDob": "string",
            "contactName": "string",
            "contactPersonId": "string",
            "createdBy": "string",
      "creationDate": "string",
      "currencyCode": "string",
            "currentStatus": "string",
            "currentStatusValue": "string",
            "description": "string",
            "eligibilityAmount": "number",
            "fullName": "string",
            "gradeId": "string",
            "gradeName": "string",
            "gradeRateValue": "number",
            "hireDate": "string",
      "lastUpdateDate": "string",
      "legalEntityId": "string",
            "legalEntityName": "string",
            "mode": "string",
            "nationality": "string",
            "organization": "string",
            "organizationId": "string",
            "personId": "string",
            "personNumber": "string",
            "personRole": "string",
            "processId": "string",
            "receiptAmount": "number",
            "receiptDate": "string",
            "receiptNumber": "string",
            "remarks": "string",
            "requestedBy": "string",
            "salaryBasis": "string",
            "salaryBasisId": "string",
            "userId": "string",
            "userName": "string",
            "utilizedAmount": "number",
            "year": "string",
            "yearValue": "string"

        },
    "XXYASLocalBusinessTravelRequest": {
      "approvalComments": "string",
      "createdBy": "string",
      "creationDate": "string",
      "lastUpdateDate": "string",
      "loclBusTrvlId": "number",
      "loclBusTrvlNo": "string",
      "mode": "string",
      "requestedBy": "number",
      "personId": "number",
      "personNumber": "string",
      "fullName": "string",
      "birthDate": "string",
      "nationality": "string",
      "businessUnit": "string",
      "legalEntityId": "number",
      "legalEntityName": "string",
      "organizationId": "number",
      "organization": "string",
      "travel": "string",
      "travelValue": "string",
      "userName": "string",
      "userId": "number",
      "hireDate": "string",
      "passportNumber": "string",
      "passExpirationDate": "string",
      "ticketEligibility": "string",
      "ticketType": "string",
      "ticketClass": "string",
      "ticketDueDate": "string",
      "homeTownAirname": "string",
      "salaryBasis": "string",
      "gradeName": "string",
      "remarks": "string",
      "travelType": "string",
      "travelTypeValue": "string",
      "trainingName": "string",
      "trainingType": "string",
      "trainingTypeValue": "string",
      "justification": "string",
      "startDate": "string",
      "endDate": "string",
      "destination": "string",
      "isAccommodationReq": "string",
      "accommodationValue": "string",
      "totalDays": "number",
      "localBusTrvl": "string",
      "localTraining": "string",
      "totalAmount": "string",
      "tripLength": "string",
      "tripLengthValue": "string",
      "mobileNum": "string",
      "requester": "string",
      "approvedBy": "string",
      "processId": "number",
      "approvalLevel": "string",
      "currentStatus": "string",
      "currentStatusValue": "string",
      "attribute1": "string",
      "attribute2": "string",
      "attribute3": "string",
      "attribute4": "string",
      "attribute5": "string",
      "attribute6": "string",
      "attribute7": "string",
      "attribute8": "string",
      "attribute9": "string",
      "attribute10": "string"

    },
        "XXYASOverSeasTravelType": {
            "accommodationValue": "string",
            "accomProvidedBy": "string",
            "acttualDays": "string",
            "additionalDays": "string",
            "approvalComments": "string",
            "approvalLevel": "string",
            "approvedBy": "string",
            "assignmentId": "string",
            "attribute1": "string",
            "attribute10": "string",
            "attribute2": "string",
            "attribute3": "string",
            "attribute4": "string",
            "attribute5": "string",
            "attribute6": "string",
            "attribute7": "string",
            "attribute8": "string",
            "attribute9": "string",
            "birthDate": "string",
            "businessUnit": "string",
            "chargeAcct": "string",
            "chargeAcctId": "string",
            "createdBy": "string",
      "creationDate": "string",
      "currencyCode": "string",
            "currentStatus": "string",
            "currentStatusValue": "string",
            "daysWithTrvl": "string",
            "departureDate": "string",
            "expendiureOrg": "string",
            "fullName": "string",
            "gradeId": "string",
            "gradeName": "string",
            "groupLeader": "string",
            "groupLeaderNo": "string",
            "hireDate": "string",
            "homeTownAirname": "string",
            "justification": "string",
      "lastUpdateDate": "string",
      "legalEntityId": "string",
            "legalEntityName": "string",
            "mobileNum": "string",
            "mode": "string",
            "nationality": "string",
            "officialEventEndDate": "string",
            "officialEventStartDate": "string",
            "organization": "string",
            "organizationId": "string",
            "overBusTrvlId": "string",
            "overBusTrvlNo": "string",
            "passExpirationDate": "string",
            "passportExpDate": "string",
            "passportNum": "string",
            "passportNumber": "string",
            "perdiemValue": "string",
            "personId": "string",
            "personNumber": "string",
            "processId": "string",
            "projectAndTask": "string",
            "remarks": "string",
            "requestedBy": "string",
            "requester": "string",
            "returnDate": "string",
            "salaryBasis": "string",
            "salaryBasisId": "string",
            "ticketAmount": "string",
            "ticketClass": "string",
            "ticketDueDate": "string",
            "ticketEligibility": "string",
            "ticketType": "string",
            "toDestination": "string",
            "toDestinationValue": "string",
            "totalAmount": "string",
            "trainingName": "string",
            "trainingType": "string",
            "trainingTypeValue": "string",
            "travel": "string",
            "travelHours": "string",
            "travelType": "string",
            "travelTypeValue": "string",
            "userId": "string",
            "userName": "string"

        },
    "XXYASAirTicketReq": {
        "airTicketReqId": "string",
        "airTicketReqNo": "string",
      "approvalComments": "string",
      "approvalLevel": "string",
        "approvedBy": "string",
        "attribute1": "string",
        "attribute10": "string",
        "attribute2": "string",
        "attribute3": "string",
        "attribute4": "string",
        "attribute5": "string",
        "attribute6": "string",
        "attribute7": "string",
        "attribute8": "string",
        "attribute9": "string",
        "birthDate": "string",
        "businessUnit": "string",
      "createdBy": "string",
      "creationDate": "string",
      "currentStatus": "string",
        "currentStatusValue": "string",
        "dueDate": "string",
        "employeeTicketAmount": "number",
        "fullName": "string",
        "gradeName": "string",
        "hireDate": "string",
      "homeTownAirname": "string",
      "justification": "string",
      "lastUpdateDate": "string",
      "legalEntityId": "string",
        "legalEntityName": "string",
        "mode": "string",
        "nationality": "string",
        "organization": "string",
        "organizationId": "string",
      "passExpirationDate": "string",
      "passportNumber": "string",
      "personId": "string",
        "personNumber": "string",
        "processId": "string",
        "reason": "string",
        "remarks": "string",
        "requestedBy": "string",
        "requester": "string",
      "salaryBasis": "string",
      "ticketClass": "string",
      "ticketDueDate": "string",
      "ticketEligibility": "string",
      "ticketType": "string",
      "userId": "string",
        "userName": "string"

      },
    "XXYASAnnualPassageReq": {
      "annualPassageHId": "string",
      "annualPassageHNo": "string",
      "approvalComments": "string",
      "approvalLevel": "string",
      "approvedBy": "string",
      "attribute1": "string",
      "attribute10": "string",
      "attribute2": "string",
      "attribute3": "string",
      "attribute4": "string",
      "attribute5": "string",
      "attribute6": "string",
      "attribute7": "string",
      "attribute8": "string",
      "attribute9": "string",
      "birthDate": "string",
      "businessUnit": "string",
      "createdBy": "string",
      "creationDate": "string",
      "currentStatus": "string",
      "currentStatusValue": "string",
      "empDepartureDate": "string",
      "empReturnDate": "string",
      "empTicketAmount": "number",
      "familyDepartureDate": "string",
      "familyReturnDate": "string",
      "fullName": "string",
      "gradeId": "string",
      "gradeName": "string",
      "gradeRateValue": "string",
      "hireDate": "string",
      "homeTownAirname": "string",
      "lastUpdateDate": "string",
      "legalEntityId": "string",
      "legalEntityName": "string",
      "mode": "string",
      "nationality": "string",
      "organization": "string",
      "organizationId": "string",
      "originContactNum": "string",
      "passExpirationDate": "string",
      "passportNumber": "string",
      "personId": "string",
      "personNumber": "string",
      "processId": "string",
      "remarks": "string",
      "requestedBy": "string",
      "requester": "string",
      "respType": "string",
      "salaryBasis": "string",
      "ticketClass": "string",
      "ticketDueDate": "string",
      "ticketEligibility": "string",
      "ticketType": "string",
      "userId": "string",
      "userName": "string"

    }
  },
  "variables": {
    "XXYASLegalEntityADP": {
      "type": "vb/ArrayDataProvider2",
      "defaultValue": {
        "itemType": "application:XXYASLegalEntityType",
        "keyAttributes": "legalEntityName"
      }
    }
  },
  "eventListeners": {
    "vbEnter": {
      "chains": [
        {
          "chainId": "initLOVs",
          "parameters": {}
        }
      ]
    }
  }
}