{
  "id": "annual-passage",
  "description": "Flow main",
  "defaultPage": "annual-passage-search",
  "chains": {},
  "services": {},
  "types": {
    "@decorators.TaskCollection": {
      "endpoint": "getTaskCollection",
      "service": "oracle.vb.internal.service.integration.process",
      "path": "response"
    },
    "@decorators.TaskComplete": {
      "endpoint": "createTasksIdComplete",
      "service": "opa_pcs",
      "path": "request"
    },
    "annualPassageDML": {
      "mode": "string",
      "annualPassageHId": "string",
      "annualPassageHNo": "string",
      "requestedBy": "string",
      "personId": "string",
      "personNumber": "string",
      "fullName": "string",
      "birthDate": "string",
      "nationality": "string",
      "businessUnit": "string",
      "legalEntityId": "string",
      "legalEntityName": "string",
      "organizationId": "string",
      "organization": "string",
      "ticketSupplier": "string",
      "userName": "string",
      "userId": "string",
      "hireDate": "string",
      "passportNumber": "string",
      "passExpirationDate": "string",
      "ticketEligibility": "string",
      "ticketType": "string",
      "ticketClass": "string",
      "ticketDueDate": "string",
      "homeTownAirname": "string",
      "salaryBasis": "string",
      "gradeName": "string",
      "empTicketAmount": "string",
      "empDepartureDate": "string",
      "familyDepartureDate": "string",
      "empReturnDate": "string",
      "familyReturnDate": "string",
      "originContactNum": "string",
      "requester": "string",
      "approvedBy": "string",
      "processId": "string",
      "approvalLevel": "string",
      "currentStatus": "string",
      "currentStatusValue": "string",
      "approvalComments": "string",
      "remarks": "string",
      "attribute1": "string",
      "attribute2": "string",
      "attribute3": "string",
      "attribute4": "string",
      "attribute5": "string",
      "attribute6": "string",
      "attribute7": "string",
      "attribute8": "string",
      "attribute9": "string",
      "attribute10": "string",
      "requesterRole": "string",
      "annualPassageLines": [
        {
          "mode": "string",
          "annualPassageLId": "string",
          "annualPassageHId": "string",
          "contactPersonId": "string",
          "concatRelationship": "string",
          "contactName": "string",
          "contactDob": "string",
          "passportNumber": "string",
          "passExpirationDate": "string",
          "contactTicketAmount": "string",
          "attribute1": "string",
          "attribute2": "string",
          "attribute3": "string",
          "attribute4": "string",
          "attribute5": "string",
          "attribute6": "string",
          "attribute7": "string",
          "attribute8": "string",
          "attribute9": "string",
          "attribute10": "string"
        }
      ]
    },
    "AnnualPassageRequest": {
      "annualPassageHId": "string",
      "annualPassageHNo": "string",
      "approvalComments": "string",
      "approvalLevel": "string",
      "approvedBy": "string",
      "attribute1": "string",
      "attribute10": "string",
      "attribute2": "string",
      "attribute3": "string",
      "attribute4": "string",
      "attribute5": "string",
      "attribute6": "string",
      "attribute7": "string",
      "attribute8": "string",
      "attribute9": "string",
      "birthDate": "string",
      "businessUnit": "string",
      "createdBy": "string",
      "currentStatus": "string",
      "currentStatusValue": "string",
      "empDepartureDate": "string",
      "empReturnDate": "string",
      "empTicketAmount": "number",
      "familyDepartureDate": "string",
      "familyReturnDate": "string",
      "fullName": "string",
      "gradeId": "string",
      "gradeName": "string",
      "gradeRateValue": "string",
      "hireDate": "string",
      "homeTownAirname": "string",
      "legalEntityId": "string",
      "legalEntityName": "string",
      "mode": "string",
      "nationality": "string",
      "organization": "string",
      "organizationId": "string",
      "originContactNum": "string",
      "passExpirationDate": "string",
      "passportNumber": "string",
      "personId": "string",
      "personNumber": "string",
      "processId": "string",
      "remarks": "string",
      "requestedBy": "string",
      "requester": "string",
      "respType": "string",
      "salaryBasis": "string",
      "ticketClass": "string",
      "ticketDueDate": "string",
      "ticketEligibility": "string",
      "ticketSupplier": "string",
      "ticketType": "string",
      "userId": "string",
      "userName": "string"
    },
    "TaskCollection": {
      "count": "number",
      "hasMore": "boolean",
      "items": [
        {
          "actions": [
            {
              "actionId": "string",
              "id": "string",
              "label": "string",
              "taskId": "string",
              "type": "string"
            }
          ],
          "summary": "string",
          "rootInstanceId": "any",
          "assignedDate": "string",
          "creationDate": "string",
          "creationUser": "string",
          "deployedProcess": {
            "aliases": "string[]",
            "id": "string",
            "label": "string"
          },
          "description": "string",
          "id": "string",
          "label": "string",
          "priority": "number",
          "processInstance": {
            "id": "string",
            "label": "string"
          },
          "state": "string",
          "TaskCollection": {
            "field1": "string"
          },
          "availableActions": {
            "custom": [
              {
                "actionid": "string",
                "title": "string"
              }
            ]
          },
          "taskDefinitionKey": "string",
          "title": "string"
        }
      ],
      "limit": "number",
      "links": [
        {
          "href": "string",
          "rel": "string"
        }
      ],
      "offset": "number",
      "totalResults": "number",
      "TaskCollection": {
        "field1": "string"
      }
    },
    "TaskComplete": {
      "comment": "string",
      "outcome": "string"
    },
    "XXYASAnnualPassageLine": {
      "annualPassageHId": "string",
      "annualPassageLId": "number",
      "attribute1": "string",
      "attribute10": "string",
      "attribute2": "string",
      "attribute3": "string",
      "attribute4": "string",
      "attribute5": "string",
      "attribute6": "string",
      "attribute7": "string",
      "attribute8": "string",
      "attribute9": "string",
      "concatRelationship": "string",
      "contactDob": "string",
      "contactName": "string",
      "contactPersonId": "string",
      "contactTicketAmount": "number",
      "mode": "string",
      "passExpirationDate": "string",
      "passportNumber": "string",
      "remarks": "string"
    }
  },
  "variables": {
    "AORTypes": {
      "type": "application:XXYASAORRespType[]"
    },
    "xxyasApprovalStatusADP": {
      "type": "vb/ArrayDataProvider2",
      "defaultValue": {
        "itemType": "application:XXYASLOOKUP",
        "keyAttributes": "lookupCode"
      }
    },
    "xxyasTicket_supplierADP": {
      "type": "vb/ArrayDataProvider2",
      "defaultValue": {
        "itemType": "application:XXYASLOOKUP",
        "keyAttributes": "lookupCode"
      }
    },
    "xxyasUser": {
      "type": "application:XXYASUser"
    }
  },
  "eventListeners": {
    "vbEnter": {
      "chains": [
        {
          "chainId": "initCommonLOVsAction",
          "parameters": {}
        }
      ]
    }
  }
}