{
  "schemaVersion": "1.0",
  "name": "XXYASLoclBunsTrvlProcess",
  "registeredProcess": {
    "id": "oracleinternalpcs~XXYASLoclBunsTrvlApplication!1.0~XXYASLoclBunsTrvlProcess",
    "project": "XXYASLoclBunsTrvlApplication",
    "projectVersion": "1.0",
    "useDefaultVersion": true,
    "processName": "XXYASLoclBunsTrvlProcess",
    "isPlayerInstance": false,
    "interfaces": [
      {
        "id": "startLocalBusinessTravelPCS",
        "label": "Receive Message",
        "typeDefinitions": {
          "http://bpm.oracle.com/JsonBusinessObjects/BusinessData/XXYASLocalBusinessTravelPayload|XXYASLocalBusinessTravelPayload": {
            "id": "XXYASLoclBunsTrvlApplication@..@http://bpm.oracle.com/JsonBusinessObjects/BusinessData/XXYASLocalBusinessTravelPayload|XXYASLocalBusinessTravelPayload",
            "label": "XXYASLocalBusinessTravelPayload",
            "type": "object",
            "properties": {
              "accommodationValue": {
                "type": "string"
              },
              "businessUnit": {
                "type": "string"
              },
              "localBusTrvl": {
                "type": "string"
              },
              "endDate": {
                "type": "string"
              },
              "salaryBasis": {
                "type": "string"
              },
              "approvedBy": {
                "type": "string"
              },
              "mode": {
                "type": "string"
              },
              "organizationId": {
                "type": "string"
              },
              "travelTypeValue": {
                "type": "string"
              },
              "legalEntityId": {
                "type": "string"
              },
              "ticketEligibility": {
                "type": "string"
              },
              "currentStatusValue": {
                "type": "string"
              },
              "passportNumber": {
                "type": "string"
              },
              "requester": {
                "type": "string"
              },
              "tripLength": {
                "type": "string"
              },
              "attribute9": {
                "type": "string"
              },
              "attribute8": {
                "type": "string"
              },
              "totalAmount": {
                "type": "number"
              },
              "mobileNum": {
                "type": "string"
              },
              "ticketClass": {
                "type": "string"
              },
              "attribute5": {
                "type": "string"
              },
              "nationality": {
                "type": "string"
              },
              "totalDays": {
                "type": "string"
              },
              "attribute4": {
                "type": "string"
              },
              "attribute7": {
                "type": "string"
              },
              "attribute6": {
                "type": "string"
              },
              "attribute1": {
                "type": "string"
              },
              "homeTownAirname": {
                "type": "string"
              },
              "attribute3": {
                "type": "string"
              },
              "personId": {
                "type": "string"
              },
              "attribute2": {
                "type": "string"
              },
              "attribute10": {
                "type": "string"
              },
              "localTraining": {
                "type": "string"
              },
              "startDate": {
                "type": "string"
              },
              "trainingType": {
                "type": "string"
              },
              "destination": {
                "type": "string"
              },
              "loclBusTrvlId": {
                "type": "string"
              },
              "personNumber": {
                "type": "string"
              },
              "travelType": {
                "type": "string"
              },
              "processId": {
                "type": "string"
              },
              "legalEntityName": {
                "type": "string"
              },
              "justification": {
                "type": "string"
              },
              "passExpirationDate": {
                "type": "string"
              },
              "loclBusTrvlNo": {
                "type": "string"
              },
              "gradeName": {
                "type": "string"
              },
              "hireDate": {
                "type": "string"
              },
              "isAccommodationReq": {
                "type": "string"
              },
              "currentStatus": {
                "type": "string"
              },
              "fullName": {
                "type": "string"
              },
              "ticketType": {
                "type": "string"
              },
              "userName": {
                "type": "string"
              },
              "birthDate": {
                "type": "string"
              },
              "userId": {
                "type": "string"
              },
              "travelValue": {
                "type": "string"
              },
              "requestedBy": {
                "type": "string"
              },
              "ticketDueDate": {
                "type": "string"
              },
              "trainingName": {
                "type": "string"
              },
              "organization": {
                "type": "string"
              },
              "approvalLevel": {
                "type": "string"
              },
              "travel": {
                "type": "string"
              },
              "remarks": {
                "type": "string"
              },
              "trainingTypeValue": {
                "type": "string"
              },
              "tripLengthValue": {
                "type": "string"
              }
            }
          }
        },
        "parameters": {
          "localBusinessTravelEncashmentRequest": {
            "type": "http://bpm.oracle.com/JsonBusinessObjects/BusinessData/XXYASLocalBusinessTravelPayload|XXYASLocalBusinessTravelPayload"
          }
        }
      }
    ]
  }
}