{
    "XXYASLegalEntities": [
        {
            "legalEntityId": "300000003018988",
            "legalEntityName": "ITQAN ALKHALEEJ COMPUTERS LLC"
        },
        {
            "legalEntityId": "300000003222418",
            "legalEntityName": "MARAIE ALKHALEEJ LIVESTOCK LLC"
        },
        {
            "legalEntityId": "300000003223394",
            "legalEntityName": "NEBRAS EDUCATION HOLDING L.L.C."
        },
        {
            "legalEntityId": "300000003224643",
            "legalEntityName": "RESTONAS CATERING EQUIPMENT TRADING (BR OF AMTC FOODSERVICE EQUIPMENT L.L.C)"
        },
        {
            "legalEntityId": "300000003223705",
            "legalEntityName": "Knowledge Point Educational Consultants"
        },
        {
            "legalEntityId": "300000003412170",
            "legalEntityName": "UNITED TECHNOLOGIES GENERAL TRADING L.L.C."
        },
        {
            "legalEntityId": "300000026510855",
            "legalEntityName": "Global Medical Supplychain LLC"
        },
        {
            "legalEntityId": "300000003018855",
            "legalEntityName": "EON Reality LLC"
        },
        {
            "legalEntityId": "300000003412007",
            "legalEntityName": "ITWORX Edu LLC FZ"
        },
        {
            "legalEntityId": "300000003222080",
            "legalEntityName": "Advanced Research Establishment"
        },
        {
            "legalEntityId": "300000003223375",
            "legalEntityName": "MEZNA HOTEL MANAGEMENT L.L.C"
        },
        {
            "legalEntityId": "300000003222156",
            "legalEntityName": "Canopus General Contracting LLC (formerly known as Z General Contracting LLC)"
        },
        {
            "legalEntityId": "300000003223432",
            "legalEntityName": "SECOND STEP SOFTWARE DEVELOPMENT LIMITED - SOLE PROPRIETORSHIP L.L.C."
        },
        {
            "legalEntityId": "300000003412265",
            "legalEntityName": "Z Care Technologies LLC"
        },
        {
            "legalEntityId": "300000003224662",
            "legalEntityName": "Emirates Advanced Research Technologies Holding"
        },
        {
            "legalEntityId": "300000003222099",
            "legalEntityName": "Al Shaheen Adventure"
        },
        {
            "legalEntityId": "300000003222232",
            "legalEntityName": "Elite Agro LLC"
        },
        {
            "legalEntityId": "300000003018817",
            "legalEntityName": "ELITE AGRICULTURE MANAGEMENT L.L.C."
        },
        {
            "legalEntityId": "300000003223254",
            "legalEntityName": "Emirates Advanced Auditing and Accounting LLC"
        },
        {
            "legalEntityId": "300000003222600",
            "legalEntityName": "WALNUT GROVE RESTAURANT L.L.C (BRANCH)"
        },
        {
            "legalEntityId": "300000003222061",
            "legalEntityName": "AL MAYAR TR.CO. L L C"
        },
        {
            "legalEntityId": "300000003412246",
            "legalEntityName": "YAS Digital Media FZ LLC"
        },
        {
            "legalEntityId": "300000003018722",
            "legalEntityName": "Advanced Technology Consultancy LLC"
        },
        {
            "legalEntityId": "300000003018798",
            "legalEntityName": "Canopus Trading LLC"
        },
        {
            "legalEntityId": "300000003222399",
            "legalEntityName": "ITQAN Global for Cloud and Digital Computing Systems Digital OKTA LLC"
        },
        {
            "legalEntityId": "300000003018760",
            "legalEntityName": "BEDAYA GENERAL TRADING LLC"
        },
        {
            "legalEntityId": "300000003222505",
            "legalEntityName": "AMTC INDUSTRIES L.L.C (Formerly known as STEELUX INDUSTRIES LLC)"
        },
        {
            "legalEntityId": "300000003223724",
            "legalEntityName": "AAFAQ AL MAARIFA EDU TECH SOLUTIONS CO - OWNED BY OWNER - SOLE PROPRIETORSHIP L.L.C"
        },
        {
            "legalEntityId": "300000003222716",
            "legalEntityName": "MAWASIM HYPERMARKET L.L.C"
        },
        {
            "legalEntityId": "300000030808180",
            "legalEntityName": "ELITE GLOBAL FRESH TRADING L.L.C-DUBAI BRANCH"
        },
        {
            "legalEntityId": "300000003018703",
            "legalEntityName": "AMTC FOODSERVICE EQUIPMENT L.L.C"
        },
        {
            "legalEntityId": "300000003018912",
            "legalEntityName": "Emirates Advanced Investments Group"
        },
        {
            "legalEntityId": "300000003018969",
            "legalEntityName": "IBTIKAR EDU TECH SOULUTIONS CO OWNED BY SELBAR HOLDING GROUP ONE PERSON COMPANY LLC"
        },
        {
            "legalEntityId": "300000003222213",
            "legalEntityName": "ELITE SKY GENERAL TRADING L.L.C"
        },
        {
            "legalEntityId": "300000003222251",
            "legalEntityName": "Elite Design & Engineering Consultancy - LLC"
        },
        {
            "legalEntityId": "300000003222361",
            "legalEntityName": "Global Human Resources LLC"
        },
        {
            "legalEntityId": "300000003018684",
            "legalEntityName": "AL MAYAR INVESTMENT L.L.C"
        },
        {
            "legalEntityId": "300000003224409",
            "legalEntityName": "Professional Legal Consultants LLC"
        },
        {
            "legalEntityId": "300000003224371",
            "legalEntityName": "Marmum Dairy Farm LLC"
        },
        {
            "legalEntityId": "300000003222581",
            "legalEntityName": "United Technology Holding LLC"
        },
        {
            "legalEntityId": "300000003222638",
            "legalEntityName": "Yas Holding LLC"
        },
        {
            "legalEntityId": "300000003222137",
            "legalEntityName": "BERKAN STEAKHOUSE RESTAURANT L.L.C"
        },
        {
            "legalEntityId": "300000003412322",
            "legalEntityName": "Global Air Navigation Services LLC (Formerly known as GALANS)"
        },
        {
            "legalEntityId": "300000003412208",
            "legalEntityName": "WALNUT GROVE RESTAURANT L.L.C"
        },
        {
            "legalEntityId": "300000003412227",
            "legalEntityName": "WEATHERHAVEN MIDDLE EAST MANUFACTURING L.L.C"
        },
        {
            "legalEntityId": "300000033392927",
            "legalEntityName": "GULF INJECT LLC"
        },
        {
            "legalEntityId": "300000003018950",
            "legalEntityName": "GLOBAL SHARED SERVICES HOLDING L.L.C."
        },
        {
            "legalEntityId": "300000003018836",
            "legalEntityName": "ELITE INTERNATIONAL CENTER RENT A CAR L.L.C."
        },
        {
            "legalEntityId": "300000003018874",
            "legalEntityName": "Elite Agro Projects LLC"
        },
        {
            "legalEntityId": "300000003222380",
            "legalEntityName": "INALCA Emirates Trading LLC"
        },
        {
            "legalEntityId": "300000003222524",
            "legalEntityName": "Technology Expertise LLC"
        },
        {
            "legalEntityId": "300000003222175",
            "legalEntityName": "DELIVERY POINT BUSINESSMEN SERVICES L.L.C"
        },
        {
            "legalEntityId": "300000003223413",
            "legalEntityName": "PANAMA SHIPPING L.L.C"
        },
        {
            "legalEntityId": "300000003412132",
            "legalEntityName": "Second Step Software Development Limited LLC"
        },
        {
            "legalEntityId": "300000003222697",
            "legalEntityName": "Global Medical Solutions"
        },
        {
            "legalEntityId": "300000003657620",
            "legalEntityName": "Progressive Technologies LLC"
        },
        {
            "legalEntityId": "300000003018741",
            "legalEntityName": "Al Shaheen Investments Trading LLC"
        },
        {
            "legalEntityId": "300000003018893",
            "legalEntityName": "Elite Global Fresh Trading Sole Proprietership LLC "
        },
        {
            "legalEntityId": "300000003412026",
            "legalEntityName": "LITTLE GROVE CAFE (Br of almayar tr.co.llc )(Dubai Branch)"
        },
        {
            "legalEntityId": "300000003222118",
            "legalEntityName": "BARAJEEL CONTRACTING HOLDING L.L.C."
        },
        {
            "legalEntityId": "300000003222194",
            "legalEntityName": "ELITE AGRO UAE L.L.C."
        },
        {
            "legalEntityId": "300000003222287",
            "legalEntityName": "Elite International Travel Center LLC"
        },
        {
            "legalEntityId": "300000003222342",
            "legalEntityName": "GLOBAL ONE HEALTHCARE HOLDING L.L.C."
        },
        {
            "legalEntityId": "300000003224390",
            "legalEntityName": "OLD Elite Design & Engineering Consultancy - LLC"
        },
        {
            "legalEntityId": "300000003222562",
            "legalEntityName": "UNITED SALES PARTNERS LLC"
        },
        {
            "legalEntityId": "300000003224428",
            "legalEntityName": "SELBAR GENERAL TRADING L.L.C"
        },
        {
            "legalEntityId": "300000003223667",
            "legalEntityName": "GOURMET VILLE CATERING SERVICES (Br of almayar tr.co.llc )(Dubai Branch)"
        },
        {
            "legalEntityId": "300000003223686",
            "legalEntityName": "Secure Communications"
        },
        {
            "legalEntityId": "300000003224681",
            "legalEntityName": "C4 Advanced Solutions"
        },
        {
            "legalEntityId": "300000003018779",
            "legalEntityName": "Bioventure FZ-LLC"
        },
        {
            "legalEntityId": "300000003018931",
            "legalEntityName": "GELTEC HEALTHCARE FZE"
        },
        {
            "legalEntityId": "300000003222041",
            "legalEntityName": "AGRO LLC"
        },
        {
            "legalEntityId": "300000003222323",
            "legalEntityName": "GLOBAL ADVANCED AERO SOLUTIONS L.L.C."
        },
        {
            "legalEntityId": "300000003222543",
            "legalEntityName": "The Farmbox Foodstuff Trading LLC"
        },
        {
            "legalEntityId": "300000003222619",
            "legalEntityName": "WELLPHARMA MEDICAL SOLUTIONS L.L.C."
        },
        {
            "legalEntityId": "300000003412151",
            "legalEntityName": "Three Dimensions Physical Performance LLC"
        },
        {
            "legalEntityId": "300000003223604",
            "legalEntityName": "Z IT SOLUTIONS - OWNED BY OWNER - SOLEPROPRIETORSHIP L.L.C"
        },
        {
            "legalEntityId": "300000003412113",
            "legalEntityName": "SELBAR HOLDING GROUP L.L.C"
        },
        {
            "legalEntityId": "300000003412189",
            "legalEntityName": "UNITED TRADING AND DISTRIBUTION HOLDING L.L.C."
        }
    ]
}