{
  "id": "local-business",
  "description": "Flow main",
  "defaultPage": "local-business-search",
  "chains": {},
  "services": {},
  "types": {
    "@decorators.TaskCollection": {
      "endpoint": "getTaskCollection",
      "service": "oracle.vb.internal.service.integration.process",
      "path": "response"
    },
    "TaskCollection": {
      "count": "number",
      "hasMore": "boolean",
      "items": [
        {
          "actions": [
            {
              "actionId": "string",
              "id": "string",
              "label": "string",
              "taskId": "string",
              "type": "string"
            }
          ],
          "summary": "string",
          "rootInstanceId": "any",
          "assignedDate": "string",
          "creationDate": "string",
          "creationUser": "string",
          "deployedProcess": {
            "aliases": "string[]",
            "id": "string",
            "label": "string"
          },
          "description": "string",
          "id": "string",
          "label": "string",
          "priority": "number",
          "processInstance": {
            "id": "string",
            "label": "string"
          },
          "state": "string",
          "TaskCollection": {
            "field1": "string"
          },
          "availableActions": {
            "custom": [
              {
                "actionid": "string",
                "title": "string"
              }
            ]
          },
          "taskDefinitionKey": "string",
          "title": "string"
        }
      ],
      "limit": "number",
      "links": [
        {
          "href": "string",
          "rel": "string"
        }
      ],
      "offset": "number",
      "totalResults": "number",
      "TaskCollection": {
        "field1": "string"
      }
    },
    "TaskComplete": {
      "comment": "string",
      "outcome": "string"
    },
    "XXYASLocalBusinessTravelRequest": {
      "ameCategory": "string",
      "approvalComments": "string",
      "createdBy": "string",
      "homeLocation": "string",
      "loclBusTrvlId": "number",
      "loclBusTrvlNo": "string",
      "mode": "string",
      "requestedBy": "number",
      "personId": "number",
      "personNumber": "string",
      "fullName": "string",
      "birthDate": "string",
      "nationality": "string",
      "businessUnit": "string",
      "legalEntityId": "number",
      "legalEntityName": "string",
      "organizationId": "number",
      "organization": "string",
      "ticketSupplier": "string",
      "travel": "string",
      "travelValue": "string",
      "userName": "string",
      "userId": "number",
      "hireDate": "string",
      "passportNumber": "string",
      "passExpirationDate": "string",
      "ticketEligibility": "string",
      "ticketType": "string",
      "ticketClass": "string",
      "ticketDueDate": "string",
      "homeTownAirname": "string",
      "salaryBasis": "string",
      "gradeName": "string",
      "remarks": "string",
      "travelType": "string",
      "travelTypeValue": "string",
      "trainingName": "string",
      "trainingType": "string",
      "trainingTypeValue": "string",
      "justification": "string",
      "startDate": "string",
      "endDate": "string",
      "destination": "string",
      "isAccommodationReq": "string",
      "accommodationValue": "string",
      "totalDays": "number",
      "localBusTrvl": "string",
      "localTraining": "string",
      "totalAmount": "string",
      "tripLength": "string",
      "tripLengthValue": "string",
      "mobileNum": "string",
      "requester": "string",
      "approvedBy": "string",
      "processId": "any",
      "approvalLevel": "string",
      "currentStatus": "string",
      "currentStatusValue": "string",
      "attribute1": "string",
      "attribute2": "string",
      "attribute3": "string",
      "attribute4": "string",
      "attribute5": "string",
      "attribute6": "string",
      "attribute7": "string",
      "attribute8": "string",
      "attribute9": "string",
      "attribute10": "string",
      "workLocation": "string"
    },
    "XXYASPersonSearchCriteria": {
      "fullName": "string",
      "personNumber": "string"
    }
  },
  "variables": {
    "AORTypes": {
      "type": "application:XXYASAORRespType[]"
    },
    "xxYasAccommodationADP": {
      "type": "vb/ArrayDataProvider2",
      "defaultValue": {
        "itemType": "application:XXYASLOOKUP",
        "keyAttributes": "lookupCode"
      }
    },
    "xxYasApprovalStatusADP": {
      "type": "vb/ArrayDataProvider2",
      "defaultValue": {
        "itemType": "application:XXYASLOOKUP",
        "keyAttributes": "lookupCode"
      }
    },
    "xxyasDestinationADP": {
      "type": "vb/ArrayDataProvider2",
      "defaultValue": {
        "itemType": "application:XXYASLOOKUP",
        "keyAttributes": "lookupCode"
      }
    },
    "xxyasHomeLocationADP": {
      "type": "vb/ArrayDataProvider2",
      "defaultValue": {
        "itemType": "application:XXYASLOOKUP",
        "keyAttributes": "lookupCode"
      }
    },
    "xxyasTicketsupplierADP": {
      "type": "vb/ArrayDataProvider2",
      "defaultValue": {
        "itemType": "application:XXYASLOOKUP",
        "keyAttributes": "lookupCode"
      }
    },
    "xxYasTrainingTypeADP": {
      "type": "vb/ArrayDataProvider2",
      "defaultValue": {
        "itemType": "application:XXYASLOOKUP",
        "keyAttributes": "lookupCode"
      }
    },
    "xxYasTravelADP": {
      "type": "vb/ArrayDataProvider2",
      "defaultValue": {
        "itemType": "application:XXYASLOOKUP",
        "keyAttributes": "lookupCode"
      }
    },
    "xxYasTravelKMADP": {
      "type": "vb/ArrayDataProvider2",
      "defaultValue": {
        "itemType": "application:XXYASLOOKUP",
        "keyAttributes": "lookupCode"
      }
    },
    "xxYasTravelTypeADP": {
      "type": "vb/ArrayDataProvider2",
      "defaultValue": {
        "itemType": "application:XXYASLOOKUP",
        "keyAttributes": "lookupCode"
      }
    },
    "xxYasUser": {
      "type": "application:XXYASUser"
    },
    "xxYasWorkLocation": {
      "type": "string"
    }
  },
  "eventListeners": {
    "vbEnter": {
      "chains": [
        {
          "chainId": "initCommonLOVsAction",
          "parameters": {}
        }
      ]
    }
  }
}