{
  "root": "callFunctionOpenSpinnerDialog",
  "description": "",
  "variables": {},
  "actions": {
    "callFunctionOpenSpinnerDialog": {
      "module": "vb/action/builtin/callModuleFunctionAction",
      "parameters": {
        "module": "[[ $application.functions ]]",
        "functionName": "openSpinnerDialog"
      },
      "outcomes": {
        "success": "callChainFetchUsersData"
      }
    },
    "callChainFetchUsersData": {
      "module": "vb/action/builtin/callChainAction",
      "parameters": {
        "id": "fetchUsersData"
      },
      "outcomes": {
        "success": "callFunctionCloseSpinnerDialog"
      }
    },
    "callFunctionCloseSpinnerDialog": {
      "module": "vb/action/builtin/callModuleFunctionAction",
      "parameters": {
        "module": "[[ $application.functions ]]",
        "functionName": "closeSpinnerDialog"
      }
    }
  }
}