{
    "XXYASGradePromotionRates": [
        {
            "personId": "100000008756963",
            "grade": "10",
            "gradeRate": "20000",
            "startDate": "2021-09-12T00:00:00.000+00:00",
            "endDate": "2021-09-12T00:00:00.000+00:00"
        },
        {
            "personId": "100000008756963",
            "grade": "10",
            "gradeRate": "20000",
            "startDate": "2021-09-13T00:00:00.000+00:00",
            "endDate": "2022-01-11T00:00:00.000+00:00"
        },
        {
            "personId": "100000008756963",
            "grade": "10",
            "gradeRate": "20000",
            "startDate": "2022-01-12T00:00:00.000+00:00",
            "endDate": "2022-02-28T00:00:00.000+00:00"
        },
        {
            "personId": "100000008756963",
            "grade": "11",
            "gradeRate": "30000",
            "startDate": "2022-03-01T00:00:00.000+00:00",
            "endDate": "4712-12-31T00:00:00.000+00:00"
        }
    ]
}