{
    "limit": 20,
    "offset": 0,
    "count": 1,
    "totalResults": 1,
    "items": [
        {
            "createdDate": "2024-10-05T07:07:15.839+00:00",
            "subState": "INITIATED",
            "processName": "TaskProcess",
            "assignee": {
                "id": "77ecbe64419448eeab34a73c28ead962",
                "name": null,
                "displayName": null,
                "type": null
            },
            "state": "ASSIGNED",
            "id": "73c9991b-82e8-11ef-82f7-d2c8e3d72475",
            "title": "User task",
            "priority": 2
        }
    ]
}