{
  "schemaVersion": "1.0",
  "name": "XXYASAirTicketProcess",
  "registeredProcess": {
    "id": "oracleinternalpcs~XXYASAirTicketApplication!1.0~XXYASAirTicketProcess",
    "project": "XXYASAirTicketApplication",
    "projectVersion": "1.0",
    "useDefaultVersion": true,
    "processName": "XXYASAirTicketProcess",
    "isPlayerInstance": false,
    "interfaces": [
      {
        "id": "startAirTicketEncashmentPCS",
        "label": "Receive Message",
        "typeDefinitions": {
          "http://bpm.oracle.com/JsonBusinessObjects/BusinessData/XXYASAirTicketEncashmentPayload|airTicketLines_ARRAY_ITEM0": {
            "id": "XXYASAirTicketApplication@..@http://bpm.oracle.com/JsonBusinessObjects/BusinessData/XXYASAirTicketEncashmentPayload|airTicketLines_ARRAY_ITEM0",
            "label": "AirTicketLines_ARRAY_ITEM0",
            "type": "object",
            "properties": {
              "contactDob": {
                "type": "string"
              },
              "airTicketLineId": {
                "type": "string"
              },
              "contactName": {
                "type": "string"
              },
              "contactTicketAmount": {
                "type": "string"
              },
              "attribute9": {
                "type": "string"
              },
              "attribute8": {
                "type": "string"
              },
              "attribute5": {
                "type": "string"
              },
              "attribute4": {
                "type": "string"
              },
              "contactPersonId": {
                "type": "string"
              },
              "attribute7": {
                "type": "string"
              },
              "attribute6": {
                "type": "string"
              },
              "attribute1": {
                "type": "string"
              },
              "attribute3": {
                "type": "string"
              },
              "attribute2": {
                "type": "string"
              },
              "attribute10": {
                "type": "string"
              },
              "concatRelationship": {
                "type": "string"
              },
              "remarks": {
                "type": "string"
              },
              "airTicketReqId": {
                "type": "string"
              }
            }
          },
          "http://bpm.oracle.com/JsonBusinessObjects/BusinessData/XXYASAirTicketEncashmentPayload|XXYASAirTicketEncashmentPayload": {
            "id": "XXYASAirTicketApplication@..@http://bpm.oracle.com/JsonBusinessObjects/BusinessData/XXYASAirTicketEncashmentPayload|XXYASAirTicketEncashmentPayload",
            "label": "XXYASAirTicketEncashmentPayload",
            "type": "object",
            "properties": {
              "reason": {
                "type": "string"
              },
              "businessUnit": {
                "type": "string"
              },
              "salaryBasis": {
                "type": "string"
              },
              "dueDate": {
                "type": "string"
              },
              "approvedBy": {
                "type": "string"
              },
              "organizationId": {
                "type": "string"
              },
              "legalEntityId": {
                "type": "string"
              },
              "requesterName": {
                "type": "string"
              },
              "ticketEligibility": {
                "type": "string"
              },
              "airTicketReqId": {
                "type": "string"
              },
              "currentStatusValue": {
                "type": "string"
              },
              "passportNumber": {
                "type": "string"
              },
              "requester": {
                "type": "string"
              },
              "requesterRole": {
                "type": "string"
              },
              "requesterId": {
                "type": "number"
              },
              "attribute9": {
                "type": "string"
              },
              "attribute8": {
                "type": "string"
              },
              "ticketClass": {
                "type": "string"
              },
              "attribute5": {
                "type": "string"
              },
              "nationality": {
                "type": "string"
              },
              "airTicketReqNo": {
                "type": "string"
              },
              "attribute4": {
                "type": "string"
              },
              "attribute7": {
                "type": "string"
              },
              "attribute6": {
                "type": "string"
              },
              "attribute1": {
                "type": "string"
              },
              "homeTownAirname": {
                "type": "string"
              },
              "attribute3": {
                "type": "string"
              },
              "personId": {
                "type": "string"
              },
              "attribute2": {
                "type": "string"
              },
              "employeeTicketAmount": {
                "type": "string"
              },
              "attribute10": {
                "type": "string"
              },
              "personNumber": {
                "type": "string"
              },
              "processId": {
                "type": "string"
              },
              "legalEntityName": {
                "type": "string"
              },
              "justification": {
                "type": "string"
              },
              "passExpirationDate": {
                "type": "string"
              },
              "airTicketLines": {
                "type": "http://bpm.oracle.com/JsonBusinessObjects/BusinessData/XXYASAirTicketEncashmentPayload|airTicketLines_ARRAY_ITEM0",
                "multivalued": true
              },
              "gradeName": {
                "type": "string"
              },
              "hireDate": {
                "type": "string"
              },
              "requesterUserName": {
                "type": "string"
              },
              "currentStatus": {
                "type": "string"
              },
              "fullName": {
                "type": "string"
              },
              "ticketType": {
                "type": "string"
              },
              "userName": {
                "type": "string"
              },
              "birthDate": {
                "type": "string"
              },
              "userId": {
                "type": "string"
              },
              "requestedBy": {
                "type": "string"
              },
              "ticketDueDate": {
                "type": "string"
              },
              "organization": {
                "type": "string"
              },
              "approvalLevel": {
                "type": "string"
              },
              "remarks": {
                "type": "string"
              }
            }
          }
        },
        "parameters": {
          "airTicketEncashmentRequest": {
            "type": "http://bpm.oracle.com/JsonBusinessObjects/BusinessData/XXYASAirTicketEncashmentPayload|XXYASAirTicketEncashmentPayload"
          }
        }
      }
    ]
  }
}