{
  "description": "",
  "root": "callChainViewApprovalHistoryActionChain",
  "actions": {
    "callChainViewApprovalHistoryActionChain": {
      "module": "vb/action/builtin/callChainAction",
      "parameters": {
        "id": "ViewApprovalHistoryActionChain",
        "params": {
          "processId": "{{ $variables.current.row.processId }}"
        }
      }
    }
  },
  "variables": {
    "key": {
      "required": true,
      "type": "any",
      "input": "fromCaller"
    },
    "index": {
      "required": true,
      "type": "number",
      "input": "fromCaller"
    },
    "current": {
      "required": true,
      "type": "any",
      "input": "fromCaller"
    }
  }
}