{
  "description": "",
  "root": "navigateToAnnualPassageRequest",
  "actions": {
    "navigateToAnnualPassageRequest": {
      "module": "vb/action/builtin/navigateAction",
      "parameters": {
        "page": "annual-passage-request",
        "params": {
          "requestType": "EDIT",
          "processId": "{{ $variables.current.row.processId }}",
          "annualPassageReqId": "{{ $variables.current.row.annualPassageHId }}"
        }
      }
    }
  },
  "variables": {
    "key": {
      "required": true,
      "type": "any",
      "input": "fromCaller"
    },
    "index": {
      "required": true,
      "type": "number",
      "input": "fromCaller"
    },
    "current": {
      "required": true,
      "type": "any",
      "input": "fromCaller"
    }
  }
}