{
  "description": "",
  "root": "callFunctionExportToExcel",
  "actions": {
    "callFunctionExportToExcel": {
      "module": "vb/action/builtin/callModuleFunctionAction",
      "parameters": {
        "module": "[[ $application.functions ]]",
        "functionName": "exportToExcel",
        "params": [
          [
            "Request#",
            "Person Number",
            "Employee Name",
            "Nationality",
            "legal Entity Name",
            "Hire Date",
            "Passport Number",
            "Expiration Date",
            "Ticket Eligibility",
            "Ticket Type",
            "Ticket Class",
            "Ticket Due Date",
            "Home Town Airname",
            "Salary Basis",
            "Grade",
            "Emp Ticket Amount",
            "Emp Departure Date",
            "Family Departure Date",
            "Emp Return Date",
            "Family Return Date",
            "Origin Contact Num",
            "Status",
            "Approval Level"
          ],
          [
            "annualPassageHNo",
            "personNumber",
            "fullName",
            "nationality",
            "legalEntityName",
            "hireDate",
            "passportNumber",
            "passExpirationDate",
            "ticketEligibility",
            "ticketType",
            "ticketClass",
            "ticketDueDate",
            "homeTownAirname",
            "salaryBasis",
            "gradeName",
            "empTicketAmount",
            "empDepartureDate",
            "familyDepartureDate",
            "empReturnDate",
            "familyReturnDate",
            "originContactNum",
            "currentStatusValue",
            "approvalLevel"
          ],
          "{{ $page.variables.xxyasAnnualPassageReqADP.data }}",
          "Annual_Passage"
        ]
      }
    }
  },
  "variables": {}
}