{
  "description": "",
  "root": "ifXxyasUser3",
  "actions": {
    "navigateToAnnualPassageRequest": {
      "module": "vb/action/builtin/navigateAction",
      "parameters": {
        "page": "annual-passage-request",
        "params": {
          "requestType": "CREATE"
        }
      }
    },
    "fireNotification": {
      "module": "vb/action/builtin/fireNotificationEventAction",
      "parameters": {
        "target": "leaf",
        "summary": "Error",
        "message": "You are not allowed to use this Self-Service. Please Contact the Administrator.",
        "displayMode": "transient"
      }
    },
    "ifXxyasUser": {
      "module": "vb/action/builtin/ifAction",
      "parameters": {
        "condition": "[[ !$application.functions.isEmpty($flow.variables.xxyasUser.personId) ]]"
      },
      "outcomes": {
        "false": "fireNotification",
        "true": "navigateToAnnualPassageRequest"
      }
    },
    "fireNotification2": {
      "module": "vb/action/builtin/fireNotificationEventAction",
      "parameters": {
        "target": "leaf",
        "summary": "Error",
        "message": "'You are not eligible for Annual Passage'"
      }
    },
    "ifXxyasUser3": {
      "module": "vb/action/builtin/ifAction",
      "parameters": {
        "condition": "[[ $flow.variables.xxyasUser.probationFlag==='N' ]]"
      },
      "outcomes": {
        "true": "ifXxyasUser4",
        "false": "fireNotification4"
      }
    },
    "fireNotification4": {
      "module": "vb/action/builtin/fireNotificationEventAction",
      "parameters": {
        "target": "leaf",
        "summary": "Error",
        "message": "The employee is currently in the probation period and is not permitted to create the document."
      }
    },
    "ifXxyasUser4": {
      "module": "vb/action/builtin/ifAction",
      "parameters": {
        "condition": "[[ $flow.variables.xxyasUser.ticketAllowanceType==='TC' ]]"
      },
      "outcomes": {
        "true": "ifXxyasUser",
        "false": "fireNotification2"
      }
    }
  },
  "variables": {}
}