{
  "root": "callFunctionOpenSpinnerDialog",
  "description": "",
  "variables": {},
  "actions": {
    "callFunctionOpenSpinnerDialog": {
      "module": "vb/action/builtin/callModuleFunctionAction",
      "parameters": {
        "module": "[[ $application.functions ]]",
        "functionName": "openSpinnerDialog"
      },
      "outcomes": {
        "success": "ifAttach"
      }
    },
    "ifAttach": {
      "module": "vb/action/builtin/ifAction",
      "parameters": {
        "condition": "[[ !$application.functions.isEmpty($flow.variables.attach) ]]"
      },
      "outcomes": {
        "true": "callRestDownloadAttachments",
        "false": "callFunctionCloseSpinnerDialog"
      }
    },
    "callFunctionCloseSpinnerDialog": {
      "module": "vb/action/builtin/callModuleFunctionAction",
      "parameters": {
        "module": "[[ $application.functions ]]",
        "functionName": "closeSpinnerDialog"
      },
      "outcomes": {
        "success": "callFunctionCloseWindow"
      }
    },
    "callRestDownloadAttachments": {
      "module": "vb/action/builtin/restAction",
      "parameters": {
        "endpoint": "ics/getXXYAS_COMMON_ATTACH_DOWN1_0DownloadAttachment",
        "uriParams": {
          "attachmentId": "{{ $flow.variables.attach }}"
        },
        "responseBodyFormat": "arrayBuffer"
      },
      "outcomes": {
        "success": "parseMixedPayload"
      }
    },
    "parseMixedPayload": {
      "module": "vb/action/builtin/callModuleFunctionAction",
      "parameters": {
        "module": "[[ $application.functions ]]",
        "functionName": "parseMixedPayload",
        "params": [
          "{{ $chain.results.callRestDownloadAttachments.body }}"
        ]
      },
      "outcomes": {
        "success": "if"
      }
    },
    "if": {
      "module": "vb/action/builtin/ifAction",
      "parameters": {
        "condition": "[[ !$application.functions.isEmpty($chain.results.parseMixedPayload.attachments[0]) ]]"
      },
      "outcomes": {
        "true": "callFunctionDownload",
        "false": "callFunctionCloseSpinnerDialog"
      }
    },
    "callFunctionDownload": {
      "module": "vb/action/builtin/callModuleFunctionAction",
      "parameters": {
        "module": "[[ $application.functions ]]",
        "functionName": "download",
        "params": [
          "{{ $chain.results.parseMixedPayload.attachments[0] }}",
          "{{ $flow.variables.fileName }}"
        ]
      },
      "outcomes": {
        "success": "callFunctionCloseSpinnerDialog"
      }
    },
    "navigateBack": {
      "module": "vb/action/builtin/navigateBackAction"
    },
    "callFunctionCloseWindow": {
      "module": "vb/action/builtin/callModuleFunctionAction",
      "parameters": {
        "module": "[[ $functions ]]",
        "functionName": "closeWindow"
      },
      "outcomes": {
        "success": "navigateBack"
      }
    }
  }
}