{
  "root": "callFunctionOpenSpinnerDialog",
  "description": "",
  "variables": {},
  "actions": {
    "callFunctionOpenSpinnerDialog": {
      "module": "vb/action/builtin/callModuleFunctionAction",
      "parameters": {
        "module": "[[ $application.functions ]]",
        "functionName": "openSpinnerDialog"
      },
      "outcomes": {
        "success": "runInParallel"
      }
    },
    "runInParallel": {
      "module": "vb/action/builtin/forkAction",
      "parameters": {
        "actions": {
          "callRest": "callRestPostXXYASCOMMONLOV1GetLovData",
          "getApprovalStatusCallRest": "getApprovalStatusCallRest",
          "getCurrUserCallRest": "getCurrUserCallRest",
          "callRestGetAORTypes": "callRestGetAORTypes"
        }
      },
      "outcomes": {
        "join": "CheckEmpAORResponsipilty"
      }
    },
    "fireNotification": {
      "module": "vb/action/builtin/fireNotificationEventAction",
      "parameters": {
        "target": "leaf",
        "summary": "[[ $chain.results.getApprovalStatusCallRest.message.summary ]]",
        "type": "error",
        "displayMode": "persist"
      }
    },
    "getApprovalStatusCallRest": {
      "module": "vb/action/builtin/restAction",
      "parameters": {
        "endpoint": "ics/postXXYAS_COMMON_LOV1_0GetLovData",
        "body": {
          "XxLOVParameters": [
            {
              "parameter": "HRC_TXN_STATUS"
            }
          ]
        },
        "uriParams": {
          "lovName": "YAS_LOOKUP_LOV"
        }
      },
      "outcomes": {
        "failure": "fireNotification",
        "success": "parseApprovalStatusJSON"
      }
    },
    "callFunctionCloseSpinnerDialog": {
      "module": "vb/action/builtin/callModuleFunctionAction",
      "parameters": {
        "module": "[[ $application.functions ]]",
        "functionName": "closeSpinnerDialog"
      }
    },
    "parseApprovalStatusJSON": {
      "module": "vb/action/builtin/callModuleFunctionAction",
      "parameters": {
        "module": "[[ $application.functions ]]",
        "functionName": "parseJSON",
        "params": [
          "{{ $chain.results.getApprovalStatusCallRest.body.XxLOVResult }}"
        ]
      },
      "outcomes": {
        "success": "assignVariablesXxyasApprovalStatusADP"
      }
    },
    "fireNotification2": {
      "module": "vb/action/builtin/fireNotificationEventAction",
      "parameters": {
        "target": "leaf",
        "summary": "[[ $chain.results.getCurrUserCallRest.message.summary ]]",
        "type": "error",
        "displayMode": "persist"
      }
    },
    "getCurrUserCallRest": {
      "module": "vb/action/builtin/restAction",
      "parameters": {
        "endpoint": "ics/postXXYAS_COMMON_LOV1_0GetLovData",
        "uriParams": {
          "lovName": "YAS_PERSON_INFO"
        },
        "body": {
          "XxLOVParameters": [
            {
              "parameter": ""
            },
            {
              "parameter": ""
            },
            {
              "parameter": "[[$application.user.username]]"
            },
            {
              "parameter": ""
            }
          ]
        }
      },
      "outcomes": {
        "failure": "fireNotification2",
        "success": "parseUserJSON"
      }
    },
    "parseUserJSON": {
      "module": "vb/action/builtin/callModuleFunctionAction",
      "parameters": {
        "module": "[[ $application.functions ]]",
        "functionName": "parseJSON",
        "params": [
          "{{ $chain.results.getCurrUserCallRest.body.XxLOVResult }}"
        ]
      },
      "outcomes": {
        "success": "assignVariablesXxyasUser"
      }
    },
    "assignVariablesXxyasApprovalStatusADP": {
      "module": "vb/action/builtin/assignVariablesAction",
      "parameters": {
        "$flow.variables.xxyasApprovalStatusADP": {
          "source": {
            "data": "{{ $chain.results.parseApprovalStatusJSON }}"
          },
          "reset": "none",
          "auto": "always"
        }
      }
    },
    "assignVariablesXxyasUser": {
      "module": "vb/action/builtin/assignVariablesAction",
      "parameters": {
        "$flow.variables.xxyasUser": {
          "source": "{{ $chain.results.parseUserJSON[0] || {} }}",
          "auto": "always"
        }
      },
      "outcomes": {
        "success": "callChainCheckUserTypeGetLM"
      }
    },
    "callChainCheckUserTypeGetLM": {
      "module": "vb/action/builtin/callChainAction",
      "parameters": {
        "id": "CheckUserTypeGetLM",
        "params": {
          "p_personId": "{{ $flow.variables.xxyasUser.personId }}"
        }
      }
    },
    "fireNotification3": {
      "module": "vb/action/builtin/fireNotificationEventAction",
      "parameters": {
        "target": "leaf",
        "summary": "[[ $chain.results.callRestGetAORTypes.message.summary ]]",
        "type": "error",
        "displayMode": "persist"
      }
    },
    "callRestGetAORTypes": {
      "module": "vb/action/builtin/restAction",
      "parameters": {
        "endpoint": "ics/postXXYAS_COMMON_LOV1_0GetLovData",
        "uriParams": {
          "lovName": "YAS_AOR_TYPES"
        },
        "body": {
          "XxLOVParameters": [
            {
              "parameter": ""
            }
          ]
        }
      },
      "outcomes": {
        "failure": "fireNotification3",
        "success": "ParseAORJSON"
      }
    },
    "ParseAORJSON": {
      "module": "vb/action/builtin/callModuleFunctionAction",
      "parameters": {
        "module": "[[ $application.functions ]]",
        "functionName": "parseJSON",
        "params": [
          "{{ $chain.results.callRestGetAORTypes.body.XxLOVResult }}"
        ]
      },
      "outcomes": {
        "success": "assignVariablesAORTypes"
      }
    },
    "assignVariablesAORTypes": {
      "module": "vb/action/builtin/assignVariablesAction",
      "parameters": {
        "$flow.variables.AORTypes": {
          "source": "{{ $chain.results.ParseAORJSON }}"
        }
      }
    },
    "CheckEmpAORResponsipilty": {
      "module": "vb/action/builtin/callModuleFunctionAction",
      "parameters": {
        "module": "[[ $application.functions ]]",
        "functionName": "checkEmpAORResponsipilty",
        "params": [
          "{{ $flow.variables.xxyasUser.respType }}",
          "{{ $flow.variables.AORTypes }}"
        ]
      },
      "outcomes": {
        "success": "assignVariablesXxyasUser2"
      }
    },
    "assignVariablesXxyasUser2": {
      "module": "vb/action/builtin/assignVariablesAction",
      "parameters": {
        "$flow.variables.xxyasUser": {
          "source": {
            "aorResp": "{{ $chain.results.CheckEmpAORResponsipilty }}"
          },
          "reset": "none",
          "auto": "always"
        }
      },
      "outcomes": {
        "success": "callFunctionCloseSpinnerDialog"
      }
    },
    "fireNotification4": {
      "module": "vb/action/builtin/fireNotificationEventAction",
      "parameters": {
        "target": "leaf",
        "summary": "[[ $chain.results.callRestPostXXYASCOMMONLOV1GetLovData.message.summary ]]",
        "type": "error",
        "displayMode": "persist"
      }
    },
    "callRestPostXXYASCOMMONLOV1GetLovData": {
      "module": "vb/action/builtin/restAction",
      "parameters": {
        "endpoint": "ics/postXXYAS_COMMON_LOV1_0GetLovData",
        "uriParams": {
          "lovName": "YAS_LOOKUP_LOV"
        },
        "body": {
          "XxLOVParameters": [
            {
              "parameter": "TICKET SUPPLIER"
            }
          ]
        }
      },
      "outcomes": {
        "failure": "fireNotification4",
        "success": "callFunctionParseJSON"
      }
    },
    "callFunctionParseJSON": {
      "module": "vb/action/builtin/callModuleFunctionAction",
      "parameters": {
        "module": "[[ $application.functions ]]",
        "functionName": "parseJSON",
        "params": [
          "{{ $chain.results.callRestPostXXYASCOMMONLOV1GetLovData.body.XxLOVResult }}"
        ]
      },
      "outcomes": {
        "success": "assignVariablesXxyasTicketSupplierADP"
      }
    },
    "assignVariablesXxyasTicketSupplierADP": {
      "module": "vb/action/builtin/assignVariablesAction",
      "parameters": {
        "$flow.variables.xxyasTicket_supplierADP": {
          "source": {
            "data": "{{ $chain.results.callFunctionParseJSON }}"
          },
          "reset": "none",
          "auto": "always"
        }
      }
    }
  }
}