{
    "title": "HR Officer",
    "number": 201801,
    "id": "d902b137-0846-48e5-ae06-b213af773c04",
    "createdBy": "Mohamed Fathy",
    "fromUserDisplayName": "Mohamed Fathy",
    "fromUserName": "mohamed.mo.fathy@oracle.com",
    "priority": 3,
    "longSummary": "AIR_TICKET_ENCASHMENT~20~~187~~~~810~HR Officer~1",
    "ownerRole": "",
    "status": "ASSIGNED",
    "state": "ASSIGNED",
    "assignedDate": "2021-08-20T00:36:32.000Z",
    "createdDate": "2021-08-19T22:12:04.000Z",
    "updatedById": "mohamed.mo.fathy@oracle.com",
    "updatedByDisplayName": "Mohamed Fathy",
    "updatedDate": "2021-08-20T00:36:32.000Z",
    "hasSubTasksFlag": false,
    "routingType": "SINGLE",
    "processName": "XXYASAirTicketProcess",
    "processId": "229321",
    "processDefId": "oracleinternalpcs~XXYASAirTicketApplication!1.0~XXYASAirTicketProcess",
    "isDocsEnabledFlag": false,
    "isConversationEnabledFlag": false,
    "assignees": {
        "hasMore": false,
        "items": [
            {
                "levels": 0,
                "id": "mohamed.mo.fathy@oracle.com",
                "type": "user",
                "displayName": "Mohamed Fathy",
                "adminFlag": false
            }
        ]
    }
}