{
  "description": "",
  "root": "resetVariablesXxDeleteReq",
  "actions": {
    "resetVariablesXxDeleteReq": {
      "module": "vb/action/builtin/resetVariablesAction",
      "parameters": {
        "variables": [
          "$page.variables.xxDeleteReq"
        ]
      },
      "outcomes": {
        "success": "callComponentDialogDeleteClose"
      }
    },
    "callComponentDialogDeleteClose": {
      "module": "vb/action/builtin/callComponentMethodAction",
      "parameters": {
        "component": "{{ document.getElementById('dialog-delete') }}",
        "method": "close"
      }
    }
  },
  "variables": {}
}