{
  "description": "",
  "root": "assignVariablesXxyasAnnualPassageDML",
  "actions": {
    "assignVariablesXxyasAnnualPassageDML": {
      "module": "vb/action/builtin/assignVariablesAction",
      "parameters": {
        "$page.variables.xxyasAnnualPassageDML": {
          "source": {
              "annualPassageHId": "{{ $page.variables.xxDeleteReq.request_id }}"
            },
          "reset": "none",
          "auto": "always"

        }
      },
      "outcomes": {
        "success": "assignVariablesXxyasAnnualPassageDML3"
      }
    },
    "assignVariablesXxyasAnnualPassageDML3": {
      "module": "vb/action/builtin/assignVariablesAction",
      "parameters": {
        "$page.variables.xxyasAnnualPassageDML": {
          "source": {
            "mode": "DELETE"
          },
          "reset": "none",
          "auto": "always"
        }
      },
      "outcomes": {
        "success": "callFunctionOpenSpinnerDialog"
      }
    },
    "callFunctionOpenSpinnerDialog": {
      "module": "vb/action/builtin/callModuleFunctionAction",
      "parameters": {
        "module": "[[ $application.functions ]]",
        "functionName": "openSpinnerDialog"
      },
      "outcomes": {
        "success": "callRestAnnualPassageDML"
      }
    },
    "fireNotification": {
      "module": "vb/action/builtin/fireNotificationEventAction",
      "parameters": {
        "target": "leaf",
        "summary": "[[ $chain.results.callRestAnnualPassageDML.message.summary ]]",
        "type": "error",
        "displayMode": "persist"
      }
    },
    "callRestAnnualPassageDML": {
      "module": "vb/action/builtin/restAction",
      "parameters": {
        "endpoint": "ics/annualPassageDML",
        "body": {
          "XXYASAnnualPassage": "[[ $page.variables.xxyasAnnualPassageDML ]]"
        }
      },
      "outcomes": {
        "failure": "callFunctionCloseSpinnerDialog",
        "success": "fireDataProviderEventXxyasAnnualPassageADP"
      }
    },
    "callFunctionCloseSpinnerDialog": {
      "module": "vb/action/builtin/callModuleFunctionAction",
      "parameters": {
        "module": "[[ $application.functions ]]",
        "functionName": "closeSpinnerDialog"
      },
      "outcomes": {
        "success": "fireNotification"
      }
    },
    "callFunctionCloseSpinnerDialog2": {
      "module": "vb/action/builtin/callModuleFunctionAction",
      "parameters": {
        "module": "[[ $application.functions ]]",
        "functionName": "closeSpinnerDialog"
      }
    },
    "fireDataProviderEventXxyasAnnualPassageADP": {
      "module": "vb/action/builtin/fireDataProviderEventAction",
      "parameters": {
        "target": "[[ $page.variables.xxyasAnnualPassageADP ]]",
        "remove": {
          "indexes": [
            "{{ $page.variables.xxDeleteReq.index }}"
          ]
        }
      },
      "outcomes": {
        "success": "callFunctionCloseSpinnerDialog2"
      }
    }
  },
  "variables": {
  }
}