{
  "description": "",
  "root": "assignVariablesXxyasLoclBsnsTrvlRequest",
  "actions": {
    "assignVariablesXxyasLoclBsnsTrvlRequest": {
      "module": "vb/action/builtin/assignVariablesAction",
      "parameters": {
        "$page.variables.xxyasLoclBsnsTrvlRequest": {
          "source": {
              "loclBusTrvlId": "{{ $page.variables.xxDeleteReq.request_id }}"
            },
          "reset": "none",
          "auto": "always"

        }
      },
      "outcomes": {
        "success": "assignVariablesXxyasLoclBsnsTrvlRequest2"
      }
    },
    "assignVariablesXxyasLoclBsnsTrvlRequest2": {
      "module": "vb/action/builtin/assignVariablesAction",
      "parameters": {
        "$page.variables.xxyasLoclBsnsTrvlRequest": {
          "source": {
            "mode": "DELETE"
          },
          "reset": "none",
          "auto": "always"
        }
      },
      "outcomes": {
        "success": "callFunctionOpenSpinnerDialog"
      }
    },
    "callFunctionOpenSpinnerDialog": {
      "module": "vb/action/builtin/callModuleFunctionAction",
      "parameters": {
        "module": "[[ $application.functions ]]",
        "functionName": "openSpinnerDialog"
      },
      "outcomes": {
        "success": "callRestPostXXYAHCMEXTLOCABUSITRAVTRAI1OclBusTrvlOperations"
      }
    },
    "fireNotification": {
      "module": "vb/action/builtin/fireNotificationEventAction",
      "parameters": {
        "target": "leaf",
        "summary": "[[ $chain.results.callRestPostXXYAHCMEXTLOCABUSITRAVTRAI1OclBusTrvlOperations.message.summary ]]",
        "type": "error",
        "displayMode": "persist"
      }
    },
    "callRestPostXXYAHCMEXTLOCABUSITRAVTRAI1OclBusTrvlOperations": {
      "module": "vb/action/builtin/restAction",
      "parameters": {
        "endpoint": "ics/postXXYA_HCM_EXT_LOCA_BUSI_TRAV_TRAI1_0Ocl_bus_trvl_operations",
        "body": {
          "XXYASLoclBusTrvl": "[[$page.variables.xxyasLoclBsnsTrvlRequest]]"
        }
      },
      "outcomes": {
        "failure": "callFunctionCloseSpinnerDialog",
        "success": "callFunctionCloseSpinnerDialog2"
      }
    },
    "callFunctionCloseSpinnerDialog": {
      "module": "vb/action/builtin/callModuleFunctionAction",
      "parameters": {
        "module": "[[ $application.functions ]]",
        "functionName": "closeSpinnerDialog"
      },
      "outcomes": {
        "success": "fireNotification"
      }
    },
    "callFunctionCloseSpinnerDialog2": {
      "module": "vb/action/builtin/callModuleFunctionAction",
      "parameters": {
        "module": "[[ $application.functions ]]",
        "functionName": "closeSpinnerDialog"
      },
      "outcomes": {
        "success": "fireDataProviderEventXxyasLocalBusinessTravelADP"
      }
    },
    "fireDataProviderEventXxyasLocalBusinessTravelADP": {
      "module": "vb/action/builtin/fireDataProviderEventAction",
      "parameters": {
        "remove": {
          "indexes": [
            "{{ $page.variables.xxDeleteReq.index }}"
          ]
        },
        "target": "[[ $page.variables.xxyasLocalBusinessTravelADP ]]"
      }
    }
  },
  "variables": {
  }
}