{
  "description": "",
  "root": "resetVariablesXxDeleteReq",
  "actions": {
    "resetVariablesXxDeleteReq": {
      "module": "vb/action/builtin/resetVariablesAction",
      "parameters": {
        "variables": [
          "$page.variables.xxDeleteReq"
        ]
      },
      "outcomes": {
        "success": "assignVariables"
      }
    },
    "assignVariables": {
      "module": "vb/action/builtin/assignVariablesAction",
      "parameters": {
        "$page.variables.xxDeleteReq": {
          "source": {
            "module_name": "OVER_SEASES",
            "index": "{{ $variables.index }}",
            "request_id": "{{ $variables.current.row.overBusTrvlId }}",
            "request_no": "{{ $variables.current.row.overBusTrvlNo }}"
          },
          "reset": "none",
          "auto": "always"
        }
      },
      "outcomes": {
        "success": "callComponentDialogDeleteOpen"
      }
    },
    "callComponentDialogDeleteOpen": {
      "module": "vb/action/builtin/callComponentMethodAction",
      "parameters": {
        "component": "{{ document.getElementById('dialog-delete') }}",
        "method": "open"
      }
    }
  },
  "variables": {
    "key": {
      "required": true,
      "type": "any",
      "input": "fromCaller"
    },
    "index": {
      "required": true,
      "type": "number",
      "input": "fromCaller"
    },
    "current": {
      "required": true,
      "type": "any",
      "input": "fromCaller"
    }
  }
}