{
  "description": "",
  "root": "assignVariablesXxyasAirTicketDML",
  "actions": {
    "assignVariablesXxyasAirTicketDML": {
      "module": "vb/action/builtin/assignVariablesAction",
      "parameters": {
        "$page.variables.xxyasAirTicketDML": {
          "source": {
              "airTicketReqId": "{{ $page.variables.xxDeleteReq.request_id }}"
            },
          "reset": "none",
          "auto": "always"

        }
      },
      "outcomes": {
        "success": "assignVariablesXxyasAirTicketDML3"
      }
    },
    "assignVariablesXxyasAirTicketDML3": {
      "module": "vb/action/builtin/assignVariablesAction",
      "parameters": {
        "$page.variables.xxyasAirTicketDML": {
          "source": {
            "mode": "DELETE"
          },
          "reset": "none",
          "auto": "always"
        }
      },
      "outcomes": {
        "success": "callFunctionOpenSpinnerDialog"
      }
    },
    "callFunctionOpenSpinnerDialog": {
      "module": "vb/action/builtin/callModuleFunctionAction",
      "parameters": {
        "module": "[[ $application.functions ]]",
        "functionName": "openSpinnerDialog"
      },
      "outcomes": {
        "success": "callRestAirTicketDML"
      }
    },
    "fireNotification": {
      "module": "vb/action/builtin/fireNotificationEventAction",
      "parameters": {
        "target": "leaf",
        "summary": "[[ $chain.results.callRestAirTicketDML.message.summary ]]",
        "type": "error",
        "displayMode": "persist"
      },
      "outcomes": {
        "success": "callFunctionCloseSpinnerDialog"
      }
    },
    "callRestAirTicketDML": {
      "module": "vb/action/builtin/restAction",
      "parameters": {
        "endpoint": "ics/airTicketDML",
        "body": {
          "XXYASAirTicket": "[[ $page.variables.xxyasAirTicketDML ]]"
        }
      },
      "outcomes": {
        "failure": "fireNotification",
        "success": "fireDataProviderEventXxyasAirTicketADP"
      }
    },
    "callFunctionCloseSpinnerDialog": {
      "module": "vb/action/builtin/callModuleFunctionAction",
      "parameters": {
        "module": "[[ $application.functions ]]",
        "functionName": "closeSpinnerDialog"
      }
    },
    "callFunctionCloseSpinnerDialog2": {
      "module": "vb/action/builtin/callModuleFunctionAction",
      "parameters": {
        "module": "[[ $application.functions ]]",
        "functionName": "closeSpinnerDialog"
      }
    },
    "fireDataProviderEventXxyasAirTicketADP": {
      "module": "vb/action/builtin/fireDataProviderEventAction",
      "parameters": {
        "target": "[[ $page.variables.xxyasAirTicketADP ]]",
        "remove": {
          "indexes": [
            "{{ $page.variables.xxDeleteReq.index }}"
          ]
        }
      },
      "outcomes": {
        "success": "callFunctionCloseSpinnerDialog2"
      }
    }
  },
  "variables": {
  }
}