{
  "description": "",
  "root": "assignVariablesXxyasOverSeasRequest",
  "actions": {
    "assignVariablesXxyasOverSeasRequest": {
      "module": "vb/action/builtin/assignVariablesAction",
      "parameters": {
        "$page.variables.xxyasOverSeasRequest": {
          "source": {
              "overBusTrvlId": "{{ $page.variables.xxDeleteReq.request_id }}"
            },
          "reset": "none",
          "auto": "always"

        }
      },
      "outcomes": {
        "success": "assignVariablesXxyasOverSeasRequest3"
      }
    },
    "assignVariablesXxyasOverSeasRequest3": {
      "module": "vb/action/builtin/assignVariablesAction",
      "parameters": {
        "$page.variables.xxyasOverSeasRequest": {
          "source": {
            "mode": "DELETE"
          },
          "reset": "none",
          "auto": "always"
        }
      },
      "outcomes": {
        "success": "callFunctionOpenSpinnerDialog"
      }
    },
    "callFunctionOpenSpinnerDialog": {
      "module": "vb/action/builtin/callModuleFunctionAction",
      "parameters": {
        "module": "[[ $application.functions ]]",
        "functionName": "openSpinnerDialog"
      },
      "outcomes": {
        "success": "callRestPostXXYASHCMEXTOVERSETRAVEL1OverseasTravel"
      }
    },
    "fireNotification": {
      "module": "vb/action/builtin/fireNotificationEventAction",
      "parameters": {
        "target": "leaf",
        "summary": "[[ $chain.results.callRestPostXXYASHCMEXTOVERSETRAVEL1OverseasTravel.message.summary ]]",
        "type": "error",
        "displayMode": "persist"
      },
      "outcomes": {
        "success": "callFunctionCloseSpinnerDialog"
      }
    },
    "callRestPostXXYASHCMEXTOVERSETRAVEL1OverseasTravel": {
      "module": "vb/action/builtin/restAction",
      "parameters": {
        "endpoint": "ics/postXXYAS_HCM_EXT_OVERSE_TRAVEL1_0OverseasTravel",
        "body": {
          "xxyasoverBusTrvl": "[[$page.variables.xxyasOverSeasRequest]]"
        }
      },
      "outcomes": {
        "failure": "fireNotification",
        "success": "fireDataProviderEventXxyasOverSeasADP"
      }
    },
    "callFunctionCloseSpinnerDialog": {
      "module": "vb/action/builtin/callModuleFunctionAction",
      "parameters": {
        "module": "[[ $application.functions ]]",
        "functionName": "closeSpinnerDialog"
      }
    },
    "fireDataProviderEventXxyasOverSeasADP": {
      "module": "vb/action/builtin/fireDataProviderEventAction",
      "parameters": {
        "target": "[[ $page.variables.xxyasOverSeasADP ]]",
        "remove": {
          "indexes": [
            "{{ $page.variables.xxDeleteReq.index }}"
          ]
        }
      },
      "outcomes": {
        "success": "callFunctionCloseSpinnerDialog2"
      }
    },
    "callFunctionCloseSpinnerDialog2": {
      "module": "vb/action/builtin/callModuleFunctionAction",
      "parameters": {
        "module": "[[ $application.functions ]]",
        "functionName": "closeSpinnerDialog"
      }
    }
  },
  "variables": {
  }
}