{
  "description": "",
  "root": "switchXxyasSearchCriteria",
  "actions": {
    "switchXxyasSearchCriteria": {
      "module": "vb/action/builtin/switchAction",
      "parameters": {
        "caseValue": "[[ $page.variables.xxyasSearchCriteria.moduleKeyName ]]",
        "possibleValues": [
          "YAS_ADMIN_EA_SEARCH",
          "YAS_ADMIN_AP_SEARCH",
          "YAS_ADMIN_AT_SEARCH",
          "YAS_ADMIN_OVER_BUS_TRVL_SEARCH",
          "YAS_ADMIN_LCL_BUS_TRVL_SEARCH"
        ]
      },
      "outcomes": {
        "YAS_ADMIN_EA_SEARCH": "callFunctionExportToExcel",
        "YAS_ADMIN_AP_SEARCH": "callFunctionExportToExcel2",
        "YAS_ADMIN_AT_SEARCH": "callFunctionExportToExcel3",
        "YAS_ADMIN_OVER_BUS_TRVL_SEARCH": "callFunctionExportToExcel4",
        "YAS_ADMIN_LCL_BUS_TRVL_SEARCH": "callFunctionExportToExcel5"
      }
    },
    "callFunctionExportToExcel": {
      "module": "vb/action/builtin/callModuleFunctionAction",
      "parameters": {
        "module": "[[ $application.functions ]]",
        "functionName": "exportToExcel",
        "params": [
              [
              "Request#",
              "Person Number",
              "Employee Name",
              "Nationality",
              "Legal Entity Name",
              "Hire Date",
              "Salary Basis",
              "Grade",
              "Grade Rate",
              "Eligibility Amount",
              "Utilized Amount",
              "Balance Amount",
              "Child Name",
              "Child Dob",
              "Academic Year",
              "School",
              "Year",
              "Receipt Date",
              "Receipt#",
              "Receipt Amount",
              "Currency",
              "Status",
              "Approval Level",
              "Creation Date",
              "Last Update Date"
              ],
              [
              "chiEduReqNo",
              "personNumber",
              "fullName",
              "nationality",
              "legalEntityName",
              "hireDate",
              "salaryBasis",
              "gradeName",
              "gradeRateValue",
              "eligibilityAmount",
              "utilizedAmount",
              "balanceAmount",
              "contactName",
              "contactDob",
              "academicYear",
              "childSchool",
              "yearValue",
              "receiptDate",
              "receiptNumber",
              "receiptAmount",
              "currencyCode",
              "currentStatusValue",
              "approvalLevel",
              "creationDate",
              "lastUpdateDate"
              ],
              "{{ $page.variables.xxyasChildEducationADP.data }}",
              "Education_Allowance"
            ]
      }
    },
    "callFunctionExportToExcel2": {
      "module": "vb/action/builtin/callModuleFunctionAction",
      "parameters": {
        "module": "[[ $application.functions ]]",
        "functionName": "exportToExcel",
            "params": [
              [
              "Request#",
              "Person Number",
              "Employee Name",
              "Nationality",
              "legal Entity Name",
              "Hire Date",
              "Passport Number",
              "Expiration Date",
              "Ticket Eligibility",
              "Ticket Type",
              "Ticket Class",
              "Ticket Due Date",
              "Home Town Airname",
              "Salary Basis",
              "Grade",
              "Emp Ticket Amount",
              "Emp Departure Date",
              "Family Departure Date",
              "Emp Return Date",
              "Family Return Date",
              "Origin Contact Num",
              "Status",
              "Approval Level",
              "Creation Date",
              "Last Update Date"
			        ],
              [
              "annualPassageHNo",
              "personNumber",
              "fullName",
              "nationality",
              "legalEntityName",
              "hireDate",
              "passportNumber",
              "passExpirationDate",
              "ticketEligibility",
              "ticketType",
              "ticketClass",
              "ticketDueDate",
              "homeTownAirname",
              "salaryBasis",
              "gradeName",
              "empTicketAmount",
              "empDepartureDate",
              "familyDepartureDate",
              "empReturnDate",
              "familyReturnDate",
              "originContactNum",
              "currentStatusValue",
              "approvalLevel",
              "creationDate",
              "lastUpdateDate"
			        ],
              "{{ $page.variables.xxyasAnnualPassageADP.data }}",
              "Annual_Passage"
            ]
      }
    },
    "callFunctionExportToExcel3": {
      "module": "vb/action/builtin/callModuleFunctionAction",
      "parameters": {
        "module": "[[ $application.functions ]]",
        "functionName": "exportToExcel",
            "params": [
              [
              "Request#",
              "Person Number",
              "Employee Name",
              "Nationality",
              "legal Entity Name",
              "Hire Date",
              "Passport Number",
              "Expiration Date",
              "Ticket Eligibility",
              "Ticket Type",
              "Ticket Class",
              "Ticket Due Date",
              "Home Town Airname",
              "Salary Basis",
              "Grade",
              "Emp Ticket Amount",
              "Status",
              "Approval Level",
              "Creation Date",
              "Last Update Date"
			        ],
              [
              "airTicketReqId",
              "personNumber",
              "fullName",
              "nationality",
              "legalEntityName",
              "hireDate",
              "passportNumber",
              "passExpirationDate",
              "ticketEligibility",
              "ticketType",
              "ticketClass",
              "ticketDueDate",
              "homeTownAirname",
              "salaryBasis",
              "gradeName",
              "employeeTicketAmount",
              "currentStatusValue",
              "approvalLevel",
              "creationDate",
              "lastUpdateDate"
			        ],
              "{{ $page.variables.xxyasAirTicketADP.data }}",
              "Air_Ticket_Encashment"
            ]
      }
    },
    "callFunctionExportToExcel4": {
      "module": "vb/action/builtin/callModuleFunctionAction",
      "parameters": {
        "module": "[[ $application.functions ]]",
        "functionName": "exportToExcel",
            "params": [
              [
		    			"Request#",
              "Person Number",
              "Employee Name",
              "Nationality",
              "legal Entity Name",
              "Hire Date",
              "Passport Number",
              "Expiration Date",
			    		"Ticket Type",
              "Ticket Class",
			    		"Travel Type",
			    		"Training Name",
			    		"Training Type",
		    			"Travel",
    					"Justification",
    					"Group Leader",
    					"Group Leader No",
    					"Departure Date",
    					"Official Start Date",
    					"Official End Date",
    					"Return Date",
    					"To Destination",
    					"Travel Hours",
    					"Accommodation",
    					"Actual Days",
    					"Additional Days",
    					"Days With Travel",
    					"Perdiem Value",
    					"Total Amount",
    					"Charge Account",
    					"Project And Task",
							"Expendiure Org",
							"Ticket Amount",
              "Status",
              "Approval Level",
              "Creation Date",
              "Last Update Date"
							],
              [
			        "overBusTrvlNo",
			        "personNumber",
			        "fullName",
              "nationality",
              "legalEntityName",
              "hireDate",
              "passportNumber",
              "passExpirationDate",
			        "ticketType",
              "ticketClass",
	        		"travelTypeValue",
	        		"trainingName",
        	    "trainingTypeValue",
			        "travelValue",
			        "justification",
	        		"groupLeader",
	        		"groupLeaderNo",
	        		"departureDate",
	        		"officialEventStartDate",
	        		"officialEventEndDate",
	        		"returnDate",
	        		"toDestinationValue",
	        		"travelHours",
	        		"accommodationValue",
	        		"acttualDays",
	        		"additionalDays",
        			"daysWithTrvl",
        			"perdiemValue",
        			"totalAmount",
        			"chargeAcct",
        			"projectAndTask",
	        		"expendiureOrg",
	        		"ticketAmount",
              "currentStatusValue",
              "approvalLevel",
              "creationDate",
              "lastUpdateDate"
	        		],
              "{{ $page.variables.xxyasOverSeasADP.data }}",
              "OverSeas_Business_Trip"
            ]
      }
    },
    "callFunctionExportToExcel5": {
      "module": "vb/action/builtin/callModuleFunctionAction",
      "parameters": {
        "module": "[[ $application.functions ]]",
        "functionName": "exportToExcel",
            "params": [
              [
			"Request#",
			"Person Number",
			"Employee Name",
            "Nationality",
            "legal Entity Name",
            "Hire Date",
			"Salary Basis",
			"Grade",
			"Remarks",
			"Travel",
			"Travel Type",
			"Training Name",
			"Training Type",
			"Justification",
			"Start Date",
			"End Date",
			"Destination",
			"Accommodation",
			"Total Days",
			"Total Amount",
			"Trip Length",
			"Mobile Number",
			"Status",
      "Approval Level",
      "Creation Date",
      "Last Update Date"
			],
              [
			"loclBusTrvlNo",
			"personNumber",
			"fullName",
			"nationality",
			"legalEntityName",
			"hireDate",
			"salaryBasis",
			"gradeName",
			"remarks",
			"travelValue",
			"travelTypeValue",
			"trainingName",
			"trainingTypeValue",
			"justification",
			"startDate",
			"endDate",
			"destination",
			"accommodationValue",
			"totalDays",
			"totalAmount",
			"tripLengthValue",
			"mobileNum",
			"currentStatusValue",
      "approvalLevel",
      "creationDate",
      "lastUpdateDate"
			],
              "{{ $page.variables.xxyasLocalBusinessTravelADP.data }}",
              "Local_Business_Trip"
            ]
      }
    }
  },
  "variables": {}
}