{
  "description": "",
  "root": "switchXxyasSearchCriteria",
  "actions": {
    "switchXxyasSearchCriteria": {
      "module": "vb/action/builtin/switchAction",
      "parameters": {
        "caseValue": "[[ $page.variables.xxyasSearchCriteria.moduleKeyName ]]",
        "possibleValues": [
          "YAS_ADMIN_EA_SEARCH",
          "YAS_ADMIN_AP_SEARCH",
          "YAS_ADMIN_AT_SEARCH",
          "YAS_ADMIN_LCL_BUS_TRVL_SEARCH",
          "YAS_ADMIN_OVER_BUS_TRVL_SEARCH"
        ]
      },
      "outcomes": {
        "YAS_ADMIN_EA_SEARCH": "navigateToChildEducationRequest",
        "YAS_ADMIN_AP_SEARCH": "navigateToAnnualPassageRequest",
        "YAS_ADMIN_AT_SEARCH": "navigateToAirTicketEncashmentRequest",
        "YAS_ADMIN_LCL_BUS_TRVL_SEARCH": "navigateToLocalBusinessRequest",
        "YAS_ADMIN_OVER_BUS_TRVL_SEARCH": "navigateToOverseasBusinessRequest"
      }
    },
    "navigateToChildEducationRequest": {
      "module": "vb/action/builtin/navigateAction",
      "parameters": {
        "page": "/shell/child-education/child-education-request",
        "params": {
          "p_requestType": "REVIEW",
          "p_chiEduReqId": "{{ $variables.current.row.chiEduReqId }}"
        }
      }
    },
    "navigateToAnnualPassageRequest": {
      "module": "vb/action/builtin/navigateAction",
      "parameters": {
        "page": "/shell/annual-passage/annual-passage-request",
        "params": {
          "requestType": "REVIEW",
          "annualPassageReqId": "{{ $variables.current.row.annualPassageHId }}"
        }
      }
    },
    "navigateToAirTicketEncashmentRequest": {
      "module": "vb/action/builtin/navigateAction",
      "parameters": {
        "page": "/shell/air-ticket-encashment/air-ticket-encashment-request",
        "params": {
          "p_requestType": "REVIEW",
          "p_airTicketReqId": "{{ $variables.current.row.airTicketReqId }}"
        }
      }
    },
    "navigateToLocalBusinessRequest": {
      "module": "vb/action/builtin/navigateAction",
      "parameters": {
        "page": "/shell/local-business/local-business-request",
        "params": {
          "p_requestType": "REVIEW",
          "p_locl_bus_trvl_id": "{{ $variables.current.row.loclBusTrvlId }}"
        }
      }
    },
    "navigateToOverseasBusinessRequest": {
      "module": "vb/action/builtin/navigateAction",
      "parameters": {
        "page": "/shell/overseas-business/overseas-business-request",
        "params": {
          "p_requestType": "REVIEW",
          "p_overBusTrvlId": "{{ $variables.current.row.overBusTrvlId }}"
        }
      }
    }
  },
  "variables": {
    "key": {
      "required": true,
      "type": "any",
      "input": "fromCaller"
    },
    "index": {
      "required": true,
      "type": "number",
      "input": "fromCaller"
    },
    "current": {
      "required": true,
      "type": "any",
      "input": "fromCaller"
    }
  }
}