{
  "root": "callRestGetSearchResult",
  "description": "",
  "actions": {
    "fireNotification": {
      "module": "vb/action/builtin/fireNotificationEventAction",
      "parameters": {
        "target": "leaf",
        "summary": "[[ $chain.results.callRestGetSearchResult.message.summary ]]",
        "type": "error",
        "displayMode": "persist"
      },
      "outcomes": {
        "success": "return"
      }
    },
    "callRestGetSearchResult": {
      "module": "vb/action/builtin/restAction",
      "parameters": {
        "endpoint": "ics/postXXYAS_COMMON_LOV1_0GetLovData",
        "uriParams": {
          "lovName": "{{ $page.variables.xxyasSearchCriteria.moduleKeyName }}"
        },
        "body": {
          "XxLOVParameters": [
            {
              "parameter": "[[ $page.variables.xxyasSearchCriteria.requestNo ]]"
            },
            {
              "parameter": "[[ $page.variables.xxyasSearchCriteria.personNumber ]]"
            },
            {
              "parameter": "[[ $page.variables.xxyasSearchCriteria.fullName ]]"
            },
            {
              "parameter": "[[ $page.variables.xxyasSearchCriteria.legalEntityName ]]"
            },
            {
              "parameter": "[[ $page.variables.xxyasSearchCriteria.status ]]"
            },
            {
              "parameter": "[[ $page.variables.xxSearchOffset ]]"
            }
          ]
        }
      },
      "outcomes": {
        "failure": "fireNotification",
        "success": "ParseSearchResultJSON"
      }
    },
    "ParseSearchResultJSON": {
      "module": "vb/action/builtin/callModuleFunctionAction",
      "parameters": {
        "module": "[[ $application.functions ]]",
        "functionName": "parseJSON",
        "params": [
          "{{ $chain.results.callRestGetSearchResult.body.XxLOVResult || [] }}"
        ]
      },
      "outcomes": {
        "success": "if"
      }
    },
    "switchXxyasSearchCriteria": {
      "module": "vb/action/builtin/switchAction",
      "parameters": {
        "caseValue": "[[ $page.variables.xxyasSearchCriteria.moduleKeyName ]]",
        "possibleValues": [
          "YAS_ADMIN_EA_SEARCH",
          "YAS_ADMIN_LCL_BUS_TRVL_SEARCH",
          "YAS_ADMIN_OVER_BUS_TRVL_SEARCH",
          "YAS_ADMIN_AP_SEARCH",
          "YAS_ADMIN_AT_SEARCH"
        ]
      },
      "outcomes": {
        "YAS_ADMIN_EA_SEARCH": "fireDataProviderEventXxyasChildEducationADP",
        "YAS_ADMIN_LCL_BUS_TRVL_SEARCH": "fireDataProviderEventXxyasLocalBusinessTravelADP",
        "YAS_ADMIN_OVER_BUS_TRVL_SEARCH": "fireDataProviderEventXxyasOverSeasADP",
        "YAS_ADMIN_AP_SEARCH": "fireDataProviderEventXxyasAnnualPassageADP",
        "YAS_ADMIN_AT_SEARCH": "fireDataProviderEventXxyasAirTicketADP",
        "default": "return2"
      }
    },
    "fireDataProviderEventXxyasChildEducationADP": {
      "module": "vb/action/builtin/fireDataProviderEventAction",
      "parameters": {
        "target": "[[ $page.variables.xxyasChildEducationADP ]]",
        "add": {
          "data": "{{ $chain.results.ParseSearchResultJSON || [] }}"
        }
      },
      "outcomes": {
        "success": "return2"
      }
    },
    "fireDataProviderEventXxyasLocalBusinessTravelADP": {
      "module": "vb/action/builtin/fireDataProviderEventAction",
      "parameters": {
        "target": "[[ $page.variables.xxyasLocalBusinessTravelADP ]]",
        "add": {
          "data": "{{ $chain.results.ParseSearchResultJSON || [] }}"
        }
      },
      "outcomes": {
        "success": "return2"
      }
    },
    "fireDataProviderEventXxyasOverSeasADP": {
      "module": "vb/action/builtin/fireDataProviderEventAction",
      "parameters": {
        "target": "[[ $page.variables.xxyasOverSeasADP ]]",
        "add": {
          "data": "{{ $chain.results.ParseSearchResultJSON || [] }}"
        }
      },
      "outcomes": {
        "success": "return2"
      }
    },
    "fireDataProviderEventXxyasAnnualPassageADP": {
      "module": "vb/action/builtin/fireDataProviderEventAction",
      "parameters": {
        "target": "[[ $page.variables.xxyasAnnualPassageADP ]]",
        "add": {
          "data": "{{ $chain.results.ParseSearchResultJSON || [] }}"
        }
      },
      "outcomes": {
        "success": "return2"
      }
    },
    "fireDataProviderEventXxyasAirTicketADP": {
      "module": "vb/action/builtin/fireDataProviderEventAction",
      "parameters": {
        "target": "[[ $page.variables.xxyasAirTicketADP ]]",
        "add": {
          "data": "{{ $chain.results.ParseSearchResultJSON || [] }}"
        }
      },
      "outcomes": {
        "success": "return2"
      }
    },
    "if": {
      "module": "vb/action/builtin/ifAction",
      "parameters": {
        "condition": "[[ $chain.results.ParseSearchResultJSON.length > 0 ]]"
      },
      "outcomes": {
        "true": "switchXxyasSearchCriteria",
        "false": "return2"
      }
    },
    "return": {
      "module": "vb/action/builtin/returnAction",
      "parameters": {
        "outcome": "success"
      }
    },
    "return2": {
      "module": "vb/action/builtin/returnAction",
      "parameters": {
        "outcome": "success"
      }
    }
  }
}