{
  "description": "",
  "root": "if",
  "actions": {
    "if": {
      "module": "vb/action/builtin/ifAction",
      "parameters": {
        "condition": "[[ $application.functions.isFormValid('search-val-group') ]]"
      },
      "outcomes": {
        "true": "callFunctionOpenSpinnerDialog"
      }
    },
    "callFunctionOpenSpinnerDialog": {
      "module": "vb/action/builtin/callModuleFunctionAction",
      "parameters": {
        "module": "[[ $application.functions ]]",
        "functionName": "openSpinnerDialog"
      },
      "outcomes": {
        "success": "assignVariablesXxSearchOffset"
      }
    },
    "runInParallel": {
      "module": "vb/action/builtin/forkAction",
      "parameters": {
        "actions": {
          "callChain": "callChainSearchAction",
          "callRest": "callRestGetLovDataCount"
        }
      },
      "outcomes": {
        "join": "callFunctionCloseSpinnerDialog"
      }
    },
    "callFunctionCloseSpinnerDialog": {
      "module": "vb/action/builtin/callModuleFunctionAction",
      "parameters": {
        "module": "[[ $application.functions ]]",
        "functionName": "closeSpinnerDialog"
      }
    },
    "assignVariablesXxSearchOffset": {
      "module": "vb/action/builtin/assignVariablesAction",
      "parameters": {
        "$page.variables.xxSearchOffset": {
          "source": "0"
        },
        "$page.variables.xxSearchResultCount": {
          "source": "0"
        }
      },
      "outcomes": {
        "success": "resetVariablesXxyasChildEducationADP"
      }
    },
    "callChainSearchAction": {
      "module": "vb/action/builtin/callChainAction",
      "parameters": {
        "id": "SearchAction"
      }
    },
    "fireNotification": {
      "module": "vb/action/builtin/fireNotificationEventAction",
      "parameters": {
        "target": "leaf",
        "summary": "[[ $chain.results.callRestGetLovDataCount.message.summary ]]",
        "type": "error",
        "displayMode": "persist"
      }
    },
    "callRestGetLovDataCount": {
      "module": "vb/action/builtin/restAction",
      "parameters": {
        "endpoint": "ics/postXXYAS_COMMON_LOV1_0GetLovData",
        "uriParams": {
          "lovName": "{{ $page.variables.xxyasSearchCriteria.moduleKeyName + \"_COUNT\" }}"
        },
        "body": {
          "XxLOVParameters": [
            {
              "parameter": "[[ $page.variables.xxyasSearchCriteria.requestNo ]]"
            },
            {
              "parameter": "[[ $page.variables.xxyasSearchCriteria.personNumber ]]"
            },
            {
              "parameter": "[[ $page.variables.xxyasSearchCriteria.fullName ]]"
            },
            {
              "parameter": "[[ $page.variables.xxyasSearchCriteria.legalEntityName ]]"
            },
            {
              "parameter": "[[ $page.variables.xxyasSearchCriteria.status ]]"
            }
          ]
        }
      },
      "outcomes": {
        "failure": "fireNotification",
        "success": "ParseCountJSON"
      }
    },
    "ParseCountJSON": {
      "module": "vb/action/builtin/callModuleFunctionAction",
      "parameters": {
        "module": "[[ $application.functions ]]",
        "functionName": "parseJSON",
        "params": [
          "{{ $chain.results.callRestGetLovDataCount.body.XxLOVResult || [] }}"
        ]
      },
      "outcomes": {
        "success": "assignVariablesXxSearchResultCount"
      }
    },
    "assignVariablesXxSearchResultCount": {
      "module": "vb/action/builtin/assignVariablesAction",
      "parameters": {
        "$page.variables.xxSearchResultCount": {
          "source": "{{ $chain.results.ParseCountJSON[0]?.totalCount }}"
        }
      }
    },
    "resetVariablesXxyasChildEducationADP": {
      "module": "vb/action/builtin/resetVariablesAction",
      "parameters": {
        "variables": [
          "$page.variables.xxyasChildEducationADP",
          "$page.variables.xxyasLocalBusinessTravelADP",
          "$page.variables.xxyasOverSeasADP",
          "$page.variables.xxyasAirTicketADP"          ,
          "$page.variables.xxyasAnnualPassageADP"
        ]
      },
      "outcomes": {
        "success": "runInParallel"
      }
    }
  },
  "variables": {}
}