{
  "description": "",
  "root": "callFunctionOpenSpinnerDialog",
  "actions": {
    "assignVariablesXxSearchOffset": {
      "module": "vb/action/builtin/assignVariablesAction",
      "parameters": {
        "$page.variables.xxSearchOffset": {
          "source": "{{ $page.variables.xxSearchOffset + 1000 }}"
        }
      },
      "outcomes": {
        "success": "callChainSearchAction"
      }
    },
    "callChainSearchAction": {
      "module": "vb/action/builtin/callChainAction",
      "parameters": {
        "id": "SearchAction"
      },
      "outcomes": {
        "success": "callFunctionCloseSpinnerDialog"
      }
    },
    "callFunctionOpenSpinnerDialog": {
      "module": "vb/action/builtin/callModuleFunctionAction",
      "parameters": {
        "module": "[[ $application.functions ]]",
        "functionName": "openSpinnerDialog"
      },
      "outcomes": {
        "success": "assignVariablesXxSearchOffset"
      }
    },
    "callFunctionCloseSpinnerDialog": {
      "module": "vb/action/builtin/callModuleFunctionAction",
      "parameters": {
        "module": "[[ $application.functions ]]",
        "functionName": "closeSpinnerDialog"
      }
    }
  },
  "variables": {}
}