{
  "description": "",
  "root": "resetVariablesXxyasChildEducationADP",
  "actions": {
    "resetVariablesXxyasChildEducationADP": {
      "module": "vb/action/builtin/resetVariablesAction",
      "parameters": {
        "variables": [
          "$page.variables.xxyasChildEducationADP",
          "$page.variables.xxyasAirTicketADP",
          "$page.variables.xxyasAnnualPassageADP",
          "$page.variables.xxyasLocalBusinessTravelADP",
          "$page.variables.xxyasOverSeasADP"
        ]
      },
      "outcomes": {
        "success": "assignVariablesXxSearchResultCount"
      }
    },
    "assignVariablesXxSearchResultCount": {
      "module": "vb/action/builtin/assignVariablesAction",
      "parameters": {
        "$page.variables.xxSearchResultCount": {
          "source": "0"
        },
        "$page.variables.xxSearchOffset": {
          "source": "0"
        }
      }
    }
  },
  "variables": {
    "value": {
      "required": true,
      "type": "any",
      "input": "fromCaller"
    }
  }
}