{
  "description": "",
  "root": "switchXxDeleteReq",
  "actions": {
    "switchXxDeleteReq": {
      "module": "vb/action/builtin/switchAction",
      "parameters": {
        "caseValue": "[[ $page.variables.xxDeleteReq.module_name ]]",
        "possibleValues": [
          "EDUCATION_ALLOWANCE",
          "LOCAL_BUS",
          "OVER_SEASES",
          "AIR_TICKET_ENCASHMENT",
          "ANNUAL_PASSAGE"
        ]
      },
      "outcomes": {
        "EDUCATION_ALLOWANCE": "callChainDeleteEducationAllowanceAction",
        "default": "resetVariablesXxDeleteReq",
        "LOCAL_BUS": "callChainDeleteLocalRequestAction",
        "OVER_SEASES": "callChainDeleteOverseasRequestAction",
        "AIR_TICKET_ENCASHMENT": "callChainDeleteAirTicketRequestAction",
        "ANNUAL_PASSAGE": "callChainDeleteAnnualPassageRequestAction"
      }
    },
    "callChainDeleteEducationAllowanceAction": {
      "module": "vb/action/builtin/callChainAction",
      "parameters": {
        "id": "DeleteEducationAllowanceAction"
      },
      "outcomes": {
        "success": "resetVariablesXxDeleteReq"
      }
    },
    "resetVariablesXxDeleteReq": {
      "module": "vb/action/builtin/resetVariablesAction",
      "parameters": {
        "variables": [
          "$page.variables.xxDeleteReq"
        ]
      },
      "outcomes": {
        "success": "callComponentDialogDeleteClose"
      }
    },
    "callComponentDialogDeleteClose": {
      "module": "vb/action/builtin/callComponentMethodAction",
      "parameters": {
        "component": "{{ document.getElementById('dialog-delete') }}",
        "method": "close"
      }
    },
    "callChainDeleteLocalRequestAction": {
      "module": "vb/action/builtin/callChainAction",
      "parameters": {
        "id": "DeleteLocalRequestAction"
      },
      "outcomes": {
        "success": "resetVariablesXxDeleteReq"
      }
    },
    "callChainDeleteOverseasRequestAction": {
      "module": "vb/action/builtin/callChainAction",
      "parameters": {
        "id": "DeleteOverseasRequestAction"
      },
      "outcomes": {
        "success": "resetVariablesXxDeleteReq"
      }
    },
    "callChainDeleteAirTicketRequestAction": {
      "module": "vb/action/builtin/callChainAction",
      "parameters": {
        "id": "DeleteAirTicketRequestAction"
      },
      "outcomes": {
        "success": "resetVariablesXxDeleteReq"
      }
    },
    "callChainDeleteAnnualPassageRequestAction": {
      "module": "vb/action/builtin/callChainAction",
      "parameters": {
        "id": "DeleteAnnualPassageRequestAction"
      },
      "outcomes": {
        "success": "resetVariablesXxDeleteReq"
      }
    }
  },
  "variables": {}
}