{
  "root": "callFunctionOpenSpinnerDialog",
  "description": "",
  "actions": {
    "callFunctionOpenSpinnerDialog": {
      "module": "vb/action/builtin/callModuleFunctionAction",
      "parameters": {
        "module": "[[ $application.functions ]]",
        "functionName": "openSpinnerDialog"
      },
      "outcomes": {
        "success": "resetVariablesTasksADP"
      }
    },
    "fireNotification": {
      "module": "vb/action/builtin/fireNotificationEventAction",
      "parameters": {
        "target": "leaf",
        "summary": "[[ $chain.results.callRestGetHistoricalTasks.message.summary ]]",
        "type": "error",
        "displayMode": "persist",
        "message": "[[ $chain.results.callRestGetHistoricalTasks ]]"
      }
    },
    "callFunctionCloseSpinnerDialog": {
      "module": "vb/action/builtin/callModuleFunctionAction",
      "parameters": {
        "module": "[[ $application.functions ]]",
        "functionName": "closeSpinnerDialog"
      },
      "outcomes": {
        "success": "fireNotification"
      }
    },
    "callRestGetHistoricalTasks": {
      "module": "vb/action/builtin/restAction",
      "parameters": {
        "endpoint": "ics/postXXYAS_COMMON_LOV1_0GetLovData",
        "uriParams": {
          "lovName": "{{ $page.variables.lookup_name }}"
        },
        "body": {
          "XxLOVParameters": [
{
              "parameter": "[[$application.user.username]]"
            }
          ]
        }
      },
      "outcomes": {
        "failure": "callFunctionCloseSpinnerDialog",
        "success": "parseTasksJSON"
      }
    },
    "resetVariablesTasksADP": {
      "module": "vb/action/builtin/resetVariablesAction",
      "parameters": {
        "variables": [
          "$page.variables.tasksADP",
          "$page.variables.tasksCloneArr"
        ]
      },
      "outcomes": {
        "success": "callPersonInfo"
      }
    },
    "parseTasksJSON": {
      "module": "vb/action/builtin/callModuleFunctionAction",
      "parameters": {
        "module": "[[ $application.functions ]]",
        "functionName": "parseJSON",
        "params": [
          "{{ $chain.results.callRestGetHistoricalTasks.body.XxLOVResult || [] }}"
        ]
      },
      "outcomes": {
        "success": "assignVariablesTasksADP"
      }
    },
    "assignVariablesTasksADP": {
      "module": "vb/action/builtin/assignVariablesAction",
      "parameters": {
        "$page.variables.tasksADP": {
          "source": {
            "data": "{{ $chain.results.parseTasksJSON || [] }}"
          },
          "reset": "none",
          "auto": "always"
        },
        "$page.variables.tasksCloneArr": {
          "source": "{{ $chain.results.parseTasksJSON || [] }}",
          "reset": "empty"
        }
      },
      "outcomes": {
        "success": "callFunctionCloseSpinnerDialog2"
      }
    },
    "fireNotification2": {
      "module": "vb/action/builtin/fireNotificationEventAction",
      "parameters": {
        "target": "leaf",
        "summary": "[[ $chain.results.callRestGetXXYASOTBIGENPERHRLM1CheckRep.message.summary ]]",
        "type": "error",
        "displayMode": "persist"
      }
    },
    "callRestGetXXYASOTBIGENPERHRLM1CheckRep": {
      "module": "vb/action/builtin/restAction",
      "parameters": {
        "endpoint": "ics/getXXYAS_OTBI_GEN_PER_HR_LM1_0CheckRep",
        "uriParams": {
          "person_id": "{{ $chain.results.callFunctionParseJSON[0].personId }}"
        }
      },
      "outcomes": {
        "success": "callFunctionGetHrOfficerIfExists",
        "failure": "fireNotification2"
      }
    },
    "callFunctionGetHrOfficerIfExists": {
      "module": "vb/action/builtin/callModuleFunctionAction",
      "parameters": {
        "module": "[[ $functions ]]",
        "functionName": "getHrOfficerIfExists",
        "params": [
          "{{ $chain.results.callRestGetXXYASOTBIGENPERHRLM1CheckRep.body }}"
        ]
      },
      "outcomes": {
        "success": "assignVariablesLookupName"
      }
    },
    "fireNotification3": {
      "module": "vb/action/builtin/fireNotificationEventAction",
      "parameters": {
        "target": "leaf",
        "summary": "[[ $chain.results.callPersonInfo.message.summary ]]",
        "type": "error",
        "displayMode": "persist"
      }
    },
    "callPersonInfo": {
      "module": "vb/action/builtin/restAction",
      "parameters": {
        "endpoint": "ics/postXXYAS_COMMON_LOV1_0GetLovData",
        "uriParams": {
          "lovName": "YAS_PERSON_INFO"
        },
        "body": {
          "XxLOVParameters": [
            {
              "parameter": ""
            },
            {
              "parameter": ""
            },
            {
              "parameter": "[[$application.user.username]]"
            },
            {
              "parameter": ""
            }
          ]
        }
      },
      "outcomes": {
        "success": "callFunctionParseJSON",
        "failure": "fireNotification3"
      }
    },
    "callFunctionParseJSON": {
      "module": "vb/action/builtin/callModuleFunctionAction",
      "parameters": {
        "module": "[[ $application.functions ]]",
        "functionName": "parseJSON",
        "params": [
          "{{ $chain.results.callPersonInfo.body.XxLOVResult || [] }}"
        ]
      },
      "outcomes": {
        "success": "callRestGetXXYASOTBIGENPERHRLM1CheckRep"
      }
    },
    "callFunctionCloseSpinnerDialog2": {
      "module": "vb/action/builtin/callModuleFunctionAction",
      "parameters": {
        "module": "[[ $application.functions ]]",
        "functionName": "closeSpinnerDialog"
      }
    },
    "assignVariablesLookupName": {
      "module": "vb/action/builtin/assignVariablesAction",
      "parameters": {
        "$page.variables.lookup_name": {
          "source": "{{ $chain.results.callFunctionGetHrOfficerIfExists === true ? 'YAS_HR_OFFICER_APPROVAL_HISTORY': $chain.results.callFunctionGetHrOfficerIfExists === false? 'YAS_ACTION_TAKEN_BY_APPROVAL_HISTORY': null; }}"
        }
      },
      "outcomes": {
        "success": "callRestGetHistoricalTasks"
      }
    }
  }
}