{
  "description": "",
  "root": "callFunctionLogger",
  "actions": {
    "openUrl": {
      "module": "vb/action/builtin/openUrlAction",
      "parameters": {
        "url": "[[ $application.functions.getHostName($application.path) ]]",
        "params": {
          "p_chiEduReqId": "[[$variables.current.row.moduleReqId]]",
          "p_requestType": "REVIEW",
          "page": "shell",
          "shell": "child-education",
          "child-education": "child-education-request"

        }
      }
    },
    "callFunctionLogger": {
      "module": "vb/action/builtin/callModuleFunctionAction",
      "parameters": {
        "module": "[[ $application.functions ]]",
        "functionName": "logger",
        "params": [
          "{{ $variables.current }}"
        ]
      },
      "outcomes": {
        "success": "switchCurrent"
      }
    },
    "switchCurrent": {
      "module": "vb/action/builtin/switchAction",
      "parameters": {
        "caseValue": "[[ $variables.current.row.moduleName ]]",
        "possibleValues": [
          "EDUCATION_ALLOWANCE",
          "AIR_TICKET_ENCASHMENT",
          "ANNUAL_PASSAGE",
          "LOCAL_BUS",
          "OVER_SEASES"
        ]
      },
      "outcomes": {
        "EDUCATION_ALLOWANCE": "openUrl",
        "AIR_TICKET_ENCASHMENT": "openUrl4",
        "OVER_SEASES": "navigateToOverseasBusinessOverseasBusinessRequest",
        "ANNUAL_PASSAGE": "openUrl6",
        "LOCAL_BUS": "openUrl2"
      }
    },
    "openUrl2": {
      "module": "vb/action/builtin/openUrlAction",
      "parameters": {
        "url": "[[ $application.functions.getHostName($application.path) ]]",
        "params": {
          "p_locl_bus_trvl_id": "[[$variables.current.row.moduleReqId]]",
          "p_requestType": "REVIEW",
          "page": "shell",
          "shell": "local-business",
          "local-business": "local-business-request"

        }
      }
    },
    "openUrl6": {
      "module": "vb/action/builtin/openUrlAction",
      "parameters": {
        "url": "[[ $application.functions.getHostName($application.path) ]]",
        "params": {
          "annualPassageReqId": "[[$variables.current.row.moduleReqId]]",
          "requestType": "REVIEW",
          "page": "shell",
          "shell": "annual-passage",
          "annual-passage": "annual-passage-request"

        }
      }
    },
    "openUrl4": {
      "module": "vb/action/builtin/openUrlAction",
      "parameters": {
        "url": "[[ $application.functions.getHostName($application.path) ]]",
        "params": {
          "p_airTicketReqId": "[[$variables.current.row.moduleReqId]]",
          "p_requestType": "REVIEW",
          "page": "shell",
          "shell": "air-ticket-encashment",
          "air-ticket-encashment": "air-ticket-encashment-request"

        }
      }
    },
    "navigateToOverseasBusinessOverseasBusinessRequest": {
      "module": "vb/action/builtin/navigateAction",
      "parameters": {
        "target": "parent",
        "flow": "overseas-business",
        "page": "overseas-business-request",
        "params": {
          "p_requestType": "REVIEW",
          "p_overBusTrvlId": "[[$variables.current.row.moduleReqId]]"
        }
      },
      "@dt": {
        "targetType": "flow"
      }
    }
  },
  "variables": {
    "key": {
      "required": true,
      "type": "any",
      "input": "fromCaller"
    },
    "index": {
      "required": true,
      "type": "number",
      "input": "fromCaller"
    },
    "current": {
      "required": true,
      "type": "any",
      "input": "fromCaller"
    }
  }
}