{
  "description": "",
  "root": "resetVariablesTasksADP",
  "actions": {
    "resetVariablesTasksADP": {
      "module": "vb/action/builtin/resetVariablesAction",
      "parameters": {
        "variables": [
          "$page.variables.tasksADP",
          "$page.variables.xxyasSearchCriteria",
          "$page.variables.tasksCloneArr"
        ]
      },
      "outcomes": {
        "success": "callChainFetchHistoricalTasks"
      }
    },
    "callChainFetchHistoricalTasks": {
      "module": "vb/action/builtin/callChainAction",
      "parameters": {
        "id": "fetchHistoricalTasks"
      }
    }
  },
  "variables": {}
}