{
  "description": "",
  "root": "callFunctionOpenSpinnerDialog",
  "actions": {
    "filterTasks": {
      "module": "vb/action/builtin/callModuleFunctionAction",
      "parameters": {
        "module": "[[ $functions ]]",
        "functionName": "filterTasks",
        "params": [
          "{{ $page.variables.tasksCloneArr || [] }}",
          "{{ $page.variables.xxyasSearchCriteria }}"
        ]
      },
      "outcomes": {
        "success": "assignVariablesTasksADP"
      }
    },
    "resetVariablesTasksADP": {
      "module": "vb/action/builtin/resetVariablesAction",
      "parameters": {
        "variables": [
          "$page.variables.tasksADP"
        ]
      },
      "outcomes": {
        "success": "filterTasks"
      }
    },
    "assignVariablesTasksADP": {
      "module": "vb/action/builtin/assignVariablesAction",
      "parameters": {
        "$page.variables.tasksADP": {
          "source": {
            "data": "{{ $chain.results.filterTasks || [] }}"
          },
          "reset": "none",
          "auto": "always"
        }
      },
      "outcomes": {
        "success": "callFunctionCloseSpinnerDialog"
      }
    },
    "callFunctionOpenSpinnerDialog": {
      "module": "vb/action/builtin/callModuleFunctionAction",
      "parameters": {
        "module": "[[ $application.functions ]]",
        "functionName": "openSpinnerDialog"
      },
      "outcomes": {
        "success": "resetVariablesTasksADP"
      }
    },
    "callFunctionCloseSpinnerDialog": {
      "module": "vb/action/builtin/callModuleFunctionAction",
      "parameters": {
        "module": "[[ $application.functions ]]",
        "functionName": "closeSpinnerDialog"
      }
    }
  },
  "variables": {}
}