{
  "title": "",
  "description": "",
  "variables": {
    "annualPassageInstanceRequest": {
      "type": "AnnualPassageInstanceRequestType"
    },
    "annualPassageReqId": {
      "type": "string",
      "input": "fromUrl"
    },
    "annualPassageRequestOriginal": {
      "type": "flow:AnnualPassageRequest"
    },
    "approval_comments": {
      "type": "string"
    },
    "gETSSAPPROVALHISTORYListSDP": {
      "type": "vb/ServiceDataProvider",
      "defaultValue": {
        "endpoint": "ics/GET_SS_APPROVAL_HISTORY",
        "keyAttributes": "seq_id",
        "itemsPath": "",
        "responseType": "gETSSAPPROVALHISTORYResponse",
        "uriParameters": {
          "p_module_name": "ANNUAL_PASSAGE",
          "p_module_req_id": "{{ $variables.annualPassageRequest.annualPassageHId }}"
        }
      }
    },
    "lineIdCounter": {
      "type": "number",
      "defaultValue": 0
    },
    "taskAction": {
      "type": {

        "actionId": "string",
        "taskId": "string",
        "title": "string"
      }
    },
    "annualPassageRequest": {
      "type": "flow:AnnualPassageRequest"
    },
    "currAnnualPassageLine": {
      "type": "flow:XXYASAnnualPassageLine"
    },
    "processId": {
      "type": "string",
      "input": "fromUrl"
    },
    "requestType": {
      "type": "string",
      "required": true,
      "input": "fromUrl",
      "defaultValue": "CREATE"
    },
    "taskCompleteVar": {
      "type": "flow:TaskComplete"
    },
    "tasks": {
      "type": "flow:TaskCollection"
    },
    "updateTaskDetailsReq": {
      "type": "application:updateApprovalTaskDetailsReqType"
    },
    "v_ignoreValue": {
      "type": "string"
    },
    "xxyasAnnualPassageDML": {
      "type": "flow:annualPassageDML"
    },
    "xxyasAnnualPassageLines": {
      "type": "vb/ArrayDataProvider2",
      "defaultValue": {
        "itemType": "flow:XXYASAnnualPassageLine",
        "keyAttributes": "annualPassageLId"
      }
    },
    "xxyasAnnualPassageLinesDML": {
      "type": "vb/ArrayDataProvider2",
      "defaultValue": {
        "itemType": "flow:XXYASAnnualPassageLine",
        "keyAttributes": "annualPassageLId"
      }
    },
    "xxyasAnnualPassageLinesOriginal": {
      "type": "flow:XXYASAnnualPassageLine[]"
    },
    "xxyasAnnualPassageValidation": {
      "type": {
        "airTicketEncashmentCount": "number",
        "annualPassageCount": "number"
      }
    },
    "xxyasApprovalLine": {
      "type": "application:xxYasApprovalLine"
    },
    "xxyasAttachmentsADP": {
      "type": "vb/ArrayDataProvider2",
      "defaultValue": {
        "itemType": "application:XXYASAttachment",
        "keyAttributes": "uploadedFileName"
      }
    },
    "xxyasAttachmentsOriginal": {
      "type": "application:XXYASAttachment[]"
    },
    "xxyasChildrenADP": {
      "type": "vb/ArrayDataProvider2",
      "defaultValue": {
        "itemType": "application:XXYASContact",
        "keyAttributes": "contactPersonId"
      }
    },
    "xxyasEmpEligibilty": {
      "type": "application:XXYASEmpEligibilty"
    },
    "xxyasEmployeesADP": {
      "type": "vb/ArrayDataProvider2",
      "defaultValue": {
        "itemType": "application:XXYASUser",
        "keyAttributes": "personId"
      }
    },
    "xxyasEmployeeSearchCriteria": {
      "type": "application:XXYASPersonSearchCriteria"
    },
    "xxyasSelectedEmployee": {
      "type": "application:XXYASUser"
    },
    "xxyasSpouseADP": {
      "type": "vb/ArrayDataProvider2",
      "defaultValue": {
        "itemType": "application:XXYASContact",
        "keyAttributes": "contactPersonId"
      }
    }

  },
  "metadata": {},
  "types": {
    "@decorators.AnnualPassageInstanceRequestType": {
      "endpoint": "createInstance",
      "service": "opa_AnnualPassage",
      "path": "request"
    },
    "@decorators.gETSSAPPROVALHISTORYResponse": {
      "endpoint": "GET_SS_APPROVAL_HISTORY",
      "service": "ics",
      "path": "response"
    },
    "AnnualPassageInstanceRequestType": {
      "dataObject": {
        "annualPassageRequest": {
          "annualPassageHId": "string",
          "annualPassageHNo": "string",
          "annulPassageLines": [
            {
              "annualPassageHId": "string",
              "annualPassageLId": "string",
              "attribute1": "string",
              "attribute10": "string",
              "attribute2": "string",
              "attribute3": "string",
              "attribute4": "string",
              "attribute5": "string",
              "attribute6": "string",
              "attribute7": "string",
              "attribute8": "string",
              "attribute9": "string",
              "concatRelationship": "string",
              "contactDob": "string",
              "contactName": "string",
              "contactPersonId": "string",
              "contactTicketAmount": "string",
              "passExpirationDate": "string",
              "passportNumber": "string"
            }
          ],
          "approvalComments": "string",
          "approvalLevel": "string",
          "approvedBy": "string",
          "attribute1": "string",
          "attribute10": "string",
          "attribute2": "string",
          "attribute3": "string",
          "attribute4": "string",
          "attribute5": "string",
          "attribute6": "string",
          "attribute7": "string",
          "attribute8": "string",
          "attribute9": "string",
          "birthDate": "string",
          "businessUnit": "string",
          "currentStatus": "string",
          "currentStatusValue": "string",
          "empDepartureDate": "string",
          "empReturnDate": "string",
          "empTicketAmount": "string",
          "familyDepartureDate": "string",
          "familyReturnDate": "string",
          "fullName": "string",
          "gradeName": "string",
          "hireDate": "string",
          "homeTownAirname": "string",
          "legalEntityId": "string",
          "legalEntityName": "string",
          "longSummary": "string",
          "nationality": "string",
          "organization": "string",
          "organizationId": "string",
          "originContactNum": "string",
          "passExpirationDate": "string",
          "passportNumber": "string",
          "personId": "string",
          "personNumber": "string",
          "processId": "string",
          "remarks": "string",
          "requestedBy": "string",
          "requester": "string",
          "requesterRole": "string",
          "salaryBasis": "string",
          "ticketClass": "string",
          "ticketDueDate": "string",
          "ticketEligibility": "string",
          "ticketSupplier": "string",
          "ticketType": "string",
          "userId": "string",
          "userName": "string"

        }
      },
      "params": {
        "applicationName": "string",
        "applicationVersion": "string",
        "processDefinitionId": "string",
        "processDefinitionKey": "string",
        "processName": "string"
      }
    },
    "gETSSAPPROVALHISTORYResponse": [
      {
        "approval_comments": "string",
        "approval_level": "string",
        "approved_date": "string",
        "confirmed_by": "string",
        "request_id": "string",
        "seq_id": "string",
        "status": "string"
      }
    ]
  },
  "chains": {

  },
  "eventListeners": {
    "aTCHILDNAMEValue": {
      "chains": [
        {
          "chainId": "AddChildComboboxOneValueChangeChain",
          "parameters": {
            "value": "{{ $event.detail.value }}"
          }
        }
      ]
    },
    "aTSPOUSENAMEValue": {
      "chains": [
        {
          "chainId": "AddSpouseComboboxOneValueChangeChain",
          "parameters": {
            "value": "{{ $event.detail.value }}"
          }
        }
      ]
    },
    "ojButtonCancelCustomerNamePopupOjAction": {
      "chains": [
        {
          "chainId": "NoUnsavedDialogButtonActionChain"
        }
      ]
    },
    "ojButtonCancelCustomerNamePopupOjAction2": {
      "chains": [
        {
          "chainId": "NoApprovalDialogButtonActionChain"
        }
      ]
    },
    "ojButtonCancelPopupOjAction": {
      "chains": [
        {
          "chainId": "CancelButtonRejectDialogActionChain"
        }
      ]
    },
    "ojButtonOjAction": {
      "chains": [
        {
          "chainId": "AddSpouseButtonActionChain"
        }
      ]
    },
    "ojButtonOjAction10": {
      "chains": [
        {
          "chainId": "CancelEditSpouseButtonActionChain"
        }
      ]
    },
    "ojButtonOjAction11": {
      "chains": [
        {
          "chainId": "OkEditSpouseButtonActionChain"
        }
      ]
    },
    "ojButtonOjAction12": {
      "chains": [
        {
          "chainId": "OkChildEditButtonActionChain"
        }
      ]
    },
    "ojButtonOjAction13": {
      "chains": [
        {
          "chainId": "saveAnnualPassageAction"
        }
      ]
    },
    "ojButtonOjAction14": {
      "chains": [
        {
          "chainId": "SubmitRequestActionChain"
        }
      ]
    },
    "ojButtonOjAction15": {
      "chains": [
        {
          "chainId": "BackButtonActionChain"
        }
      ]
    },
    "ojButtonOjAction16": {
      "chains": [
        {
          "chainId": "taskButtonActionChain",
          "parameters": {
            "actionCode": "{{ $current.data.title}}",
            "actionId": "{{ $current.data.title}}",
            "taskId": "{{ $variables.tasks.items[0].id }}"
          }
        }
      ]
    },
    "ojButtonOjAction17": {
      "chains": [
        {
          "chainId": "resetEmployeeSearchButtonActionChain"
        }
      ]
    },
    "ojButtonOjAction18": {
      "chains": [
        {
          "chainId": "cancelEmployeeSearchButtonActionChain"
        }
      ]
    },
    "ojButtonOjAction19": {
      "chains": [
        {
          "chainId": "SearchButtonEmployeesPopupActionChain"
        }
      ]
    },
    "ojButtonOjAction2": {
      "chains": [
        {
          "chainId": "CancelAddSpouseButtonActionChain"
        }
      ]
    },
    "ojButtonOjAction20": {
      "chains": [
        {
          "chainId": "removeFile",
          "parameters": {
            "key": "{{ $current.key }}",
            "index": "{{ $current.index }}",
            "current": "{{ $current }}"
          }
        }
      ]
    },
    "ojButtonOjAction21": {
      "chains": [
        {
          "chainId": "downloadAttachment",
          "parameters": {
            "key": "{{ $current.key }}",
            "index": "{{ $current.index }}",
            "current": "{{ $current }}"
          }
        }
      ]
    },
    "ojButtonOjAction22": {
      "chains": [
        {
          "chainId": "EmployeeDialogOKButtonActionChain"
        }
      ]
    },
    "ojButtonOjAction3": {
      "chains": [
        {
          "chainId": "CancelAddChildButtonActionChain"
        }
      ]
    },
    "ojButtonOjAction4": {
      "chains": [
        {
          "chainId": "AddChildButtonActionChain"
        }
      ]
    },
    "ojButtonOjAction5": {
      "chains": [
        {
          "chainId": "OkAddChildButtonActionChain"
        }
      ]
    },
    "ojButtonOjAction6": {
      "chains": [
        {
          "chainId": "DeleteContactButtonActionChain",
          "parameters": {
            "key": "{{ $current.key }}",
            "index": "{{ $current.index }}",
            "current": "{{ $current }}"
          }
        }
      ]
    },
    "ojButtonOjAction7": {
      "chains": [
        {
          "chainId": "OkAddSpouseButtonActionChain"
        }
      ]
    },
    "ojButtonOjAction8": {
      "chains": [
        {
          "chainId": "EditContactButtonActionChain",
          "parameters": {
            "key": "{{ $current.key }}",
            "index": "{{ $current.index }}",
            "current": "{{ $current }}"
          }
        }
      ]
    },
    "ojButtonOjAction9": {
      "chains": [
        {
          "chainId": "CancelEditChildButtonActionChain"
        }
      ]
    },
    "ojButtonOkCustomerNamePopupOjAction": {
      "chains": [
        {
          "chainId": "YesUnsavedDialogButtonActionChain"
        }
      ]
    },
    "ojButtonOkCustomerNamePopupOjAction2": {
      "chains": [
        {
          "chainId": "YesApprovalDialogButtonActionChain"
        }
      ]
    },
    "ojButtonRejectPopupOjAction": {
      "chains": [
        {
          "chainId": "RejectButtonActionChain"
        }
      ]
    },
    "ojFilePickerOjSelect": {
      "chains": [
        {
          "chainId": "uploadFiles",
          "parameters": {
            "files": "[[ Array.prototype.slice.call($event.detail.files) ]]"
          }
        }
      ]
    },
    "ojTableDblclick": {
      "chains": [
        {
          "chainId": "EmployeesPopupTableDblclickChain"
        }
      ]
    },
    "ojTableFirstSelectedRow": {
      "chains": [
        {
          "chainId": "EmployeeTableFSRChangeChain",
          "parameters": {
            "rowKey": "{{$event.detail.value.key}}",
            "rowData": "{{$event.detail.value.data}}"
          }
        }
      ]
    },
    "spanClick": {
      "chains": [
        {
          "chainId": "employeeNameOpenDialogClickChain"
        }
      ]
    },
    "vbEnter": {
      "chains": [
        {
          "chainId": "OnLoadChain",
          "parameters": {}
        }
      ]
    }

  },
  "imports": {
    "components": {
      "oj-button": {
        "path": "ojs/ojbutton"
      },
      "oj-combobox-one": {
        "path": "ojs/ojselectcombobox"
      },
      "oj-dialog": {
        "path": "ojs/ojdialog"
      },
      "oj-file-picker": {
        "path": "ojs/ojfilepicker"
      },
      "oj-form-layout": {
        "path": "ojs/ojformlayout"
      },
      "oj-input-date": {
        "path": "ojs/ojdatetimepicker"
      },
      "oj-input-number": {
        "path": "ojs/ojinputnumber"
      },
      "oj-input-text": {
        "path": "ojs/ojinputtext"
      },
      "oj-label": {
        "path": "ojs/ojlabel"
      },
      "oj-label-value": {
        "path": "ojs/ojlabelvalue"
      },
      "oj-list-view": {
        "path": "ojs/ojlistview"
      },
      "oj-table": {
        "path": "ojs/ojtable"
      },
      "oj-text-area": {
        "path": "ojs/ojinputtext"
      },
      "oj-toolbar": {
        "path": "ojs/ojtoolbar"
      },
      "oj-validation-group": {
        "path": "ojs/ojvalidationgroup"
      },
      "oj-vb-list-item": {
        "path": "vb/components/list-item/loader"
      }

    },
    "modules": {
      "ojValidationBase": {
        "path": "ojs/ojvalidation-base"
      },
      "ojValidationDateTime": {
        "path": "ojs/ojvalidation-datetime"
      }
    }
  }
}