{
  "id": "task-list-historical",
  "description": "Flow main",
  "defaultPage": "task-list-historical-start",
  "services": {},
  "types": {
    "XXYAS_Tasks_Type": {
      "approvalLevel": "string",
      "approvedBy": "string",
      "approvedDate": "string",
      "createdBy": "string",
      "creationDate": "string",
      "currentStatus": "string",
      "fullName": "string",
      "moduleName": "string",
      "moduleReqId": "number",
      "personNumber": "string",
      "processId": "any",
      "requestId": "number",
      "requestLineId": "number",
      "requestNumber": "string",
      "status": "string"
    }
  },
  "variables": {}
}