{
  "root": "callFunctionOpenSpinnerDialog",
  "description": "",
  "variables": {},
  "actions": {
    "callFunctionOpenSpinnerDialog": {
      "module": "vb/action/builtin/callModuleFunctionAction",
      "parameters": {
        "module": "[[ $application.functions ]]",
        "functionName": "openSpinnerDialog"
      },
      "outcomes": {
        "success": "runInParallel"
      }
    },
    "runInParallel": {
      "module": "vb/action/builtin/forkAction",
      "parameters": {
        "actions": {
          "callRest": "callRestPostXXYASCOMMONLOV1GetLovData4",
          "getPersonInfoCallRest": "getPersonInfoCallRest",
          "getApprovalStatusCallRest": "getApprovalStatusCallRest",
          "CallTravelRest": "CallTravelRest",
          "callRestGetTravelType": "callRestGetTravelType",
          "callRestPostXXYASCOMMONLOV1GetLovData": "callRestPostXXYASCOMMONLOV1GetLovData",
          "callRestgetAccomodationType": "callRestgetAccomodationType",
          "callRestGetHometownAirport": "callRestGetHometownAirport",
          "getExpenditureOrgCallRest": "getExpenditureOrgCallRest",
          "getTravelHoursCallRest": "getTravelHoursCallRest",
          "callRest2": "callRestPostXXYASCOMMONLOV1GetLovData3",
          "callRestPostXXYASCOMMONLOV1GetLovData2": "callRestPostXXYASCOMMONLOV1GetLovData2"
        }
      },
      "outcomes": {
        "join": "CheckEmpAORResponsipilty"
      }
    },
    "fireNotification": {
      "module": "vb/action/builtin/fireNotificationEventAction",
      "parameters": {
        "target": "leaf",
        "summary": "[[ $chain.results.getPersonInfoCallRest.message.summary ]]",
        "type": "error",
        "displayMode": "persist"
      }
    },
    "getPersonInfoCallRest": {
      "module": "vb/action/builtin/restAction",
      "parameters": {
        "endpoint": "ics/postXXYAS_COMMON_LOV1_0GetLovData",
        "uriParams": {
          "lovName": "YAS_PERSON_INFO"
        },
        "body": {
          "XxLOVParameters": [
            {
              "parameter": ""
            },
            {
              "parameter": ""
            },
            {
              "parameter": "[[$application.user.username]]"
            },
            {
              "parameter": ""
            }
          ]
        }
      },
      "outcomes": {
        "failure": "fireNotification",
        "success": "parseUserInfoJSON"
      }
    },
    "parseUserInfoJSON": {
      "module": "vb/action/builtin/callModuleFunctionAction",
      "parameters": {
        "module": "[[ $application.functions ]]",
        "functionName": "parseJSON",
        "params": [
          "{{ $chain.results.getPersonInfoCallRest.body.XxLOVResult }}"
        ]
      },
      "outcomes": {
        "success": "assignVariablesXxYasUser"
      }
    },
    "assignVariablesXxYasUser": {
      "module": "vb/action/builtin/assignVariablesAction",
      "parameters": {
        "$flow.variables.xxYasUser": {
          "source": "{{ $chain.results.parseUserInfoJSON[0] }}",
          "auto": "always"
        }
      },
      "outcomes": {
        "success": "callChainGetUserResp"
      }
    },
    "callFunctionCloseSpinnerDialog": {
      "module": "vb/action/builtin/callModuleFunctionAction",
      "parameters": {
        "module": "[[ $application.functions ]]",
        "functionName": "closeSpinnerDialog"
      }
    },
    "fireNotification3": {
      "module": "vb/action/builtin/fireNotificationEventAction",
      "parameters": {
        "target": "leaf",
        "summary": "[[ $chain.results.getApprovalStatusCallRest.message.summary ]]",
        "type": "error",
        "displayMode": "persist"
      }
    },
    "callFunctionParseJSON": {
      "module": "vb/action/builtin/callModuleFunctionAction",
      "parameters": {
        "module": "[[ $application.functions ]]",
        "functionName": "parseJSON",
        "params": [
          "{{ $chain.results.getApprovalStatusCallRest.body.XxLOVResult }}"
        ]
      },
      "outcomes": {
        "success": "assignVariablesXxApprovalStatusADP"
      }
    },
    "getApprovalStatusCallRest": {
      "module": "vb/action/builtin/restAction",
      "parameters": {
        "endpoint": "ics/postXXYAS_COMMON_LOV1_0GetLovData",
        "uriParams": {
          "lovName": "YAS_LOOKUP_LOV"
        },
        "body": {
          "XxLOVParameters": [
            {
              "parameter": "HRC_TXN_STATUS"
            }
          ]
        }
      },
      "outcomes": {
        "failure": "fireNotification3",
        "success": "callFunctionParseJSON"
      }
    },
    "assignVariablesXxApprovalStatusADP": {
      "module": "vb/action/builtin/assignVariablesAction",
      "parameters": {
        "$flow.variables.xxApprovalStatusADP": {
          "source": {
            "data": "{{ $chain.results.callFunctionParseJSON }}"
          },
          "reset": "none",
          "auto": "always",
          "mapping": {
            "$target.data": {
              "source": "$source.data",
              "reset": "empty"
            }
          }
        }
      }
    },
    "fireNotification2": {
      "module": "vb/action/builtin/fireNotificationEventAction",
      "parameters": {
        "target": "leaf",
        "summary": "[[ $chain.results.CallTravelRest.message.summary ]]",
        "type": "error",
        "displayMode": "persist"
      }
    },
    "CallTravelRest": {
      "module": "vb/action/builtin/restAction",
      "parameters": {
        "endpoint": "ics/postXXYAS_COMMON_LOV1_0GetLovData",
        "uriParams": {
          "lovName": "YAS_LOOKUP_LOV"
        },
        "body": {
          "XxLOVParameters": [
            {
              "parameter": "YHL_TRAVEL"
            }
          ]
        }
      },
      "outcomes": {
        "failure": "fireNotification2",
        "success": "parseTravelJson"
      }
    },
    "assignTravelTypeVar": {
      "module": "vb/action/builtin/assignVariablesAction",
      "parameters": {
        "$flow.variables.xxTravelADP": {
          "source": {
            "data": "{{ $chain.results.parseTravelJson }}"
          },
          "reset": "none",
          "auto": "always",
          "mapping": {
            "$target.data": {
              "source": "$source.data",
              "reset": "empty"
            }
          }
        }
      }
    },
    "parseTravelJson": {
      "module": "vb/action/builtin/callModuleFunctionAction",
      "parameters": {
        "module": "[[ $application.functions ]]",
        "functionName": "parseJSON",
        "params": [
          "{{ $chain.results.CallTravelRest.body.XxLOVResult }}"
        ]
      },
      "outcomes": {
        "success": "assignTravelTypeVar"
      }
    },
    "fireNotification4": {
      "module": "vb/action/builtin/fireNotificationEventAction",
      "parameters": {
        "target": "leaf",
        "summary": "[[ $chain.results.callRestGetTravelType.message.summary ]]",
        "type": "error",
        "displayMode": "persist"
      }
    },
    "callRestGetTravelType": {
      "module": "vb/action/builtin/restAction",
      "parameters": {
        "endpoint": "ics/postXXYAS_COMMON_LOV1_0GetLovData",
        "uriParams": {
          "lovName": "YAS_LOOKUP_LOV"
        },
        "body": {
          "XxLOVParameters": [
            {
              "parameter": "YHL_TRAVEL_TYPE"
            }
          ]
        }
      },
      "outcomes": {
        "failure": "fireNotification4",
        "success": "parseTravelTypeJson"
      }
    },
    "parseTravelTypeJson": {
      "module": "vb/action/builtin/callModuleFunctionAction",
      "parameters": {
        "module": "[[ $application.functions ]]",
        "functionName": "parseJSON",
        "params": [
          "{{ $chain.results.callRestGetTravelType.body.XxLOVResult }}"
        ]
      },
      "outcomes": {
        "success": "assignVariablesXxTravelTypeADP"
      }
    },
    "assignVariablesXxTravelTypeADP": {
      "module": "vb/action/builtin/assignVariablesAction",
      "parameters": {
        "$flow.variables.xxTravelTypeADP": {
          "source": {
            "data": "{{ $chain.results.parseTravelTypeJson }}"
          },
          "reset": "none",
          "auto": "always",
          "mapping": {
            "$target.data": {
              "source": "$source.data",
              "reset": "empty"
            }
          }
        }
      }
    },
    "fireNotification5": {
      "module": "vb/action/builtin/fireNotificationEventAction",
      "parameters": {
        "target": "leaf",
        "summary": "[[ $chain.results.callRestPostXXYASCOMMONLOV1GetLovData.message.summary ]]",
        "type": "error",
        "displayMode": "persist"
      }
    },
    "callRestPostXXYASCOMMONLOV1GetLovData": {
      "module": "vb/action/builtin/restAction",
      "parameters": {
        "endpoint": "ics/postXXYAS_COMMON_LOV1_0GetLovData",
        "uriParams": {
          "lovName": "YAS_LOOKUP_LOV"
        },
        "body": {
          "XxLOVParameters": [
            {
              "parameter": "YHL_TRAINING_TYPE"
            }
          ]
        }
      },
      "outcomes": {
        "failure": "fireNotification5",
        "success": "parseTrainingTypeJson"
      }
    },
    "parseTrainingTypeJson": {
      "module": "vb/action/builtin/callModuleFunctionAction",
      "parameters": {
        "module": "[[ $application.functions ]]",
        "functionName": "parseJSON",
        "params": [
          "{{ $chain.results.callRestPostXXYASCOMMONLOV1GetLovData.body.XxLOVResult }}"
        ]
      },
      "outcomes": {
        "success": "assignVariablesXxTrainingTypeADP"
      }
    },
    "assignVariablesXxTrainingTypeADP": {
      "module": "vb/action/builtin/assignVariablesAction",
      "parameters": {
        "$flow.variables.xxTrainingTypeADP": {
          "source": {
            "data": "{{ $chain.results.parseTrainingTypeJson }}"
          },
          "reset": "none",
          "auto": "always",
          "mapping": {
            "$target.data": {
              "source": "$source.data",
              "reset": "empty"
            }
          }
        }
      }
    },
    "fireNotification6": {
      "module": "vb/action/builtin/fireNotificationEventAction",
      "parameters": {
        "target": "leaf",
        "summary": "[[ $chain.results.callRestgetAccomodationType.message.summary ]]",
        "type": "error",
        "displayMode": "persist"
      }
    },
    "callRestgetAccomodationType": {
      "module": "vb/action/builtin/restAction",
      "parameters": {
        "endpoint": "ics/postXXYAS_COMMON_LOV1_0GetLovData",
        "uriParams": {
          "lovName": "YAS_LOOKUP_LOV"
        },
        "body": {
          "XxLOVParameters": [
            {
              "parameter": "YHL_ACCOMMODATION_TYPE"
            }
          ]
        }
      },
      "outcomes": {
        "failure": "fireNotification6",
        "success": "callFunctionParseJSON2"
      }
    },
    "callFunctionParseJSON2": {
      "module": "vb/action/builtin/callModuleFunctionAction",
      "parameters": {
        "module": "[[ $application.functions ]]",
        "functionName": "parseJSON",
        "params": [
          "{{ $chain.results.callRestgetAccomodationType.body.XxLOVResult }}"
        ]
      },
      "outcomes": {
        "success": "assignVariablesXxAccomodationType"
      }
    },
    "assignVariablesXxAccomodationType": {
      "module": "vb/action/builtin/assignVariablesAction",
      "parameters": {
        "$flow.variables.xxAccomodationType": {
          "source": {
            "data": "{{ $chain.results.callFunctionParseJSON2 }}"
          },
          "reset": "none",
          "auto": "always",
          "mapping": {
            "$target.data": {
              "source": "$source.data",
              "reset": "empty"
            }
          }
        }
      }
    },
    "fireNotification7": {
      "module": "vb/action/builtin/fireNotificationEventAction",
      "parameters": {
        "target": "leaf",
        "summary": "[[ $chain.results.callRestGetHometownAirport.message.summary ]]",
        "type": "error",
        "displayMode": "persist"
      }
    },
    "callRestGetHometownAirport": {
      "module": "vb/action/builtin/restAction",
      "parameters": {
        "endpoint": "ics/postXXYAS_COMMON_LOV1_0GetLovData",
        "uriParams": {
          "lovName": "YAS_VALUE_SET"
        },
        "body": {
          "XxLOVParameters": [
            {
              "parameter": "YHL_HOME_TOWN_AIRPORT"
            }
          ]
        }
      },
      "outcomes": {
        "failure": "fireNotification7",
        "success": "parseAirportJson"
      }
    },
    "parseAirportJson": {
      "module": "vb/action/builtin/callModuleFunctionAction",
      "parameters": {
        "module": "[[ $application.functions ]]",
        "functionName": "parseJSON",
        "params": [
          "{{ $chain.results.callRestGetHometownAirport.body.XxLOVResult }}"
        ]
      },
      "outcomes": {
        "success": "assignVariablesXxHomeTownAirport"
      }
    },
    "assignVariablesXxHomeTownAirport": {
      "module": "vb/action/builtin/assignVariablesAction",
      "parameters": {
        "$flow.variables.xxHomeTownAirport": {
          "source": {
            "data": "{{ $chain.results.parseAirportJson }}"
          },
          "reset": "none",
          "auto": "always",
          "mapping": {
            "$target.data": {
              "source": "$source.data",
              "reset": "empty"
            }
          }
        }
      }
    },
    "callChainGetUserResp": {
      "module": "vb/action/builtin/callChainAction",
      "parameters": {
        "id": "getUserResp",
        "params": {
          "personId": "{{ $flow.variables.xxYasUser.personId }}"
        }
      }
    },
    "fireNotification8": {
      "module": "vb/action/builtin/fireNotificationEventAction",
      "parameters": {
        "target": "leaf",
        "summary": "[[ $chain.results.getExpenditureOrgCallRest.message.summary ]]",
        "type": "error",
        "displayMode": "persist"
      }
    },
    "getExpenditureOrgCallRest": {
      "module": "vb/action/builtin/restAction",
      "parameters": {
        "endpoint": "ics/postXXYAS_COMMON_LOV1_0GetLovData",
        "uriParams": {
          "lovName": "YAS_XXCLD_EXPENDITURE_ORG"
        },
        "body": {
          "XxLOVParameters": [
            {
              "parameter": ""
            }
          ]
        }
      },
      "outcomes": {
        "failure": "fireNotification8",
        "success": "parseOrgJSON"
      }
    },
    "parseOrgJSON": {
      "module": "vb/action/builtin/callModuleFunctionAction",
      "parameters": {
        "module": "[[ $application.functions ]]",
        "functionName": "parseJSON",
        "params": [
          "{{ $chain.results.getExpenditureOrgCallRest.body.XxLOVResult }}"
        ]
      },
      "outcomes": {
        "success": "assignVariablesXxYasOrgExpenditureADP"
      }
    },
    "assignVariablesXxYasOrgExpenditureADP": {
      "module": "vb/action/builtin/assignVariablesAction",
      "parameters": {
        "$flow.variables.xxYasOrgExpenditureADP": {
          "source": {
            "data": "{{ $chain.results.parseOrgJSON || [] }}"
          },
          "reset": "none",
          "auto": "always",
          "mapping": {
            "$target.data": {
              "source": "$source.data",
              "reset": "empty"
            }
          }
        }
      }
    },
    "fireNotification9": {
      "module": "vb/action/builtin/fireNotificationEventAction",
      "parameters": {
        "target": "leaf",
        "summary": "[[ $chain.results.getTravelHoursCallRest.message.summary ]]",
        "type": "error",
        "displayMode": "persist"
      }
    },
    "getTravelHoursCallRest": {
      "module": "vb/action/builtin/restAction",
      "parameters": {
        "endpoint": "ics/postXXYAS_COMMON_LOV1_0GetLovData",
        "uriParams": {
          "lovName": "YAS_LOOKUP_LOV"
        },
        "body": {
          "XxLOVParameters": [
            {
              "parameter": "YHL_TRAVEL_HOURS"
            }
          ]
        }
      },
      "outcomes": {
        "failure": "fireNotification9",
        "success": "parseTravelHoursJSON"
      }
    },
    "parseTravelHoursJSON": {
      "module": "vb/action/builtin/callModuleFunctionAction",
      "parameters": {
        "module": "[[ $application.functions ]]",
        "functionName": "parseJSON",
        "params": [
          "{{ $chain.results.getTravelHoursCallRest.body.XxLOVResult }}"
        ]
      },
      "outcomes": {
        "success": "assignVariablesXxTravelHoursADP"
      }
    },
    "assignVariablesXxTravelHoursADP": {
      "module": "vb/action/builtin/assignVariablesAction",
      "parameters": {
        "$flow.variables.xxTravelHoursADP": {
          "source": {
            "data": "{{ $chain.results.parseTravelHoursJSON }}"
          },
          "reset": "none",
          "auto": "always",
          "mapping": {
            "$target.data": {
              "source": "$source.data",
              "reset": "empty"
            }
          }
        }
      }
    },
    "fireNotification10": {
      "module": "vb/action/builtin/fireNotificationEventAction",
      "parameters": {
        "target": "leaf",
        "summary": "[[ $chain.results.callRestGetAORTypes.message.summary ]]",
        "type": "error",
        "displayMode": "persist"
      }
    },
    "callRestGetAORTypes": {
      "module": "vb/action/builtin/restAction",
      "parameters": {
        "endpoint": "ics/postXXYAS_COMMON_LOV1_0GetLovData",
        "body": {
          "XxLOVParameters": [
            {
              "parameter": ""
            }
          ]
        },
        "uriParams": {
          "lovName": "YAS_AOR_TYPES"
        }
      },
      "outcomes": {
        "failure": "fireNotification10",
        "success": "ParseAORJSON"
      }
    },
    "ParseAORJSON": {
      "module": "vb/action/builtin/callModuleFunctionAction",
      "parameters": {
        "module": "[[ $application.functions ]]",
        "functionName": "parseJSON",
        "params": [
          "{{ $chain.results.callRestGetAORTypes.body.XxLOVResult || [] }}"
        ]
      },
      "outcomes": {
        "success": "assignVariablesAORTypes"
      }
    },
    "assignVariablesAORTypes": {
      "module": "vb/action/builtin/assignVariablesAction",
      "parameters": {
        "$flow.variables.AORTypes": {
          "source": "{{ $chain.results.ParseAORJSON || [] }}"
        }
      }
    },
    "CheckEmpAORResponsipilty": {
      "module": "vb/action/builtin/callModuleFunctionAction",
      "parameters": {
        "module": "[[ $application.functions ]]",
        "functionName": "checkEmpAORResponsipilty",
        "params": [
          "{{ $flow.variables.xxYasUser.respType }}",
          "{{ $flow.variables.AORTypes }}"
        ]
      },
      "outcomes": {
        "success": "assignVariablesXxYasUser2"
      }
    },
    "assignVariablesXxYasUser2": {
      "module": "vb/action/builtin/assignVariablesAction",
      "parameters": {
        "$flow.variables.xxYasUser": {
          "source": {
            "aorResp": "{{ $chain.results.CheckEmpAORResponsipilty }}"
          },
          "reset": "none",
          "auto": "always"
        }
      },
      "outcomes": {
        "success": "callFunctionCloseSpinnerDialog"
      }
    },
    "fireNotification11": {
      "module": "vb/action/builtin/fireNotificationEventAction",
      "parameters": {
        "target": "leaf",
        "summary": "[[ $chain.results.callRestPostXXYASCOMMONLOV1GetLovData2.message.summary ]]",
        "type": "error",
        "displayMode": "persist"
      }
    },
    "callRestPostXXYASCOMMONLOV1GetLovData2": {
      "module": "vb/action/builtin/restAction",
      "parameters": {
        "endpoint": "ics/postXXYAS_COMMON_LOV1_0GetLovData",
        "uriParams": {
          "lovName": "YAS_LOOKUP_LOV"
        },
        "body": {
          "XxLOVParameters": [
            {
              "parameter": "TICKET SUPPLIER"
            }
          ]
        }
      },
      "outcomes": {
        "success": "callFunctionParseJSON3",
        "failure": "fireNotification11"
      }
    },
    "callFunctionParseJSON3": {
      "module": "vb/action/builtin/callModuleFunctionAction",
      "parameters": {
        "module": "[[ $application.functions ]]",
        "functionName": "parseJSON",
        "params": [
          "{{ $chain.results.callRestPostXXYASCOMMONLOV1GetLovData2.body.XxLOVResult }}"
        ]
      },
      "outcomes": {
        "success": "assignVariablesXxyasHotelSupplierADP"
      }
    },
    "assignVariablesXxyasHotelSupplierADP": {
      "module": "vb/action/builtin/assignVariablesAction",
      "parameters": {
        "$flow.variables.xxyasHotelSupplierADP": {
          "source": {
            "data": "{{ $chain.results.callFunctionParseJSON3 }}"
          },
          "reset": "none",
          "auto": "always"
        }
      }
    },
    "fireNotification12": {
      "module": "vb/action/builtin/fireNotificationEventAction",
      "parameters": {
        "target": "leaf",
        "summary": "[[ $chain.results.callRestPostXXYASCOMMONLOV1GetLovData3.message.summary ]]",
        "type": "error",
        "displayMode": "persist"
      }
    },
    "callRestPostXXYASCOMMONLOV1GetLovData3": {
      "module": "vb/action/builtin/restAction",
      "parameters": {
        "endpoint": "ics/postXXYAS_COMMON_LOV1_0GetLovData",
        "uriParams": {
          "lovName": "YAS_LOOKUP_LOV"
        },
        "body": {
          "XxLOVParameters": [
            {
              "parameter": "TICKET SUPPLIER"
            }
          ]
        }
      },
      "outcomes": {
        "failure": "fireNotification12",
        "success": "callFunctionParseJSON4"
      }
    },
    "callFunctionParseJSON4": {
      "module": "vb/action/builtin/callModuleFunctionAction",
      "parameters": {
        "module": "[[ $application.functions ]]",
        "functionName": "parseJSON",
        "params": [
          "{{ $chain.results.callRestPostXXYASCOMMONLOV1GetLovData3.body.XxLOVResult }}"
        ]
      },
      "outcomes": {
        "success": "assignVariablesXxyasticketSupplierADP"
      }
    },
    "assignVariablesXxyasticketSupplierADP": {
      "module": "vb/action/builtin/assignVariablesAction",
      "parameters": {
        "$flow.variables.xxyasticketSupplierADP": {
          "source": {
            "data": "{{ $chain.results.callFunctionParseJSON4 }}"
          },
          "reset": "none",
          "auto": "always"
        }
      }
    },
    "fireNotification13": {
      "module": "vb/action/builtin/fireNotificationEventAction",
      "parameters": {
        "target": "leaf",
        "summary": "[[ $chain.results.callRestPostXXYASCOMMONLOV1GetLovData4.message.summary ]]",
        "type": "error",
        "displayMode": "persist"
      }
    },
    "callRestPostXXYASCOMMONLOV1GetLovData4": {
      "module": "vb/action/builtin/restAction",
      "parameters": {
        "endpoint": "ics/postXXYAS_COMMON_LOV1_0GetLovData",
        "uriParams": {
          "lovName": "YAS_LOOKUP_LOV"
        },
        "body": {
          "XxLOVParameters": [
            {
              "parameter": "HARDSHIP COUNTRIES"
            }
          ]
        }
      },
      "outcomes": {
        "success": "callFunctionParseJSON5",
        "failure": "fireNotification13"
      }
    },
    "callFunctionParseJSON5": {
      "module": "vb/action/builtin/callModuleFunctionAction",
      "parameters": {
        "module": "[[ $application.functions ]]",
        "functionName": "parseJSON",
        "params": [
          "{{ $chain.results.callRestPostXXYASCOMMONLOV1GetLovData4.body.XxLOVResult }}"
        ]
      },
      "outcomes": {
        "success": "assignVariablesHardshipCountries"
      }
    },
    "assignVariablesHardshipCountries": {
      "module": "vb/action/builtin/assignVariablesAction",
      "parameters": {
        "$flow.variables.xxyashardshipCountriesADP": {
          "source": {
            "data": "{{ $chain.results.callFunctionParseJSON5 }}"
          },
          "reset": "none",
          "auto": "always"
        }
      }
    }
  }
}