{
  "description": "",
  "root": "assignVariablesXxyasLocalBusinessTravel",
  "actions": {
    "assignVariablesXxyasLocalBusinessTravel": {
      "module": "vb/action/builtin/assignVariablesAction",
      "parameters": {
        "$page.variables.xxyasLocalBusinessTravel": {
          "source": {
            "attribute2": "{{ $page.variables.xxyasLocalBusinessTravel.isAccommodationReq == 'YES' ? $page.variables.xxyasLocalBusinessTravel.attribute2 : null }}"
          },
          "reset": "none",
          "auto": "always"
        }
      }
    }
  },
  "variables": {
    "value": {
      "required": true,
      "type": "any",
      "input": "fromCaller"
    }
  }
}