{
  "root": "ifPRequestType",
  "description": "",
  "actions": {
    "assignVariablesXxyasLocalBusinessTravel": {
      "module": "vb/action/builtin/assignVariablesAction",
      "parameters": {
        "$page.variables.xxyasLocalBusinessTravel": {
          "source": {
            "totalAmount": "{{ $page.variables.v_perdiemValue * $page.variables.v_totalDays }}"
          },
          "reset": "none",
          "auto": "always"
        }
      },
      "outcomes": {
    }
    },
    "ifPRequestType": {
      "module": "vb/action/builtin/ifAction",
      "parameters": {
        "condition": "[[ $page.variables.p_requestType != 'REVIEW' ]]"
      },
      "outcomes": {
        "true": "if"
      }
    },
    "if": {
      "module": "vb/action/builtin/ifAction",
      "parameters": {
        "condition": "[[ !($functions.compareIdenticalStrings($page.variables.xxyasLocalBusinessTravel.workLocation, $page.variables.xxyasLocalBusinessTravel.destination) || $page.variables.xxyasLocalBusinessTravel.homeLocation===$page.variables.xxyasLocalBusinessTravel.destination) ]]"
      },
      "outcomes": {
        "true": "assignVariablesXxyasLocalBusinessTravel",
        "false": "assignVariablesXxyasLocalBusinessTravel2"
      }
    },
    "assignVariablesXxyasLocalBusinessTravel2": {
      "module": "vb/action/builtin/assignVariablesAction",
      "parameters": {
        "$page.variables.xxyasLocalBusinessTravel": {
          "source": {
            "totalAmount": "0"
          },
          "reset": "none",
          "auto": "always"
        }
      }
    }
  }
}