{
  "root": "ifXxyasSelectedEmployee",
  "description": "",
  "actions": {
    "ifXxyasSelectedEmployee": {
      "module": "vb/action/builtin/ifAction",
      "parameters": {
        "condition": "[[ !$application.functions.isEmpty($page.variables.xxyasSelectedEmployee) ]]"
      },
      "outcomes": {
        "true": "if"
      }
    },
    "assignVariablesXxyasLocalBusinessTravel": {
      "module": "vb/action/builtin/assignVariablesAction",
      "parameters": {
        "$page.variables.xxyasLocalBusinessTravel": {
          "source": "{{ $page.variables.xxyasSelectedEmployee }}",
          "auto": "always"
        }
      },
      "outcomes": {
        "success": "assignVariablesXxyasLocalBusinessTravel2"
      }
    },
    "callComponentPopupEmployeeSearchClose": {
      "module": "vb/action/builtin/callComponentMethodAction",
      "parameters": {
        "component": "{{ document.getElementById('popup-employee-search') }}",
        "method": "close"
      }
    },
    "assignVariablesXxyasLocalBusinessTravel2": {
      "module": "vb/action/builtin/assignVariablesAction",
      "parameters": {
        "$page.variables.xxyasLocalBusinessTravel": {
          "source": {
            "travel": "IN_UAE"
          },
          "reset": "none",
          "auto": "always"
        }
      },
      "outcomes": {
        "success": "callFunctionValidateForm"
      }
    },
    "if": {
      "module": "vb/action/builtin/ifAction",
      "parameters": {
        "condition": "[[ !$application.functions.isEmpty($page.variables.xxyasSelectedEmployee.gradeName) && $page.variables.xxyasSelectedEmployee.gradeName != 0 && !$application.functions.isEmpty($page.variables.xxyasSelectedEmployee.salaryBasis) ]]"
      },
      "outcomes": {
        "true": "assignVariablesXxyasLocalBusinessTravel",
        "false": "fireNotification"
      }
    },
    "fireNotification": {
      "module": "vb/action/builtin/fireNotificationEventAction",
      "parameters": {
        "target": "leaf",
        "displayMode": "transient",
        "summary": "Error",
        "message": "Employee is not eligible for Local Business Travel/Training Request!"
      }
    },
    "callFunctionValidateForm": {
      "module": "vb/action/builtin/callModuleFunctionAction",
      "parameters": {
        "module": "[[ $functions ]]",
        "functionName": "validateForm",
        "params": [
          "{{ $page.variables.xxyasLocalBusinessTravel.hireDate }}"
        ]
      },
      "outcomes": {
        "success": "callComponentPopupEmployeeSearchClose"
      }
    }
  }
}