{
  "root": "if",
  "description": "",
  "actions": {
    "if": {
      "module": "vb/action/builtin/ifAction",
      "parameters": {
        "condition": "[[ !$application.functions.isEmpty($page.variables.xxyasLocalBusinessTravel.travelType) && !$application.functions.isEmpty($page.variables.xxyasLocalBusinessTravel.startDate) && !$application.functions.isEmpty($page.variables.xxyasLocalBusinessTravel.endDate) && !$application.functions.isEmpty($page.variables.xxyasLocalBusinessTravel.tripLength) && !$application.functions.isEmpty($page.variables.v_totalDays) ]]"
      },
      "outcomes": {
        "true": "calcExactValue"
      }
    },
    "calcExactValue": {
      "module": "vb/action/builtin/callModuleFunctionAction",
      "parameters": {
        "module": "[[ $application.functions ]]",
        "functionName": "calcExactValue",
        "params": [
          "LOCAL_BUS",
          "{{ $page.variables.xxyasLocalBusinessTravel.travelType }}",
          "{{ $application.functions.searchByKey($flow.variables.xxYasTravelKMADP.data, 'lookupCode' ,$page.variables.xxyasLocalBusinessTravel.tripLength).meaning }}",
          "{{ $page.variables.v_totalDays }}"
        ]
      },
      "outcomes": {
        "success": "getGrade"
      }
    },
    "fireNotification": {
      "module": "vb/action/builtin/fireNotificationEventAction",
      "parameters": {
        "target": "leaf",
        "summary": "[[ $chain.results.getPerdiemValueCallRest.message.summary ]]",
        "type": "error",
        "displayMode": "persist"
      }
    },
    "getPerdiemValueCallRest": {
      "module": "vb/action/builtin/restAction",
      "parameters": {
        "endpoint": "ics/getXXYAS_OTBI_GEN_PERDIE_VALUE1_0PerdiemValue",
        "uriParams": {
          "p_exactValue": "{{ $chain.results.calcExactValue }}",
          "p_structureName": "{{ $chain.results.getPerdiemStructure }}",
          "p_gradeName": "{{ $chain.results.getGrade }}"
        }
      },
      "outcomes": {
        "failure": "callFunctionCloseSpinnerDialog",
        "success": "callFunctionCloseSpinnerDialog2"
      }
    },
    "assignVariablesVPerdiemValue": {
      "module": "vb/action/builtin/assignVariablesAction",
      "parameters": {
        "$page.variables.v_perdiemValue": {
          "source": "{{ $chain.results.getPerdiemValueCallRest.body.XXYASPerdiemValue.perdiemValue || 0 }}"
        },
        "$page.variables.xxIsPerdiemFetched": {
          "source": "Y"
        }
      },
      "outcomes": {
        "success": "callChainCalcTotalAmount"
      }
    },
    "callChainCalcTotalAmount": {
      "module": "vb/action/builtin/callChainAction",
      "parameters": {
        "id": "calcTotalAmount"
      }
    },
    "getGrade": {
      "module": "vb/action/builtin/callModuleFunctionAction",
      "parameters": {
        "module": "[[ $application.functions ]]",
        "functionName": "getGrade",
        "params": [
          "{{ $page.variables.xxyasLocalBusinessTravel.gradeName }}"
        ]
      },
      "outcomes": {
        "success": "getPerdiemStructure"
      }
    },
    "getPerdiemStructure": {
      "module": "vb/action/builtin/callModuleFunctionAction",
      "parameters": {
        "module": "[[ $application.functions ]]",
        "functionName": "getPerdiemStructure",
        "params": [
          "{{ $page.variables.xxyasLocalBusinessTravel.salaryBasis }}"
        ]
      },
      "outcomes": {
        "success": "callFunctionOpenSpinnerDialog"
      }
    },
    "callFunctionOpenSpinnerDialog": {
      "module": "vb/action/builtin/callModuleFunctionAction",
      "parameters": {
        "module": "[[ $application.functions ]]",
        "functionName": "openSpinnerDialog"
      },
      "outcomes": {
        "success": "getPerdiemValueCallRest"
      }
    },
    "callFunctionCloseSpinnerDialog": {
      "module": "vb/action/builtin/callModuleFunctionAction",
      "parameters": {
        "module": "[[ $application.functions ]]",
        "functionName": "closeSpinnerDialog"
      },
      "outcomes": {
        "success": "fireNotification"
      }
    },
    "callFunctionCloseSpinnerDialog2": {
      "module": "vb/action/builtin/callModuleFunctionAction",
      "parameters": {
        "module": "[[ $application.functions ]]",
        "functionName": "closeSpinnerDialog"
      },
      "outcomes": {
        "success": "assignVariablesVPerdiemValue"
      }
    }
  }
}