{
  "root": "callRestGetAttchmentsDetails",
  "description": "",
  "actions": {
    "fireNotification": {
      "module": "vb/action/builtin/fireNotificationEventAction",
      "parameters": {
        "target": "leaf",
        "summary": "[[ $chain.results.callRestGetAttchmentsDetails.message.summary ]]",
        "type": "error",
        "displayMode": "persist"
      },
      "outcomes": {
        "success": "callFunctionLogger"
      }
    },
    "callRestGetAttchmentsDetails": {
      "module": "vb/action/builtin/restAction",
      "parameters": {
        "endpoint": "ics/getAttchmentsDetails",
        "uriParams": {
          "moduleReqId": "{{ !$application.functions.isEmpty($page.variables.xxyasLocalBusinessTravel.loclBusTrvlId)?$page.variables.xxyasLocalBusinessTravel.loclBusTrvlId:-1 }}",
          "moduleName": "LOCAL_BUS"
        }
      },
      "outcomes": {
        "failure": "fireNotification",
        "success": "assignVariablesXxyasAttachmentsADP"
      }
    },
    "assignVariablesXxyasAttachmentsADP": {
      "module": "vb/action/builtin/assignVariablesAction",
      "parameters": {
        "$page.variables.xxyasAttachmentsADP": {
          "source": {
            "data": "{{ $chain.results.callRestGetAttchmentsDetails.body.XXYASAttachments || [] }}"
          },
          "reset": "none",
          "auto": "always",
          "mapping": {
            "$target.data": {
              "source": "$source.data",
              "reset": "empty"
            }
          }
        }
      },
      "outcomes": {
        "success": "assignVariablesXxyasAttachmentsOriginal"
      }
    },
    "assignVariablesXxyasAttachmentsOriginal": {
      "module": "vb/action/builtin/assignVariablesAction",
      "parameters": {
        "$page.variables.xxyasAttachmentsOriginal": {
          "source": "{{ $chain.results.callRestGetAttchmentsDetails.body.XXYASAttachments || [] }}",
          "reset": "empty"
        }
      },
      "outcomes": {
        "success": "return"
      }
    },
    "return": {
      "module": "vb/action/builtin/returnAction",
      "parameters": {
        "outcome": "success"
      }
    },
    "callFunctionLogger": {
      "module": "vb/action/builtin/callModuleFunctionAction",
      "parameters": {
        "module": "[[ $application.functions ]]",
        "functionName": "logger",
        "params": [
          "{{ $chain.results.callRestGetAttchmentsDetails.body.errorMessage }}"
        ]
      },
      "outcomes": {
        "success": "return2"
      }
    },
    "return2": {
      "module": "vb/action/builtin/returnAction",
      "parameters": {
        "outcome": "failure"
      }
    }
  }
}