{
  "root": "assignVariablesIsPageLoading",
  "description": "",
  "variables": {},
  "actions": {
    "assignVariablesIsPageLoading": {
      "module": "vb/action/builtin/assignVariablesAction",
      "parameters": {
        "$page.variables.isPageLoading": {
          "source": "LOADING"
        }
      },
      "outcomes": {
        "success": "callFunctionOpenSpinnerDialog"
      }
    },
    "callFunctionOpenSpinnerDialog": {
      "module": "vb/action/builtin/callModuleFunctionAction",
      "parameters": {
        "module": "[[ $application.functions ]]",
        "functionName": "openSpinnerDialog"
      },
      "outcomes": {
        "success": "ifPRequestType"
      }
    },
    "callFunctionCloseSpinnerDialog": {
      "module": "vb/action/builtin/callModuleFunctionAction",
      "parameters": {
        "module": "[[ $application.functions ]]",
        "functionName": "closeSpinnerDialog"
      }
    },
    "ifPRequestType": {
      "module": "vb/action/builtin/ifAction",
      "parameters": {
        "condition": "[[ $page.variables.p_requestType == \"CREATE\"]]"
      },
      "outcomes": {
        "true": "callChainInitPersonData",
        "false": "if"
      }
    },
    "callChainInitPersonData": {
      "module": "vb/action/builtin/callChainAction",
      "parameters": {
        "id": "initPersonData"
      },
      "outcomes": {
        "success": "assignVariablesXxyasLocalBusinessTravel"
      }
    },
    "assignVariablesXxyasLocalBusinessTravel": {
      "module": "vb/action/builtin/assignVariablesAction",
      "parameters": {
        "$page.variables.xxyasLocalBusinessTravel": {
          "source": {
            "travel": "IN_UAE",
            "currentStatus": "DRAFT",
            "mode": "CREATE"
          },
          "reset": "none",
          "auto": "always"
        }
      },
      "outcomes": {
        "success": "callFunctionCloseSpinnerDialog"
      }
    },
    "if": {
      "module": "vb/action/builtin/ifAction",
      "parameters": {
        "condition": "[[ $application.functions.isEmpty($page.variables.p_process_id) && $application.functions.isEmpty($page.variables.p_locl_bus_trvl_id) ]]"
      },
      "outcomes": {
        "true": "callFunctionCloseSpinnerDialog",
        "false": "callChainFetchLocalBusinessReq"
      }
    },
    "callChainFetchLocalBusinessReq": {
      "module": "vb/action/builtin/callChainAction",
      "parameters": {
        "id": "fetchLocalBusinessReq"
      },
      "outcomes": {
        "success": "callChainFetchAttachment"
      }
    },
    "callChainFetchAttachment": {
      "module": "vb/action/builtin/callChainAction",
      "parameters": {
        "id": "fetchAttachment"
      },
      "outcomes": {
        "success": "callChainFetchActionTasks"
      }
    },
    "callChainFetchActionTasks": {
      "module": "vb/action/builtin/callChainAction",
      "parameters": {
        "id": "fetchActionTasks"
      },
      "outcomes": {
        "success": "assignVariablesPRequestType"
      }
    },
    "assignVariablesPRequestType": {
      "module": "vb/action/builtin/assignVariablesAction",
      "parameters": {
        "$page.variables.p_requestType": {
          "source": "{{ $page.variables.tasks.items.length > 0 && $page.variables.xxyasLocalBusinessTravel.currentStatus == 'REQ_FOR_INFO' ? 'EDIT' : $page.variables.p_requestType }}"
        }
      },
      "outcomes": {
        "success": "callFunctionCloseSpinnerDialog"
      }
    }
  }
}