{
  "description": "",
  "root": "if",
  "actions": {
    "if": {
      "module": "vb/action/builtin/ifAction",
      "parameters": {
        "condition": "[[ $application.functions.isFormValid('local-business-vg') ]]"
      },
      "outcomes": {
        "false": "return",
        "true": "callFunctionValidatecheckStartDate"
      }
    },
    "return": {
      "module": "vb/action/builtin/returnAction",
      "parameters": {
        "outcome": "failure"
      }
    },
    "callFunctionOpenSpinnerDialog": {
      "module": "vb/action/builtin/callModuleFunctionAction",
      "parameters": {
        "module": "[[ $application.functions ]]",
        "functionName": "openSpinnerDialog"
      },
      "outcomes": {
        "success": "callChainCheckSubmittedLCLOverSeas"
      }
    },
    "fireNotification2": {
      "module": "vb/action/builtin/fireNotificationEventAction",
      "parameters": {
        "target": "leaf",
        "summary": "[[ $chain.results.callRestLocalBusinessTravelOperations.message.summary ]]",
        "type": "error",
        "displayMode": "persist"
      },
      "outcomes": {
        "success": "callFunctionCloseSpinnerDialog"
      }
    },
    "callFunctionCloseSpinnerDialog": {
      "module": "vb/action/builtin/callModuleFunctionAction",
      "parameters": {
        "module": "[[ $application.functions ]]",
        "functionName": "closeSpinnerDialog"
      },
      "outcomes": {
        "success": "return3"
      }
    },
    "return3": {
      "module": "vb/action/builtin/returnAction",
      "parameters": {
        "outcome": "failure"
      }
    },
    "if2": {
      "module": "vb/action/builtin/ifAction",
      "parameters": {
        "condition": "[[ $chain.results.callRestLocalBusinessTravelOperations.body.processingResult == \"SUCCESS\" ]]"
      },
      "outcomes": {
        "false": "fireNotification3",
        "true": "parseLocalBusinessTravelJSON"
      }
    },
    "return4": {
      "module": "vb/action/builtin/returnAction",
      "parameters": {
        "outcome": "failure"
      }
    },
    "callFunctionCloseSpinnerDialog2": {
      "module": "vb/action/builtin/callModuleFunctionAction",
      "parameters": {
        "module": "[[ $application.functions ]]",
        "functionName": "closeSpinnerDialog"
      },
      "outcomes": {
        "success": "return4"
      }
    },
    "fireNotification3": {
      "module": "vb/action/builtin/fireNotificationEventAction",
      "parameters": {
        "target": "leaf",
        "summary": "[[ $chain.results.callRestLocalBusinessTravelOperations.body.errorMessage ]]",
        "message": "[[ $chain.results.callRestLocalBusinessTravelOperations.body.processingResult ]]"
      },
      "outcomes": {
        "success": "callFunctionCloseSpinnerDialog2"
      }
    },
    "parseLocalBusinessTravelJSON": {
      "module": "vb/action/builtin/callModuleFunctionAction",
      "parameters": {
        "module": "[[ $application.functions ]]",
        "functionName": "parseJSON",
        "params": [
          "{{ $chain.results.callRestLocalBusinessTravelOperations.body.XXYASLoclBusTrvl }}"
        ]
      },
      "outcomes": {
        "success": "if3"
      }
    },
    "callRestLocalBusinessTravelOperations": {
      "module": "vb/action/builtin/restAction",
      "parameters": {
        "endpoint": "ics/postXXYA_HCM_EXT_LOCA_BUSI_TRAV_TRAI1_0Ocl_bus_trvl_operations",
        "body": {
          "XXYASLoclBusTrvl": "[[$page.variables.xxyasLocalBusinessTravel]]"
        }
      },
      "outcomes": {
        "failure": "fireNotification2",
        "success": "if2"
      }
    },
    "if3": {
      "module": "vb/action/builtin/ifAction",
      "parameters": {
        "condition": "[[ $chain.results.parseLocalBusinessTravelJSON.length>0 ]]"
      },
      "outcomes": {
        "false": "callFunctionCloseSpinnerDialog3",
        "true": "assignVariablesXxyasLocalBusinessTravel"
      }
    },
    "return5": {
      "module": "vb/action/builtin/returnAction",
      "parameters": {
        "outcome": "failure"
      }
    },
    "callFunctionCloseSpinnerDialog3": {
      "module": "vb/action/builtin/callModuleFunctionAction",
      "parameters": {
        "module": "[[ $application.functions ]]",
        "functionName": "closeSpinnerDialog"
      },
      "outcomes": {
        "success": "fireNotification5"
      }
    },
    "fireNotification5": {
      "module": "vb/action/builtin/fireNotificationEventAction",
      "parameters": {
        "target": "leaf",
        "summary": "Error",
        "message": "Please Contact System Adminstrator",
        "displayMode": "transient"
      },
      "outcomes": {
        "success": "return5"
      }
    },
    "assignVariablesXxyasLocalBusinessTravel": {
      "module": "vb/action/builtin/assignVariablesAction",
      "parameters": {
        "$page.variables.xxyasLocalBusinessTravel": {
          "source": "{{ $chain.results.parseLocalBusinessTravelJSON[0] || $page.variables.xxyasLocalBusinessTravel }}",
          "auto": "always"
        }
      },
      "outcomes": {
        "success": "callChainUpdateMode"
      }
    },
    "callChainUpdateMode": {
      "module": "vb/action/builtin/callChainAction",
      "parameters": {
        "id": "updateMode"
      },
      "outcomes": {
        "success": "assignVariablesXxyasLocalBusinessTravelOriginal"
      }
    },
    "assignVariablesXxyasLocalBusinessTravelOriginal": {
      "module": "vb/action/builtin/assignVariablesAction",
      "parameters": {
        "$page.variables.xxyasLocalBusinessTravelOriginal": {
          "source": "{{ $page.variables.xxyasLocalBusinessTravel }}",
          "auto": "always",
          "reset": "empty"
        }
      },
      "outcomes": {
        "success": "callChainSaveAttachments"
      }
    },
    "callChainSaveAttachments": {
      "module": "vb/action/builtin/callChainAction",
      "parameters": {
        "id": "saveAttachments"
      },
      "outcomes": {
        "success": "assignVariables2"
      }
    },
    "assignVariables2": {
      "module": "vb/action/builtin/assignVariablesAction",
      "parameters": {
        "$page.variables.isSaved": {
          "source": "true"
        },
        "$page.variables.p_locl_bus_trvl_id": {
          "source": "{{ $page.variables.xxyasLocalBusinessTravel.loclBusTrvlId }}"
        },
        "$page.variables.p_requestType": {
          "source": "EDIT"
        }
      },
      "outcomes": {
        "success": "callFunctionCloseSpinnerDialog4"
      }
    },
    "callFunctionCloseSpinnerDialog4": {
      "module": "vb/action/builtin/callModuleFunctionAction",
      "parameters": {
        "module": "[[ $application.functions ]]",
        "functionName": "closeSpinnerDialog"
      },
      "outcomes": {
        "success": "fireNotification6"
      }
    },
    "fireNotification6": {
      "module": "vb/action/builtin/fireNotificationEventAction",
      "parameters": {
        "target": "leaf",
        "message": "[['Request Saved Successfully : '+  $page.variables.xxyasLocalBusinessTravel.loclBusTrvlNo ]]",
        "summary": "Success",
        "type": "confirmation",
        "displayMode": "transient"
      },
      "outcomes": {
        "success": "return6"
      }
    },
    "return6": {
      "module": "vb/action/builtin/returnAction",
      "parameters": {
        "outcome": "success"
      }
    },
    "callChainCheckSubmittedLCLOverSeas": {
      "module": "vb/action/builtin/callChainAction",
      "parameters": {
        "id": "checkSubmittedLCL_OverSeas"
      },
      "outcomes": {
        "success": "if4"
      }
    },
    "if4": {
      "module": "vb/action/builtin/ifAction",
      "parameters": {
        "condition": "[[ $page.variables.xxyasLoclBsnsTrvlValidation.loclTrvlCount == 0 && $page.variables.xxyasLoclBsnsTrvlValidation.overseasTrvlCount == 0 ]]"
      },
      "outcomes": {
        "true": "assignVariablesXxyasLocalBusinessTravel2",
        "false": "fireNotification"
      }
    },
    "fireNotification": {
      "module": "vb/action/builtin/fireNotificationEventAction",
      "parameters": {
        "target": "leaf",
        "summary": "Error",
        "message": "Some Business Travel dates are Overlapping",
        "displayMode": "transient"
      },
      "outcomes": {
        "success": "callFunctionCloseSpinnerDialog5"
      }
    },
    "callFunctionCloseSpinnerDialog5": {
      "module": "vb/action/builtin/callModuleFunctionAction",
      "parameters": {
        "module": "[[ $application.functions ]]",
        "functionName": "closeSpinnerDialog"
      },
      "outcomes": {
        "success": "return2"
      }
    },
    "return2": {
      "module": "vb/action/builtin/returnAction",
      "parameters": {
        "outcome": "failure"
      }
    },
    "assignVariablesXxyasLocalBusinessTravel2": {
      "module": "vb/action/builtin/assignVariablesAction",
      "parameters": {
        "$page.variables.xxyasLocalBusinessTravel": {
          "source": {
            "mode": "{{ $page.variables.p_requestType }}",
            "requestedBy": "{{ $flow.variables.xxYasUser.personId }}",
            "totalDays": "{{ $page.variables.v_totalDays }}",
            "totalAmount": "{{ $page.variables.xxyasLocalBusinessTravel.workLocation===$page.variables.xxyasLocalBusinessTravel.destination ? 0 : $page.variables.xxyasLocalBusinessTravel.homeLocation===$page.variables.xxyasLocalBusinessTravel.destination ? 0 : $page.variables.xxyasLocalBusinessTravel.totalAmount }}"
          },
          "reset": "none",
          "auto": "always"
        }
      },
      "outcomes": {
        "success": "callRestLocalBusinessTravelOperations"
      }
    },
    "ifXxyasLocalBusinessTravel": {
      "module": "vb/action/builtin/ifAction",
      "parameters": {
        "condition": "[[ !$application.functions.isEmpty($page.variables.xxyasLocalBusinessTravel.processId) ]]"
      },
      "outcomes": {
        "true": "callFunctionOpenSpinnerDialog",
        "false": "ifXxIsPerdiemFetched"
      }
    },
    "fireNotification7": {
      "module": "vb/action/builtin/fireNotificationEventAction",
      "parameters": {
        "target": "leaf",
        "summary": "Warning",
        "message": "Perdiem value not calculated well, please try another browser",
        "displayMode": "transient",
        "type": "warning"
      },
      "outcomes": {
        "success": "return7"
      }
    },
    "return7": {
      "module": "vb/action/builtin/returnAction",
      "parameters": {
        "outcome": "success"
      }
    },
    "ifXxIsPerdiemFetched": {
      "module": "vb/action/builtin/ifAction",
      "parameters": {
        "condition": "[[ $page.variables.xxIsPerdiemFetched != 'Y' ]]"
      },
      "outcomes": {
        "true": "fireNotification7",
        "false": "callFunctionOpenSpinnerDialog"
      }
    },
    "callFunctionValidatecheckStartDate": {
      "module": "vb/action/builtin/callModuleFunctionAction",
      "parameters": {
        "module": "[[ $functions ]]",
        "functionName": "validatecheckStartDate",
        "params": [
          "{{ $page.variables.xxyasLocalBusinessTravel.startDate }}",
          "{{ $page.variables.xxyasLocalBusinessTravel.hireDate }}"
        ]
      },
      "outcomes": {
        "success": "if6"
      }
    },
    "if6": {
      "module": "vb/action/builtin/ifAction",
      "parameters": {
        "condition": "[[ $chain.results.callFunctionValidatecheckStartDate==='true' ]]"
      },
      "outcomes": {
        "true": "ifXxyasLocalBusinessTravel",
        "false": "fireNotification4"
      }
    },
    "return8": {
      "module": "vb/action/builtin/returnAction",
      "parameters": {
        "outcome": "failure"
      }
    },
    "fireNotification4": {
      "module": "vb/action/builtin/fireNotificationEventAction",
      "parameters": {
        "target": "leaf",
        "summary": "Error",
        "displayMode": "transient",
        "type": "error",
        "message": "[[ $chain.results.callFunctionValidatecheckStartDate ]]"
      },
      "outcomes": {
        "success": "return8"
      }
    }
  },
  "variables": {}
}