{
  "root": "if",
  "description": "",
  "actions": {
    "callFunctionLogger": {
      "module": "vb/action/builtin/callModuleFunctionAction",
      "parameters": {
        "module": "[[ $application.functions ]]",
        "functionName": "logger",
        "params": [
          "{{ $page.variables.xxyasAttachmentsADP.data }}"
        ]
      },
      "outcomes": {
        "success": "callFunctionModifyAllArrKeyValue"
      }
    },
    "if": {
      "module": "vb/action/builtin/ifAction",
      "parameters": {
        "condition": "[[ !$application.functions.isEmpty($page.variables.xxyasAttachmentsADP.data) && $page.variables.xxyasAttachmentsADP.data.length!=0 && !$application.functions.checkFileListEquality($page.variables.xxyasAttachmentsADP.data, $page.variables.xxyasAttachmentsOriginal) ]]"
      },
      "outcomes": {
        "true": "callFunctionLogger",
        "false": "return"
      }
    },
    "return": {
      "module": "vb/action/builtin/returnAction",
      "parameters": {
        "outcome": "success"
      }
    },
    "callFunctionModifyAllArrKeyValue": {
      "module": "vb/action/builtin/callModuleFunctionAction",
      "parameters": {
        "module": "[[ $application.functions ]]",
        "functionName": "modifyAllArrKeyValue",
        "params": [
          "{{ $page.variables.xxyasAttachmentsADP.data }}",
          "moduleReqId",
          "{{ $page.variables.xxyasLocalBusinessTravel.loclBusTrvlId }}"
        ]
      },
      "outcomes": {
        "success": "fireDataProviderEventXxyasAttachmentsADP"
      }
    },
    "fireDataProviderEventXxyasAttachmentsADP": {
      "module": "vb/action/builtin/fireDataProviderEventAction",
      "parameters": {
        "target": "[[ $page.variables.xxyasAttachmentsADP ]]",
        "update": {
          "data": "{{ $chain.results.callFunctionModifyAllArrKeyValue }}"
        }
      },
      "outcomes": {
        "success": "newAttachments"
      }
    },
    "if3": {
      "module": "vb/action/builtin/ifAction",
      "parameters": {
        "condition": "[[ !$application.functions.isEmpty($chain.results.newAttachments) && $chain.results.newAttachments.length!=0 ]]"
      },
      "outcomes": {
        "false": "return2",
        "true": "callFunctionToFormData"
      }
    },
    "return2": {
      "module": "vb/action/builtin/returnAction",
      "parameters": {
        "outcome": "success"
      }
    },
    "callFunctionToFormData": {
      "module": "vb/action/builtin/callModuleFunctionAction",
      "parameters": {
        "module": "[[ $application.functions ]]",
        "functionName": "toFormData",
        "params": [
          "{{ $chain.results.newAttachments }}"
        ]
      },
      "outcomes": {
        "success": "callRestPostXXYASCOMMONATTACHUP1Attachments"
      }
    },
    "newAttachments": {
      "module": "vb/action/builtin/callModuleFunctionAction",
      "parameters": {
        "module": "[[ $application.functions ]]",
        "functionName": "filterByKey",
        "params": [
          "{{ $page.variables.xxyasAttachmentsADP.data }}",
          "attachmentId",
          "{{ null }}"
        ]
      },
      "outcomes": {
        "success": "if3"
      }
    },
    "fireNotification": {
      "module": "vb/action/builtin/fireNotificationEventAction",
      "parameters": {
        "target": "leaf",
        "summary": "[[ $chain.results.callRestPostXXYASCOMMONATTACHUP1Attachments.message.summary ]]",
        "type": "error",
        "displayMode": "persist"
      },
      "outcomes": {
        "success": "return3"
      }
    },
    "callRestPostXXYASCOMMONATTACHUP1Attachments": {
      "module": "vb/action/builtin/restAction",
      "parameters": {
        "endpoint": "ics/postXXYAS_COMMON_ATTACH_UP1_0Attachments",
        "body": "{{ $chain.results.callFunctionToFormData }}",
        "contentType": "[[ \"multipart/mixed\" ]]"
      },
      "outcomes": {
        "failure": "fireNotification",
        "success": "callFunctionModifyArrInplace"
      }
    },
    "return3": {
      "module": "vb/action/builtin/returnAction",
      "parameters": {
        "outcome": "failure"
      }
    },
    "callFunctionModifyArrInplace": {
      "module": "vb/action/builtin/callModuleFunctionAction",
      "parameters": {
        "module": "[[ $application.functions ]]",
        "functionName": "modifyArrInplace",
        "params": [
          "{{ $page.variables.xxyasAttachmentsADP.data }}",
          "{{ $chain.results.callRestPostXXYASCOMMONATTACHUP1Attachments.body.XXYASAttachments || [] }}",
          "uploadedFileName"
        ]
      },
      "outcomes": {
        "success": "assignVariablesXxyasAttachmentsADP"
      }
    },
    "assignVariablesXxyasAttachmentsADP": {
      "module": "vb/action/builtin/assignVariablesAction",
      "parameters": {
        "$page.variables.xxyasAttachmentsADP": {
          "source": {
            "data": "{{ $chain.results.callFunctionModifyArrInplace }}"
          },
          "reset": "none",
          "auto": "always",
          "mapping": {
            "$target.data": {
              "source": "$source.data",
              "reset": "empty"
            }
          }
        }
      },
      "outcomes": {
        "success": "fireDataProviderEventXxyasAttachmentsADP2"
      }
    },
    "fireDataProviderEventXxyasAttachmentsADP2": {
      "module": "vb/action/builtin/fireDataProviderEventAction",
      "parameters": {
        "target": "[[ $page.variables.xxyasAttachmentsADP ]]",
        "refresh": null
      },
      "outcomes": {
        "success": "assignVariablesXxyasAttachmentsOriginal"
      }
    },
    "assignVariablesXxyasAttachmentsOriginal": {
      "module": "vb/action/builtin/assignVariablesAction",
      "parameters": {
        "$page.variables.xxyasAttachmentsOriginal": {
          "source": "{{ $page.variables.xxyasAttachmentsADP.data }}",
          "reset": "empty"
        }
      },
      "outcomes": {
        "success": "return4"
      }
    },
    "return4": {
      "module": "vb/action/builtin/returnAction",
      "parameters": {
        "outcome": "success"
      }
    }
  }
}