{
  "description": "",
  "root": "callFunctionOpenSpinnerDialog",
  "actions": {
    "callFunctionOpenSpinnerDialog": {
      "module": "vb/action/builtin/callModuleFunctionAction",
      "parameters": {
        "module": "[[ $application.functions ]]",
        "functionName": "openSpinnerDialog"
      },
      "outcomes": {
        "success": "callChainCheckSubmittedLCLOverSeas"
      }
    },
    "assignVariablesPRequestType": {
      "module": "vb/action/builtin/assignVariablesAction",
      "parameters": {
        "$page.variables.p_requestType": {
          "source": "REVIEW"
        },
        "$page.variables.xxyasLocalBusinessTravel": {
          "source": {
            "currentStatus": "PENDING"
          },
          "reset": "none",
          "auto": "always"
        },
        "$page.variables.xxyasLocalBusinessTravelOriginal": {
          "source": {
            "currentStatus": "PENDING"
          },
          "reset": "none",
          "auto": "always"
        }
      },
      "outcomes": {
        "success": "callFunctionCloseSpinnerDialog"
      }
    },
    "callFunctionCloseSpinnerDialog": {
      "module": "vb/action/builtin/callModuleFunctionAction",
      "parameters": {
        "module": "[[ $application.functions ]]",
        "functionName": "closeSpinnerDialog"
      },
      "outcomes": {
        "success": "fireNotification3"
      }
    },
    "callFunctionCloseSpinnerDialog2": {
      "module": "vb/action/builtin/callModuleFunctionAction",
      "parameters": {
        "module": "[[ $application.functions ]]",
        "functionName": "closeSpinnerDialog"
      }
    },
    "fireNotification3": {
      "module": "vb/action/builtin/fireNotificationEventAction",
      "parameters": {
        "target": "leaf",
        "type": "confirmation",
        "summary": "Success",
        "message": "Request submitted successfuly",
        "displayMode": "transient"
      }
    },
    "callChainCheckSubmittedLCLOverSeas": {
      "module": "vb/action/builtin/callChainAction",
      "parameters": {
        "id": "checkSubmittedLCL_OverSeas"
      },
      "outcomes": {
        "success": "if"
      }
    },
    "if": {
      "module": "vb/action/builtin/ifAction",
      "parameters": {
        "condition": "[[ $page.variables.xxyasLoclBsnsTrvlValidation.loclTrvlCount == 0 && $page.variables.xxyasLoclBsnsTrvlValidation.overseasTrvlCount == 0 ]]"
      },
      "outcomes": {
        "true": "assignVariablesXxyasLocalBusinessTravel",
        "false": "callFunctionCloseSpinnerDialog3"
      }
    },
    "callFunctionCloseSpinnerDialog3": {
      "module": "vb/action/builtin/callModuleFunctionAction",
      "parameters": {
        "module": "[[ $application.functions ]]",
        "functionName": "closeSpinnerDialog"
      },
      "outcomes": {
        "success": "fireNotification4"
      }
    },
    "fireNotification4": {
      "module": "vb/action/builtin/fireNotificationEventAction",
      "parameters": {
        "target": "leaf",
        "summary": "Error",
        "message": "Some Business Travel dates are Overlapping",
        "displayMode": "transient"
      }
    },
    "assignVariablesLocalBTProcessInstance": {
      "module": "vb/action/builtin/assignVariablesAction",
      "parameters": {
        "$page.variables.localBTProcessInstance": {
          "source": {
            "params": {
              "applicationName": "XXYASLoclBunsTrvlApplication",
              "processName": "XXYASLoclBunsTrvlProcess"
            },
            "dataObject": {
              "localBusinessTravelEncashmentRequest": "{{ $page.variables.xxyasLocalBusinessTravel }}"
            }
          },
          "reset": "none",
          "auto": "always",
          "mapping": {
            "$target.params": {
              "source": "$source.params",
              "reset": "none",
              "auto": "always"
            },
            "$target.dataObject": {
              "source": "$source.dataObject",
              "reset": "none",
              "auto": "always",
              "mapping": {
                "$target.localBusinessTravelEncashmentRequest": {
                  "source": "$source.localBusinessTravelEncashmentRequest",
                  "reset": "none",
                  "auto": "always"
                }
              }
            }
          }
        }
      },
      "outcomes": {
        "success": "callRestCreateInstance"
      }
    },
    "fireNotification2": {
      "module": "vb/action/builtin/fireNotificationEventAction",
      "parameters": {
        "target": "leaf",
        "summary": "[[ $chain.results.callRestCreateInstance.message.summary ]]",
        "type": "error",
        "displayMode": "persist"
      },
      "outcomes": {
        "success": "callFunctionCloseSpinnerDialog2"
      }
    },
    "callRestCreateInstance": {
      "module": "vb/action/builtin/restAction",
      "parameters": {
        "endpoint": "opa_localBusinessTravel/createInstance",
        "body": "{{ $page.variables.localBTProcessInstance }}"
      },
      "outcomes": {
        "success": "assignVariablesPRequestType",
        "failure": "fireNotification2"
      }
    },
    "assignVariablesXxyasLocalBusinessTravel": {
      "module": "vb/action/builtin/assignVariablesAction",
      "parameters": {
        "$page.variables.xxyasLocalBusinessTravel": {
          "source": {
            "ameCategory": "{{ $flow.variables.xxYasUser.ameCategory }}"
          },
          "reset": "none",
          "auto": "always"
        }
      },
      "outcomes": {
        "success": "assignVariablesLocalBTProcessInstance"
      }
    }
  },
  "variables": {}
}