{
  "root": "assignVariablesPRequestType",
  "description": "",
  "actions": {
    "assignVariablesPRequestType": {
      "module": "vb/action/builtin/assignVariablesAction",
      "parameters": {
        "$page.variables.p_requestType": {
          "source": "$page.variables.p_requestType == 'CREATE' && !$application.functions.isEmpty($page.variables.xxyasLocalBusinessTravel.loclBusTrvlId) ?'EDIT' : $page.variables.p_requestType"
        }
      },
      "outcomes": {
        "success": "assignVariablesXxyasLocalBusinessTravel"
      }
    },
    "assignVariablesXxyasLocalBusinessTravel": {
      "module": "vb/action/builtin/assignVariablesAction",
      "parameters": {
        "$page.variables.xxyasLocalBusinessTravel": {
          "source": {
            "mode": "{{ !$application.functions.isEmpty($page.variables.xxyasLocalBusinessTravel.loclBusTrvlId)?'EDIT':'CREATE' }}"
          },
          "auto": "always",
          "reset": "none"
        }
      }
    }
  }
}