{
  "description": "",
  "root": "forEachInFiles",
  "actions": {
    "forEachInFiles": {
      "module": "vb/action/builtin/forEachAction",
      "parameters": {
        "items": "{{ Object.values($variables.files) }}",
        "as": "fileRef",
        "actionId": "callFunctionLogger"
      },
      "outcomes": {
        "success": "callFunctionLogger2"
      }
    },
    "callFunctionLogger": {
      "module": "vb/action/builtin/callModuleFunctionAction",
      "parameters": {
        "module": "[[ $application.functions ]]",
        "functionName": "logger",
        "params": [
          "{{ fileRef }}"
        ]
      },
      "outcomes": {
        "success": "ifXxyasAttachmentsADP"
      }
    },
    "ifXxyasAttachmentsADP": {
      "module": "vb/action/builtin/ifAction",
      "parameters": {
        "condition": "[[ !$application.functions.checkExists($page.variables.xxyasAttachmentsADP.data, {\"uploadedFileName\":fileRef.data.name}, 'uploadedFileName') ]]"
      },
      "outcomes": {
        "true": "callFunctionReadLocalFile"
      }
    },
    "callFunctionReadLocalFile": {
      "module": "vb/action/builtin/callModuleFunctionAction",
      "parameters": {
        "module": "[[ $application.functions ]]",
        "functionName": "readLocalFile",
        "params": [
          "{{ fileRef.data }}"
        ]
      },
      "outcomes": {
        "success": "callFunctionStr2ab"
      }
    },
    "callFunctionStr2ab": {
      "module": "vb/action/builtin/callModuleFunctionAction",
      "parameters": {
        "module": "[[ $application.functions ]]",
        "functionName": "str2ab",
        "params": [
          "{{ $chain.results.callFunctionReadLocalFile }}"
        ]
      },
      "outcomes": {
        "success": "callFunctionCreateAttachment"
      }
    },
    "callFunctionCreateAttachment": {
      "module": "vb/action/builtin/callModuleFunctionAction",
      "parameters": {
        "module": "[[ $application.functions ]]",
        "functionName": "createAttachment",
        "params": [
          "{{ fileRef.data }}",
          "LOCAL_BUS",
          "{{ $page.variables.xxyasLocalBusinessTravel.loclBusTrvlId }}",
          "{{ $chain.results.callFunctionStr2ab }}"
        ]
      },
      "outcomes": {
        "success": "fireDataProviderEventXxyasAttachmentsADP"
      }
    },
    "fireDataProviderEventXxyasAttachmentsADP": {
      "module": "vb/action/builtin/fireDataProviderEventAction",
      "parameters": {
        "target": "[[ $page.variables.xxyasAttachmentsADP ]]",
        "add": {
          "data": "{{ $chain.results.callFunctionCreateAttachment }}"
        }
      }
    },
    "callFunctionLogger2": {
      "module": "vb/action/builtin/callModuleFunctionAction",
      "parameters": {
        "module": "[[ $application.functions ]]",
        "functionName": "logger",
        "params": [
          "{{ $page.variables.xxyasAttachmentsADP }}"
        ]
      },
      "outcomes": {
        "success": "callFunctionLogger3"
      }
    },
    "callFunctionLogger3": {
      "module": "vb/action/builtin/callModuleFunctionAction",
      "parameters": {
        "module": "[[ $application.functions ]]",
        "functionName": "logger",
        "params": [
          "{{ $page.variables.xxyasAttachmentsADP.data }}"
        ]
      }
    }
  },
  "variables": {
    "files": {
      "required": true,
      "type": "object[]",
      "input": "fromCaller"
    }
  }
}