{
  "description": "",
  "root": "ifTaskAction",
  "actions": {
    "ifTaskAction": {
      "module": "vb/action/builtin/ifAction",
      "parameters": {
        "condition": "[[ $page.variables.taskAction.actionCode =='APPROVE' ]]"
      },
      "outcomes": {
        "true": "if4",
        "false": "if2"
      }
    },
    "ifTasks": {
      "module": "vb/action/builtin/ifAction",
      "parameters": {
        "condition": "[[ $application.functions.isValidApprovalLevel($page.variables.tasks, 'Travel Desk Officer') ]]"
      },
      "outcomes": {
        "false": "ifTasks2",
        "true": "if"
      }
    },
    "callChainPerformTaskActionChain": {
      "module": "vb/action/builtin/callChainAction",
      "parameters": {
        "id": "performTaskActionChain"
      },
      "outcomes": {
        "success": "resetVariablesApprovalComments"
      }
    },
    "if": {
      "module": "vb/action/builtin/ifAction",
      "parameters": {
        "condition": "[[ $application.functions.isFormValid('local-business-vg') ]]"
      },
      "outcomes": {
        "true": "callChainSaveLocalBusinessTravel",
        "false": "callComponentDialogApprovalClose"
      }
    },
    "callChainSaveLocalBusinessTravel": {
      "module": "vb/action/builtin/callChainAction",
      "parameters": {
        "id": "saveLocalBusinessTravel"
      },
      "outcomes": {
        "success": "callChainPerformTaskActionChain2"
      }
    },
    "callChainPerformTaskActionChain2": {
      "module": "vb/action/builtin/callChainAction",
      "parameters": {
        "id": "performTaskActionChain"
      },
      "outcomes": {
        "success": "resetVariablesApprovalComments"
      }
    },
    "callComponentDialogApprovalClose": {
      "module": "vb/action/builtin/callComponentMethodAction",
      "parameters": {
        "component": "{{ document.getElementById('dialog-approval') }}",
        "method": "close"
      },
      "outcomes": {
        "success": "resetVariablesApprovalComments"
      }
    },
    "resetVariablesApprovalComments": {
      "module": "vb/action/builtin/resetVariablesAction",
      "parameters": {
        "variables": [
          "$page.variables.approval_comments"
        ]
      },
      "outcomes": {}
    },
    "ifTaskAction3": {
      "module": "vb/action/builtin/ifAction",
      "parameters": {
        "condition": "[[ $page.variables.taskAction.actionCode =='SUBMIT' ]]"
      },
      "outcomes": {
        "true": "callChainSaveLocalBusinessTravel2",
        "false": "callChainPerformTaskActionChain4"
      }
    },
    "callChainSaveLocalBusinessTravel2": {
      "module": "vb/action/builtin/callChainAction",
      "parameters": {
        "id": "saveLocalBusinessTravel"
      },
      "outcomes": {
        "success": "callChainPerformTaskActionChain3"
      }
    },
    "callChainPerformTaskActionChain3": {
      "module": "vb/action/builtin/callChainAction",
      "parameters": {
        "id": "performTaskActionChain"
      },
      "outcomes": {
        "success": "resetVariablesApprovalComments2"
      }
    },
    "callChainPerformTaskActionChain4": {
      "module": "vb/action/builtin/callChainAction",
      "parameters": {
        "id": "performTaskActionChain"
      },
      "outcomes": {
        "success": "resetVariablesApprovalComments2"
      }
    },
    "if2": {
      "module": "vb/action/builtin/ifAction",
      "parameters": {
        "condition": "[[ $page.variables.taskAction.actionCode =='REJECT' || $page.variables.taskAction.actionCode == 'REQ_FOR_INFO' ]]"
      },
      "outcomes": {
        "true": "callFunctionOpenSpinnerDialogR",
        "false": "ifTaskAction3"
      }
    },
    "ifTasks2": {
      "module": "vb/action/builtin/ifAction",
      "parameters": {
        "condition": "[[ $application.functions.isValidApprovalLevelSwimLane($page.variables.tasks, 'HR Officer',2) ]]"
      },
      "outcomes": {
        "true": "callChainSaveLocalBusinessTravel4",
        "false": "callChainPerformTaskActionChain"
      }
    },
    "callChainSaveLocalBusinessTravel4": {
      "module": "vb/action/builtin/callChainAction",
      "parameters": {
        "id": "saveLocalBusinessTravel"
      },
      "outcomes": {
        "success": "callChainPerformTaskActionChain"
      }
    },
    "if4": {
      "module": "vb/action/builtin/ifAction",
      "parameters": {
        "condition": "[[ $application.functions.attachmentsCheck($page.variables.tasks,$page.variables.xxyasAttachmentsADP) ]]"
      },
      "outcomes": {
        "true": "ifTasks",
        "false": "fireNotification"
      }
    },
    "fireNotification": {
      "module": "vb/action/builtin/fireNotificationEventAction",
      "parameters": {
        "target": "leaf",
        "summary": "Error",
        "message": "Attachments are required"
      }
    },
    "callFunctionOpenSpinnerDialogR": {
      "module": "vb/action/builtin/callModuleFunctionAction",
      "parameters": {
        "module": "[[ $application.functions ]]",
        "functionName": "openSpinnerDialog"
      },
      "outcomes": {
        "success": "assignVariablesR"
      }
    },
    "assignVariablesR": {
      "module": "vb/action/builtin/assignVariablesAction",
      "parameters": {
        "$page.variables.xxYasApprovalLine": {
          "source": {
            "mode": "EDIT",
            "requestLineId": "{{ $application.functions.splitStringFromProcesInstance($page.variables.tasks.items[0].description).lineId }}",
            "approvalComments": "{{ $page.variables.approval_comments }}"
          },
          "reset": "none",
          "auto": "always"
        }
      },
      "outcomes": {
        "success": "callRestApprovalLinesDMLR"
      }
    },
    "fireNotificationR": {
      "module": "vb/action/builtin/fireNotificationEventAction",
      "parameters": {
        "target": "leaf",
        "summary": "[[ $chain.results.callRestApprovalLinesDML.message.summary ]]",
        "type": "error",
        "displayMode": "persist"
      },
      "outcomes": {
        "success": "callFunctionCloseSpinnerDialogR"
      }
    },
    "callRestApprovalLinesDMLR": {
      "module": "vb/action/builtin/restAction",
      "parameters": {
        "endpoint": "ics/approvalLinesDML",
        "body": {
          "XXYASApprovalLine": "[[$page.variables.xxYasApprovalLine]]"
        }
      },
      "outcomes": {
        "failure": "fireNotificationR",
        "success": "callFunctionCloseSpinnerDialog2R"
      }
    },
    "callFunctionCloseSpinnerDialogR": {
      "module": "vb/action/builtin/callModuleFunctionAction",
      "parameters": {
        "module": "[[ $application.functions ]]",
        "functionName": "closeSpinnerDialog"
      }
    },
    "callFunctionCloseSpinnerDialog2R": {
      "module": "vb/action/builtin/callModuleFunctionAction",
      "parameters": {
        "module": "[[ $application.functions ]]",
        "functionName": "closeSpinnerDialog"
      },
      "outcomes": {
        "success": "callChainPerformTaskActionChainR"
      }
    },
    "callChainPerformTaskActionChainR": {
      "module": "vb/action/builtin/callChainAction",
      "parameters": {
        "id": "performTaskActionChain"
      },
      "outcomes": {
        "success": "resetVariablesApprovalComments2"
      }
    },
    "resetVariablesApprovalComments2": {
      "module": "vb/action/builtin/resetVariablesAction",
      "parameters": {
        "variables": [
          "$page.variables.approval_comments"
        ]
      }
    }
  },
  "variables": {}
}