{
  "root": "ifIsPageLoading",
  "description": "",
  "actions": {
    "callFunctionCalcEligibilityAmount": {
      "module": "vb/action/builtin/callModuleFunctionAction",
      "parameters": {
        "module": "[[ $flow.functions ]]",
        "functionName": "calcEligibilityAmount",
        "params": [
          "{{ $page.variables.xxyasChildEducation.hireDate }}",
          "{{ $page.variables.xxyasChildEducation.contactDob }}",
          "{{ $variables.gradeRate }}",
          "{{ $application.functions.searchByKey($flow.variables.xxyasYearADP.data, 'lookupCode', $page.variables.xxyasChildEducation.year)?$application.functions.searchByKey($flow.variables.xxyasYearADP.data, 'lookupCode', $page.variables.xxyasChildEducation.year).meaning:-1 }}",
          "{{ $page.variables.xxyasChildEducation.academicYear }}",
          "{{ $page.variables.xxMinAge }}",
          "{{ $page.variables.xxMaxAge }}",
          "{{ $chain.results.callFunctionRemoveGradePromotionRatesDublicate }}"
        ]
      },
      "outcomes": {
        "success": "if"
      }
    },
    "if": {
      "module": "vb/action/builtin/ifAction",
      "parameters": {
        "condition": "[[ $chain.results.callFunctionCalcEligibilityAmount.result == \"SUCCESS\" ]]"
      },
      "outcomes": {
        "true": "assignVariablesXxyasChildEducation"
      }
    },
    "assignVariablesXxyasChildEducation": {
      "module": "vb/action/builtin/assignVariablesAction",
      "parameters": {
        "$page.variables.xxyasChildEducation": {
          "source": {
            "eligibilityAmount": "{{ $chain.results.callFunctionCalcEligibilityAmount.eligibilityAmount }}"
          },
          "reset": "none",
          "auto": "always"
        }
      }
    },
    "ifIsPageLoading": {
      "module": "vb/action/builtin/ifAction",
      "parameters": {
        "condition": "[[ $page.variables.isPageLoading==\"LOADED\" ]]"
      },
      "outcomes": {
        "true": "callRestGetEduAllowRate"
      }
    },
    "callRestGetGradePromotionRate": {
      "module": "vb/action/builtin/restAction",
      "parameters": {
        "endpoint": "ics/getXXYA_EXT_OTBI_EA_GRAD_RATE_PROM1_0GradePromotionRate",
        "uriParams": {
          "personId": "{{ $page.variables.xxyasChildEducation.personId }}",
          "endDate": "{{ new Date($chain.results.callFunctionCalcFirstLastDay.lastDay).toISOString().split('T')[0] }}",
          "startDate": "{{ new Date($chain.results.callFunctionCalcFirstLastDay.firstDay).toISOString().split('T')[0] }}"
        }
      },
      "outcomes": {
        "success": "if2"
      }
    },
    "callRestGetEduAllowRate": {
      "module": "vb/action/builtin/restAction",
      "parameters": {
        "endpoint": "ics/getXXYAS_EXT_OTBI_EDUCA_ALLOW_RATE1_0GetEduAllowRate",
        "uriParams": {
          "Person_Id": "{{ $page.variables.xxyasChildEducation.personId }}"
        }
      },
      "outcomes": {
        "success": "if4"
      }
    },
    "if2": {
      "module": "vb/action/builtin/ifAction",
      "parameters": {
        "condition": "[[ !$application.functions.isEmpty($chain.results.callRestGetGradePromotionRate.body) && !$application.functions.isEmpty($chain.results.callRestGetGradePromotionRate.body.XXYASGradePromotionRates) ]]"
      },
      "outcomes": {
        "true": "callFunctionRemoveGradePromotionRatesDublicate",
        "false": "assignVariablesGradeRate2"
      }
    },
    "callFunctionCalcFirstLastDay": {
      "module": "vb/action/builtin/callModuleFunctionAction",
      "parameters": {
        "module": "[[ $flow.functions ]]",
        "functionName": "calcFirstLastDay",
        "params": [
          "{{ $application.functions.searchByKey($flow.variables.xxyasYearADP.data, 'lookupCode', $page.variables.xxyasChildEducation.year)?$application.functions.searchByKey($flow.variables.xxyasYearADP.data, 'lookupCode', $page.variables.xxyasChildEducation.year).meaning:-1 }}",
          "{{ $page.variables.xxyasChildEducation.academicYear }}"
        ]
      },
      "outcomes": {
        "success": "callRestGetGradePromotionRate"
      }
    },
    "callFunctionRemoveGradePromotionRatesDublicate": {
      "module": "vb/action/builtin/callModuleFunctionAction",
      "parameters": {
        "module": "[[ $flow.functions ]]",
        "functionName": "removeGradePromotionRatesDublicate",
        "params": [
          "{{ $chain.results.callRestGetGradePromotionRate.body.XXYASGradePromotionRates }}",
          "{{ $chain.results.callFunctionCalcFirstLastDay.firstDay }}"          ,
          "{{ $chain.results.callFunctionCalcFirstLastDay.lastDay }}"
        ]
      },
      "outcomes": {
        "success": "callFunctionCalcGradePromotionRate"
      }
    },
    "callFunctionCalcGradePromotionRate": {
      "module": "vb/action/builtin/callModuleFunctionAction",
      "parameters": {
        "module": "[[ $flow.functions ]]",
        "functionName": "calcGradePromotionRate",
        "params": [
          "{{ $chain.results.callFunctionRemoveGradePromotionRatesDublicate }}",
          "{{ $chain.results.callFunctionCalcFirstLastDay.firstDay }}",
          "{{ $chain.results.callFunctionCalcFirstLastDay.lastDay }}"
        ]
      },
      "outcomes": {
        "success": "assignVariablesGradeRate3"
      }
    },
    "ifXxyasChildEducation": {
      "module": "vb/action/builtin/ifAction",
      "parameters": {
        "condition": "[[ !$page.variables.xxyasChildEducation.salaryBasis.includes('Service') ]]"
      },
      "outcomes": {
        "true": "callFunctionCalcFirstLastDay",
        "false": "assignVariables2"
      }
    },
    "assignVariables2": {
      "module": "vb/action/builtin/assignVariablesAction",
      "parameters": {
        "$variables.gradeRate": {
          "source": "{{ $page.variables.xxyasChildEducation.gradeRateValue }}"
        }
      },
      "outcomes": {
        "success": "callFunctionCalcEligibilityAmount"
      }
    },
    "assignVariablesGradeRate": {
      "module": "vb/action/builtin/assignVariablesAction",
      "parameters": {
        "$variables.gradeRate": {
          "source": "{{ $page.variables.xxyasChildEducation.gradeRateValue }}"
        }
      },
      "outcomes": {
        "success": "callFunctionCalcEligibilityAmount"
      }
    },
    "assignVariablesGradeRate2": {
      "module": "vb/action/builtin/assignVariablesAction",
      "parameters": {
        "$variables.gradeRate": {
          "source": "{{ $page.variables.xxyasChildEducation.gradeRateValue }}"
        }
      },
      "outcomes": {
        "success": "callFunctionCalcEligibilityAmount"
      }
    },
    "assignVariablesGradeRate3": {
      "module": "vb/action/builtin/assignVariablesAction",
      "parameters": {
        "$variables.gradeRate": {
          "source": "{{ $chain.results.callFunctionCalcGradePromotionRate }}"
        }
      },
      "outcomes": {
        "success": "assignVariablesXxyasChildEducation2"
      }
    },
    "if4": {
      "module": "vb/action/builtin/ifAction",
      "parameters": {
        "condition": "[[ $application.functions.isEmpty($chain.results.callRestGetEduAllowRate.body.XXYASEduAllownce.contractRate) ]]"
      },
      "outcomes": {
        "true": "ifXxyasChildEducation",
        "false": "assignVariablesGradeRate"
      }
    },
    "assignVariablesXxyasChildEducation2": {
      "module": "vb/action/builtin/assignVariablesAction",
      "parameters": {
        "$page.variables.xxyasChildEducation": {
          "source": {
            "gradeRateValue": "{{ $chain.results.callFunctionCalcGradePromotionRate }}"
          },
          "reset": "none",
          "auto": "always"
        }
      },
      "outcomes": {
        "success": "callFunctionCalcEligibilityAmount"
      }
    }
  },
  "variables": {
    "gradeRate": {
      "type": "any"
    }
  }
}