{
  "description": "",
  "root": "resetVariablesXxyasPersonSearchCriteria",
  "actions": {
    "resetVariablesXxyasPersonSearchCriteria": {
      "module": "vb/action/builtin/resetVariablesAction",
      "parameters": {
        "variables": [
          "$flow.variables.xxyasPersonSearchCriteria"
        ]
      },
      "outcomes": {
        "success": "callComponentPopupEmployeeSearchClose"
      }
    },
    "callComponentPopupEmployeeSearchClose": {
      "module": "vb/action/builtin/callComponentMethodAction",
      "parameters": {
        "component": "{{ document.getElementById('popup-employee-search') }}",
        "method": "close"
      }
    }
  },
  "variables": {}
}