{
  "root": "callFunctionOpenSpinnerDialog",
  "description": "",
  "actions": {
    "callFunctionCheckChildVisaValidation": {
      "module": "vb/action/builtin/callModuleFunctionAction",
      "parameters": {
        "module": "[[ $functions ]]",
        "functionName": "checkChildVisaValidation"
      }
    },
    "callFunctionOpenSpinnerDialog": {
      "module": "vb/action/builtin/callModuleFunctionAction",
      "parameters": {
        "module": "[[ $application.functions ]]",
        "functionName": "openSpinnerDialog"
      },
      "outcomes": {
        "success": "callFunctionCheckChildVisaValidation"
      }
    }
  }
}