{
  "root": "ifXxyasSelectedEmployee",
  "description": "",
  "actions": {
    "ifXxyasSelectedEmployee": {
      "module": "vb/action/builtin/ifAction",
      "parameters": {
        "condition": "[[ !$application.functions.isEmpty($page.variables.xxyasSelectedEmployee) ]]"
      },
      "outcomes": {
        "true": "ifXxyasSelectedEmployee2"
      }
    },
    "fireNotification": {
      "module": "vb/action/builtin/fireNotificationEventAction",
      "parameters": {
        "target": "leaf",
        "summary": "Error",
        "message": "Employee is not eligible for Education allowance",
        "displayMode": "transient"
      }
    },
    "assignVariablesXxyasChildEducation": {
      "module": "vb/action/builtin/assignVariablesAction",
      "parameters": {
        "$page.variables.xxyasChildEducation": {
          "source": "{{ $page.variables.xxyasSelectedEmployee }}",
          "auto": "always",
          "mapping": {}
        }
      },
      "outcomes": {
        "success": "assignVariablesXxyasChildEducation2"
      }
    },
    "callChainFetchChildsInfo": {
      "module": "vb/action/builtin/callChainAction",
      "parameters": {
        "id": "fetchChildsInfo",
        "params": {
          "p_personId": "{{ $page.variables.xxyasSelectedEmployee.personId }}"
        }
      },
      "outcomes": {
        "success": "callChainFetchSubmittedRequetsAmount"
      }
    },
    "callChainFetchSubmittedRequetsAmount": {
      "module": "vb/action/builtin/callChainAction",
      "parameters": {
        "id": "fetchSubmittedRequetsAmount",
        "params": {
          "p_personId": "{{ $page.variables.xxyasSelectedEmployee.personId }}"
        }
      },
      "outcomes": {
        "success": "callChainGetMinMaxChildAgeValid"
      }
    },
    "callComponentPopupEmployeeSearchClose": {
      "module": "vb/action/builtin/callComponentMethodAction",
      "parameters": {
        "component": "{{ document.getElementById('popup-employee-search') }}",
        "method": "close"
      },
      "outcomes": {
        "success": "assignVariablesXxyasChildEducation"
      }
    },
    "callFunctionOpenSpinnerDialog": {
      "module": "vb/action/builtin/callModuleFunctionAction",
      "parameters": {
        "module": "[[ $application.functions ]]",
        "functionName": "openSpinnerDialog"
      },
      "outcomes": {
        "success": "callComponentPopupEmployeeSearchClose"
      }
    },
    "callFunctionCloseSpinnerDialog": {
      "module": "vb/action/builtin/callModuleFunctionAction",
      "parameters": {
        "module": "[[ $application.functions ]]",
        "functionName": "closeSpinnerDialog"
      },
      "outcomes": {}
    },
    "assignVariablesXxyasChildEducation2": {
      "module": "vb/action/builtin/assignVariablesAction",
      "parameters": {
        "$page.variables.xxyasChildEducation": {
          "source": {
            "currencyCode": "AED"
          },
          "reset": "none",
          "auto": "always"
        }
      },
      "outcomes": {
        "success": "callChainFetchChildsInfo"
      }
    },
    "callFunctionOpenSpinnerDialog2": {
      "module": "vb/action/builtin/callModuleFunctionAction",
      "parameters": {
        "module": "[[ $application.functions ]]",
        "functionName": "openSpinnerDialog"
      },
      "outcomes": {
        "success": "callRestGetEduAllowRate"
      }
    },
    "callFunctionCloseSpinnerDialog2": {
      "module": "vb/action/builtin/callModuleFunctionAction",
      "parameters": {
        "module": "[[ $application.functions ]]",
        "functionName": "closeSpinnerDialog"
      },
      "outcomes": {
        "success": "assignVariablesXxyasSelectedEmployee"
      }
    },
    "callRestGetEduAllowRate": {
      "module": "vb/action/builtin/restAction",
      "parameters": {
        "endpoint": "ics/getXXYAS_EXT_OTBI_EDUCA_ALLOW_RATE1_0GetEduAllowRate",
        "uriParams": {
          "Person_Id": "{{ $page.variables.xxyasSelectedEmployee.personId }}"
        }
      },
      "outcomes": {
        "success": "callFunctionCloseSpinnerDialog2"
      }
    },
    "assignVariablesXxyasSelectedEmployee": {
      "module": "vb/action/builtin/assignVariablesAction",
      "parameters": {
        "$page.variables.xxyasSelectedEmployee": {
          "source": {
            "gradeRateValue": "{{ $chain.results.callRestGetEduAllowRate.body.XXYASEduAllownce.contractRate || $page.variables.xxyasSelectedEmployee.gradeRateValue }}"
          },
          "reset": "none",
          "auto": "always"
        }
      },
      "outcomes": {
        "success": "if"
      }
    },
    "if": {
      "module": "vb/action/builtin/ifAction",
      "parameters": {
        "condition": "[[ $page.variables.xxyasSelectedEmployee.gradeRateValue == 0 || $application.functions.isEmpty($page.variables.xxyasSelectedEmployee.gradeRateValue) ]]"
      },
      "outcomes": {
        "true": "fireNotification",
        "false": "callFunctionOpenSpinnerDialog"
      }
    },
    "callChainGetMinMaxChildAgeValid": {
      "module": "vb/action/builtin/callChainAction",
      "parameters": {
        "id": "GetMinMaxChildAgeValid",
        "params": {
          "personNumber": "{{ $page.variables.xxyasSelectedEmployee.personNumber }}"
        }
      },
      "outcomes": {
        "success": "callFunctionCloseSpinnerDialog"
      }
    },
    "ifXxyasSelectedEmployee2": {
      "module": "vb/action/builtin/ifAction",
      "parameters": {
        "condition": "[[ $application.functions.getGrade($page.variables.xxyasSelectedEmployee.gradeName).split('Grade ')[1] > 5 ]]"
      },
      "outcomes": {
        "true": "callFunctionOpenSpinnerDialog2",
        "false": "if"
      }
    }
  }
}