{
  "description": "",
  "root": "ifXxyasChildEducation",
  "actions": {
    "callComponentPopupEmployeeSearchOpen": {
      "module": "vb/action/builtin/callComponentMethodAction",
      "parameters": {
        "component": "{{ document.getElementById('popup-employee-search') }}",
        "method": "open"
      }
    },
    "resetVariablesXxyasPersonSearchCriteria": {
      "module": "vb/action/builtin/resetVariablesAction",
      "parameters": {
        "variables": [
          "$flow.variables.xxyasPersonSearchCriteria",
          "$page.variables.xxyasEmployeesADP",
          "$page.variables.xxyasSelectedEmployee"
        ]
      },
      "outcomes": {
        "success": "callComponentPopupEmployeeSearchOpen"
      }
    },
    "ifXxyasChildEducation": {
      "module": "vb/action/builtin/ifAction",
      "parameters": {
        "condition": "[[ $application.functions.isEmpty($page.variables.xxyasChildEducation.chiEduReqId) ]]"
      },
      "outcomes": {
        "true": "resetVariablesXxyasPersonSearchCriteria"
      }
    }
  },
  "variables": {}
}