{
  "root": "getChildEducationReqCallRest",
  "description": "",
  "actions": {
    "fireNotification": {
      "module": "vb/action/builtin/fireNotificationEventAction",
      "parameters": {
        "target": "leaf",
        "summary": "[[ $chain.results.getChildEducationReqCallRest.message.summary ]]",
        "type": "error",
        "displayMode": "persist"
      },
      "outcomes": {
        "success": "return"
      }
    },
    "getChildEducationReqCallRest": {
      "module": "vb/action/builtin/restAction",
      "parameters": {
        "endpoint": "ics/postXXYAS_COMMON_LOV1_0GetLovData",
        "uriParams": {
          "lovName": "YAS_EA_SEARCH"
        },
        "body": {
          "XxLOVParameters": [
            {
              "parameter": "[[ $page.variables.p_chiEduReqId ]]"
            },
            {
              "parameter": "[[ $page.variables.p_processId ]]"
            },
            {
              "parameter": ""
            },
            {
              "parameter": ""
            },
            {
              "parameter": ""
            }
          ]
        }
      },
      "outcomes": {
        "failure": "fireNotification",
        "success": "parseChildEduReqJSON"
      }
    },
    "parseChildEduReqJSON": {
      "module": "vb/action/builtin/callModuleFunctionAction",
      "parameters": {
        "module": "[[ $application.functions ]]",
        "functionName": "parseJSON",
        "params": [
          "{{ $chain.results.getChildEducationReqCallRest.body.XxLOVResult }}"
        ]
      },
      "outcomes": {
        "success": "if"
      }
    },
    "assignVariablesXxyasChildEducation": {
      "module": "vb/action/builtin/assignVariablesAction",
      "parameters": {
        "$page.variables.xxyasChildEducation": {
          "source": "{{ $chain.results.parseChildEduReqJSON.length > 0 ? $chain.results.parseChildEduReqJSON[0] : {} }}",
          "auto": "always"
        },
        "$page.variables.xxyasChildEducationOriginal": {
          "source": "{{ $chain.results.parseChildEduReqJSON.length > 0 ? $chain.results.parseChildEduReqJSON[0] : {} }}",
          "auto": "always"
        }
      },
      "outcomes": {
        "success": "return3"
      }
    },
    "callChainFetchChildsInfo": {
      "module": "vb/action/builtin/callChainAction",
      "parameters": {
        "id": "fetchChildsInfo",
        "params": {
          "p_personId": "{{ $chain.results.parseChildEduReqJSON[0].personId }}"
        }
      },
      "outcomes": {
        "success": "assignVariablesXxyasChildEducation"
      }
    },
    "if": {
      "module": "vb/action/builtin/ifAction",
      "parameters": {
        "condition": "[[ $chain.results.parseChildEduReqJSON.length>0 ]]"
      },
      "outcomes": {
        "true": "callChainFetchChildsInfo",
        "false": "return2"
      }
    },
    "return": {
      "module": "vb/action/builtin/returnAction",
      "parameters": {
        "outcome": "failure"
      }
    },
    "return2": {
      "module": "vb/action/builtin/returnAction",
      "parameters": {
        "outcome": "failure"
      }
    },
    "return3": {
      "module": "vb/action/builtin/returnAction",
      "parameters": {
        "outcome": "success"
      }
    }
  }
}