{
  "root": "ifGrade",
  "description": "",
  "variables": {
    "grade": {
      "type": "string",
      "required": true,
      "input": "fromCaller"
    },
    "personId": {
      "type": "string",
      "required": true,
      "input": "fromCaller"
    }

  },
  "actions": {
    "callRestGetEduAllowRate": {
      "module": "vb/action/builtin/restAction",
      "parameters": {
        "endpoint": "ics/getXXYAS_EXT_OTBI_EDUCA_ALLOW_RATE1_0GetEduAllowRate",
        "uriParams": {
          "Person_Id": "{{ $variables.personId }}"
        }
      },
      "outcomes": {
        "success": "assignVariablesXxyasChildEducation"
      }
    },
    "assignVariablesXxyasChildEducation": {
      "module": "vb/action/builtin/assignVariablesAction",
      "parameters": {
        "$page.variables.xxyasChildEducation": {
          "source": {
            "gradeRateValue": "{{ $chain.results.callRestGetEduAllowRate.body.XXYASEduAllownce.contractRate || $page.variables.xxyasChildEducation.gradeRateValue }}"
          },
          "reset": "none",
          "auto": "always"
        }
      },
      "outcomes": {
        "success": "assignVariablesXxyasChildEducationOriginal"
      }
    },
    "return": {
      "module": "vb/action/builtin/returnAction",
      "parameters": {
        "outcome": "success"
      }
    },
    "assignVariablesXxyasChildEducationOriginal": {
      "module": "vb/action/builtin/assignVariablesAction",
      "parameters": {
        "$page.variables.xxyasChildEducationOriginal": {
          "source": {
            "gradeRateValue": "{{ $chain.results.callRestGetEduAllowRate.body.XXYASEduAllownce.contractRate || $page.variables.xxyasChildEducationOriginal.gradeRateValue }}"
          },
          "auto": "always",
          "reset": "none"
        }
      },
      "outcomes": {
        "success": "return"
      }
    },
    "ifGrade": {
      "module": "vb/action/builtin/ifAction",
      "parameters": {
        "condition": "[[ $application.functions.getGrade($variables.grade).split('Grade ')[1] > 5 ]]"
      },
      "outcomes": {
        "true": "callRestGetEduAllowRate",
        "false": "return2"
      }
    },
    "return2": {
      "module": "vb/action/builtin/returnAction",
      "parameters": {
        "outcome": "success"
      }
    }
  }
}