{
  "root": "getUtilizedAmountCallRest",
  "description": "",
  "variables": {
    "p_contactPersonId": {
      "type": "string",
      "required": false,
      "input": "fromCaller"
    },
    "p_personId": {
      "type": "string",
      "required": true,
      "input": "fromCaller"
    },
    "p_year": {
      "type": "string",
      "input": "fromCaller"
    }
  },
  "actions": {
    "fireNotification": {
      "module": "vb/action/builtin/fireNotificationEventAction",
      "parameters": {
        "target": "leaf",
        "summary": "[[ $chain.results.getUtilizedAmountCallRest.message.summary ]]",
        "type": "error",
        "displayMode": "persist"
      },
      "outcomes": {
        "success": "return"
      }
    },
    "getUtilizedAmountCallRest": {
      "module": "vb/action/builtin/restAction",
      "parameters": {
        "endpoint": "ics/postXXYAS_COMMON_LOV1_0GetLovData",
        "uriParams": {
          "lovName": "YAS_EA_U_SUBMITTED_REQ"
        },
        "body": {
          "XxLOVParameters": [
            {
              "parameter": "[[$variables.p_personId]]"
            },
            {
              "parameter": "[[$variables.p_year]]"
            },
            {
              "parameter": "[[$variables.p_contactPersonId]]"
            }
          ]
        }
      },
      "outcomes": {
        "failure": "fireNotification",
        "success": "parseUtilizedAmountJSON"
      }
    },
    "parseUtilizedAmountJSON": {
      "module": "vb/action/builtin/callModuleFunctionAction",
      "parameters": {
        "module": "[[ $application.functions ]]",
        "functionName": "parseJSON",
        "params": [
          "{{ $chain.results.getUtilizedAmountCallRest.body.XxLOVResult }}"
        ]
      },
      "outcomes": {
        "success": "assignVariablesXxyasChildEducation"
      }
    },
    "assignVariablesXxyasChildEducation": {
      "module": "vb/action/builtin/assignVariablesAction",
      "parameters": {
        "$page.variables.xxyasChildEducation": {
          "source": {
            "utilizedAmount": "{{ $page.variables.p_requestType=='REVIEW' ? $page.variables.xxyasChildEducation.utilizedAmount : $chain.results.parseUtilizedAmountJSON[0].utilizedAmount }}"
          },
          "reset": "none",
          "auto": "always"
        },
        "$page.variables.xxSubmittedRequests": {
          "source": "{{ $page.variables.p_requestType=='REVIEW' ? $page.variables.xxyasChildEducation.utilizedAmount : $chain.results.parseUtilizedAmountJSON[0].utilizedAmount }}"
        }
      },
      "outcomes": {
        "success": "return2"
      }
    },
    "return": {
      "module": "vb/action/builtin/returnAction",
      "parameters": {
        "outcome": "failure"
      }
    },
    "return2": {
      "module": "vb/action/builtin/returnAction",
      "parameters": {
        "outcome": "success"
      }
    }
  }
}