{
  "root": "callRestGetAgeRange",
  "description": "",
  "variables": {
    "personNumber": {
      "type": "string",
      "required": true,
      "input": "fromCaller"
    }
  },
  "actions": {
    "callRestGetAgeRange": {
      "module": "vb/action/builtin/restAction",
      "parameters": {
        "endpoint": "ics/getXXYAS_EXT_EDUCA_ALLOW_AGE_RANGE1_0GetAgeRange",
        "uriParams": {
          "person_number": "{{ $variables.personNumber }}"
        }
      },
      "outcomes": {
        "failure": "assignVariablesXxMaxAge",
        "success": "GetMinMaxAge"
      }
    },
    "assignVariablesXxMaxAge": {
      "module": "vb/action/builtin/assignVariablesAction",
      "parameters": {
        "$page.variables.xxMaxAge": {
          "source": "19"
        },
        "$page.variables.xxMinAge": {
          "source": "4"
        }
      }
    },
    "GetMinMaxAge": {
      "module": "vb/action/builtin/callModuleFunctionAction",
      "parameters": {
        "module": "[[ $functions ]]",
        "functionName": "getMinMaxAge",
        "params": [
          "{{ $chain.results.callRestGetAgeRange.body.result }}"
        ]
      },
      "outcomes": {
        "success": "assignVariablesXxMaxAge2"
      }
    },
    "assignVariablesXxMaxAge2": {
      "module": "vb/action/builtin/assignVariablesAction",
      "parameters": {
        "$page.variables.xxMaxAge": {
          "source": "{{ $chain.results.GetMinMaxAge.maxAge }}"
        },
        "$page.variables.xxMinAge": {
          "source": "{{ $chain.results.GetMinMaxAge.minAge }}"
        }
      }
    }
  }
}