{
  "root": "assignVariablesXxyasChildEducation",
  "description": "",
  "actions": {
    "assignVariablesXxyasChildEducation": {
      "module": "vb/action/builtin/assignVariablesAction",
      "parameters": {
        "$page.variables.xxyasChildEducation": {
          "source": "{{ $flow.variables.xxyasUser }}",
          "auto": "always"
        }
      },
      "outcomes": {
        "success": "callChainFetchChildsInfo"
      }
    },
    "callChainFetchChildsInfo": {
      "module": "vb/action/builtin/callChainAction",
      "parameters": {
        "id": "fetchChildsInfo",
        "params": {
          "p_personId": "{{ $page.variables.xxyasChildEducation.personId }}"
        }
      },
      "outcomes": {
        "success": "return"
      }
    },
    "return": {
      "module": "vb/action/builtin/returnAction",
      "parameters": {
        "outcome": "success"
      }
    }
  }
}