{
  "root": "assignVariablesIsPageLooding",
  "description": "",
  "variables": {},
  "actions": {
    "ifPRequestType": {
      "module": "vb/action/builtin/ifAction",
      "parameters": {
        "condition": "[[ $page.variables.p_requestType == \"CREATE\" ]]"
      },
      "outcomes": {
        "true": "callChainInitPersonData",
        "false": "if"
      }
    },
    "callChainInitPersonData": {
      "module": "vb/action/builtin/callChainAction",
      "parameters": {
        "id": "initPersonData"
      },
      "outcomes": {
        "success": "assignVariablesXxyasChildEducation"
      }
    },
    "callFunctionCloseSpinnerDialog": {
      "module": "vb/action/builtin/callModuleFunctionAction",
      "parameters": {
        "module": "[[ $application.functions ]]",
        "functionName": "closeSpinnerDialog"
      },
      "outcomes": {
        "success": "assignVariablesIsPageLooding3"
      }
    },
    "callFunctionOpenSpinnerDialog": {
      "module": "vb/action/builtin/callModuleFunctionAction",
      "parameters": {
        "module": "[[ $application.functions ]]",
        "functionName": "openSpinnerDialog"
      },
      "outcomes": {
        "success": "ifPRequestType"
      }
    },
    "if": {
      "module": "vb/action/builtin/ifAction",
      "parameters": {
        "condition": "[[ $application.functions.isEmpty($page.variables.p_chiEduReqId) && $application.functions.isEmpty($page.variables.p_processId) ]]"
      },
      "outcomes": {
        "true": "callChainFetchEduAllowanceRate",
        "false": "callChainFetchChildEducationRequest"
      }
    },
    "callChainFetchChildEducationRequest": {
      "module": "vb/action/builtin/callChainAction",
      "parameters": {
        "id": "fetchChildEducationRequest"
      },
      "outcomes": {
        "success": "callChainFetchAttachmentsMetadata"
      }
    },
    "callChainFetchAttachmentsMetadata": {
      "module": "vb/action/builtin/callChainAction",
      "parameters": {
        "id": "fetchAttachmentsMetadata"
      },
      "outcomes": {
        "success": "callChainFetchTaskActions"
      }
    },
    "callChainFetchTaskActions": {
      "module": "vb/action/builtin/callChainAction",
      "parameters": {
        "id": "fetchTaskActions"
      },
      "outcomes": {
        "success": "calcBaseUtilizedAmount"
      }
    },
    "callChainFetchSubmittedRequetsAmount": {
      "module": "vb/action/builtin/callChainAction",
      "parameters": {
        "id": "fetchSubmittedRequetsAmount",
        "params": {
          "p_personId": "{{ $page.variables.xxyasChildEducation.personId }}",
          "p_contactPersonId": "{{ $page.variables.xxyasChildEducation.contactPersonId }}",
          "p_year": "{{ $page.variables.xxyasChildEducation.year }}"
        }
      },
      "outcomes": {
        "success": "assignVariablesXBaseReceiptAmount"
      }
    },
    "calcBaseUtilizedAmount": {
      "module": "vb/action/builtin/callModuleFunctionAction",
      "parameters": {
        "module": "[[ $functions ]]",
        "functionName": "calcBaseUtilizedAmount",
        "params": [
          "{{ $page.variables.xxyasChildEducation.utilizedAmount }}",
          "{{ $page.variables.xxyasChildEducation.receiptAmount }}"
        ]
      },
      "outcomes": {
        "success": "assignVariablesXxSubmittedRequests"
      }
    },
    "assignVariablesIsPageLooding": {
      "module": "vb/action/builtin/assignVariablesAction",
      "parameters": {
        "$page.variables.isPageLoading": {
          "source": "LOADING"
        }
      },
      "outcomes": {
        "success": "callFunctionOpenSpinnerDialog"
      }
    },
    "assignVariablesIsPageLooding3": {
      "module": "vb/action/builtin/assignVariablesAction",
      "parameters": {
        "$page.variables.isPageLoading": {
          "source": "LOADED"
        }
      }
    },
    "assignVariablesXxyasChildEducation": {
      "module": "vb/action/builtin/assignVariablesAction",
      "parameters": {
        "$page.variables.xxyasChildEducation": {
          "source": {
            "currentStatus": "DRAFT",
            "currencyCode": "AED"
          },
          "reset": "none",
          "auto": "always"
        }
      },
      "outcomes": {
        "success": "callChainFetchEduAllowanceRate"
      }
    },
    "assignVariablesPRequestType": {
      "module": "vb/action/builtin/assignVariablesAction",
      "parameters": {
        "$page.variables.p_requestType": {
          "source": "{{ $page.variables.tasks.items.length > 0 && $page.variables.xxyasChildEducation.currentStatus == 'REQ_FOR_INFO' ? 'EDIT' : $page.variables.p_requestType }}"
        }
      },
      "outcomes": {
        "success": "callChainFetchEduAllowanceRate"
      }
    },
    "assignVariablesXBaseReceiptAmount": {
      "module": "vb/action/builtin/assignVariablesAction",
      "parameters": {
        "$page.variables.xBaseReceiptAmount": {
          "source": "{{ $page.variables.xxyasChildEducation.receiptAmount || 0 }}"
        }
      },
      "outcomes": {
        "success": "if2"
      }
    },
    "assignVariablesXxSubmittedRequests": {
      "module": "vb/action/builtin/assignVariablesAction",
      "parameters": {
        "$page.variables.xxSubmittedRequests": {
          "source": "{{ $page.variables.xxyasChildEducation.utilizedAmount }}"
        }
      },
      "outcomes": {
        "success": "assignVariablesPRequestType"
      }
    },
    "callChainFetchEduAllowanceRate": {
      "module": "vb/action/builtin/callChainAction",
      "parameters": {
        "id": "fetchEduAllowanceRate",
        "params": {
          "personId": "{{ $page.variables.xxyasChildEducation.personId }}",
          "grade": "{{ $page.variables.xxyasChildEducation.gradeName }}"
        }
      },
      "outcomes": {
        "success": "callChainGetMinMaxChildAgeValid"
      }
    },
    "callChainGetMinMaxChildAgeValid": {
      "module": "vb/action/builtin/callChainAction",
      "parameters": {
        "id": "GetMinMaxChildAgeValid",
        "params": {
          "personNumber": "{{ $page.variables.xxyasChildEducation.personNumber }}"
        }
      },
      "outcomes": {
        "success": "callChainFetchSubmittedRequetsAmount"
      }
    },
    "assignVariablesXxyasChildEducation2": {
      "module": "vb/action/builtin/assignVariablesAction",
      "parameters": {
        "$page.variables.xxyasChildEducation": {
          "source": {
            "attribute2": "Employee"
          },
          "reset": "none",
          "auto": "always"
        }
      },
      "outcomes": {
        "success": "callFunctionCloseSpinnerDialog"
      }
    },
    "if2": {
      "module": "vb/action/builtin/ifAction",
      "parameters": {
        "condition": "[[ $page.variables.xxyasChildEducation.businessUnit == 'Yas Holding BU'  || $page.variables.xxyasChildEducation.businessUnit == 'Global Human Resources BU' ]]"
      },
      "outcomes": {
        "true": "assignVariablesXxyasChildEducation2",
        "false": "callFunctionCloseSpinnerDialog"
      }
    },
    "fireNotification": {
      "module": "vb/action/builtin/fireNotificationEventAction",
      "parameters": {
        "target": "leaf",
        "summary": "[[ $chain.results.callRestGETSSAPPROVALHISTORY.message.summary ]]",
        "type": "error",
        "displayMode": "persist"
      }
    }
  }
}