{
  "description": "",
  "root": "ifIsPageLooding",
  "actions": {
    "callChainReceiptAmountValueChangeAction": {
      "module": "vb/action/builtin/callChainAction",
      "parameters": {
        "id": "receiptAmountChanged"
      }
    },
    "ifIsPageLooding": {
      "module": "vb/action/builtin/ifAction",
      "parameters": {
        "condition": "[[ $page.variables.isPageLoading == \"LOADED\" ]]"
      },
      "outcomes": {
        "true": "callChainReceiptAmountValueChangeAction"
      }
    }
  },
  "variables": {
    "value": {
      "required": true,
      "type": "any",
      "input": "fromCaller"
    }
  }
}