{
  "description": "",
  "root": "ifPRequestType",
  "actions": {
    "calcUtilizedAmount": {
      "module": "vb/action/builtin/callModuleFunctionAction",
      "parameters": {
        "module": "[[ $functions ]]",
        "functionName": "calcUtilizedAmount",
        "params": [
          "{{ $page.variables.xxBaseUtilizedAmount }}",
          "{{ $page.variables.xxyasChildEducation.receiptAmount }}"
        ]
      },
      "outcomes": {
        "success": "assignVariablesXxyasChildEducation"
      }
    },
    "assignVariablesXxyasChildEducation": {
      "module": "vb/action/builtin/assignVariablesAction",
      "parameters": {
        "$page.variables.xxyasChildEducation": {
          "source": {
            "utilizedAmount": "{{ $chain.results.calcUtilizedAmount }}"
          },
          "reset": "none",
          "auto": "always"
        }
      },
      "outcomes": {
        "success": "calcBalanceAmount"
      }
    },
    "calcBalanceAmount": {
      "module": "vb/action/builtin/callModuleFunctionAction",
      "parameters": {
        "module": "[[ $functions ]]",
        "functionName": "calcBalanceAmount",
        "params": [
          "{{ $page.variables.xxyasChildEducation.utilizedAmount }}",
          "{{ $page.variables.xxyasChildEducation.eligibilityAmount }}"
        ]
      },
      "outcomes": {
        "success": "assignVariablesXxyasChildEducation2"
      }
    },
    "assignVariablesXxyasChildEducation2": {
      "module": "vb/action/builtin/assignVariablesAction",
      "parameters": {
        "$page.variables.xxyasChildEducation": {
          "source": {
            "balanceAmount": "{{ $chain.results.calcBalanceAmount }}"
          },
          "reset": "none",
          "auto": "always"
        }
      }
    },
    "ifPRequestType": {
      "module": "vb/action/builtin/ifAction",
      "parameters": {
        "condition": "[[ $page.variables.p_requestType != 'REVIEW' ]]"
      },
      "outcomes": {
        "true": "calcUtilizedAmount"
      }
    }
  },
  "variables": {}
}