{
  "description": "",
  "root": "if",
  "actions": {
    "if": {
      "module": "vb/action/builtin/ifAction",
      "parameters": {
        "condition": "[[ $application.functions.isFormValid('custom-approval-vg') ]]"
      },
      "outcomes": {
        "true": "callFunctionOpenSpinnerDialog"
      }
    },
    "callFunctionOpenSpinnerDialog": {
      "module": "vb/action/builtin/callModuleFunctionAction",
      "parameters": {
        "module": "[[ $application.functions ]]",
        "functionName": "openSpinnerDialog"
      },
      "outcomes": {
        "success": "assignVariablesXxyasApprovalLine"
      }
    },
    "assignVariablesXxyasApprovalLine": {
      "module": "vb/action/builtin/assignVariablesAction",
      "parameters": {
        "$page.variables.xxyasApprovalLine": {
          "source": {
            "approvalComments": "{{ $page.variables.approval_comments }}",
            "mode": "EDIT",
            "requestLineId": "{{ $application.functions.splitStringFromProcesInstance($page.variables.tasks.items[0].description).lineId }}",
            "rootInstanceId": "{{ $page.variables.tasks.items[0].rootInstanceId }}"
          },
          "reset": "none",
          "auto": "always"
        }
      },
      "outcomes": {
        "success": "callRestApprovalLinesDML"
      }
    },
    "fireNotification": {
      "module": "vb/action/builtin/fireNotificationEventAction",
      "parameters": {
        "target": "leaf",
        "summary": "[[ $chain.results.callRestApprovalLinesDML.message.summary ]]",
        "type": "error",
        "displayMode": "persist"
      }
    },
    "callRestApprovalLinesDML": {
      "module": "vb/action/builtin/restAction",
      "parameters": {
        "endpoint": "ics/approvalLinesDML",
        "body": {
          "XXYASApprovalLine": "[[ $page.variables.xxyasApprovalLine ]]"
        }
      },
      "outcomes": {
        "failure": "callFunctionCloseSpinnerDialog2",
        "success": "callComponentDialogRejectClose2"
      }
    },
    "callFunctionCloseSpinnerDialog": {
      "module": "vb/action/builtin/callModuleFunctionAction",
      "parameters": {
        "module": "[[ $application.functions ]]",
        "functionName": "closeSpinnerDialog"
      },
      "outcomes": {
        "success": "callChainPerformTaskAction"
      }
    },
    "callFunctionCloseSpinnerDialog2": {
      "module": "vb/action/builtin/callModuleFunctionAction",
      "parameters": {
        "module": "[[ $application.functions ]]",
        "functionName": "closeSpinnerDialog"
      },
      "outcomes": {
        "success": "callComponentDialogRejectClose"
      }
    },
    "callComponentDialogRejectClose": {
      "module": "vb/action/builtin/callComponentMethodAction",
      "parameters": {
        "component": "{{ document.getElementById('dialog-reject') }}",
        "method": "close"
      },
      "outcomes": {
        "success": "fireNotification"
      }
    },
    "callComponentDialogRejectClose2": {
      "module": "vb/action/builtin/callComponentMethodAction",
      "parameters": {
        "component": "{{ document.getElementById('dialog-reject') }}",
        "method": "close"
      },
      "outcomes": {
        "success": "callFunctionCloseSpinnerDialog"
      }
    },
    "callChainPerformTaskAction": {
      "module": "vb/action/builtin/callChainAction",
      "parameters": {
        "id": "performTaskAction"
      }
    }
  },
  "variables": {}
}