{
  "description": "",
  "root": "if",
  "actions": {
    "callFunctionOpenSpinnerDialog": {
      "module": "vb/action/builtin/callModuleFunctionAction",
      "parameters": {
        "module": "[[ $application.functions ]]",
        "functionName": "openSpinnerDialog"
      },
      "outcomes": {
        "success": "callRestGetCheckVisaValidation"
      }
    },
    "callChainSaveAttachments": {
      "module": "vb/action/builtin/callChainAction",
      "parameters": {
        "id": "saveAttachments"
      },
      "outcomes": {
        "success": "assignVariablesPChiEduReqId"
      }
    },
    "callFunctionCloseSpinnerDialog": {
      "module": "vb/action/builtin/callModuleFunctionAction",
      "parameters": {
        "module": "[[ $application.functions ]]",
        "functionName": "closeSpinnerDialog"
      },
      "outcomes": {
        "success": "return3"
      }
    },
    "if": {
      "module": "vb/action/builtin/ifAction",
      "parameters": {
        "condition": "[[ $application.functions.isFormValid('child-education-vg') ]]"
      },
      "outcomes": {
        "true": "ifXxyasAttachmentsADP",
        "false": "return"
      }
    },
    "return": {
      "module": "vb/action/builtin/returnAction",
      "parameters": {
        "outcome": "failure"
      }
    },
    "ifXxyasAttachmentsADP": {
      "module": "vb/action/builtin/ifAction",
      "parameters": {
        "condition": "[[ $page.variables.xxyasAttachmentsADP.data.length==0 ]]"
      },
      "outcomes": {
        "true": "fireNotification",
        "false": "callFunctionOpenSpinnerDialog"
      }
    },
    "fireNotification": {
      "module": "vb/action/builtin/fireNotificationEventAction",
      "parameters": {
        "target": "leaf",
        "summary": "Error",
        "message": "You need to upload at least one attachment!"
      },
      "outcomes": {
        "success": "return2"
      }
    },
    "return2": {
      "module": "vb/action/builtin/returnAction",
      "parameters": {
        "outcome": "success"
      }
    },
    "fireNotification2": {
      "module": "vb/action/builtin/fireNotificationEventAction",
      "parameters": {
        "target": "leaf",
        "summary": "[[ $chain.results.callRestEducationAloowanceDML.message.summary ]]",
        "type": "error",
        "displayMode": "persist",
        "message": "[[ $chain.results.callRestEducationAloowanceDML.message.summary ]]"
      },
      "outcomes": {
        "success": "callFunctionCloseSpinnerDialog"
      }
    },
    "callRestEducationAloowanceDML": {
      "module": "vb/action/builtin/restAction",
      "parameters": {
        "endpoint": "ics/educationAloowanceDML",
        "body": {
          "XXYASChildEducation": "[[$page.variables.xxyasChildEducation]]"
        }
      },
      "outcomes": {
        "failure": "fireNotification2",
        "success": "if4"
      }
    },
    "return3": {
      "module": "vb/action/builtin/returnAction",
      "parameters": {
        "outcome": "failure"
      }
    },
    "if3": {
      "module": "vb/action/builtin/ifAction",
      "parameters": {
        "condition": "[[ $chain.results.parseChildEducationJSON.length>0 ]]"
      },
      "outcomes": {
        "true": "assignVariablesXxyasChildEducation",
        "false": "callFunctionCloseSpinnerDialog4"
      }
    },
    "fireNotification4": {
      "module": "vb/action/builtin/fireNotificationEventAction",
      "parameters": {
        "target": "leaf",
        "summary": "[[ $chain.results.callRestEducationAloowanceDML.body.errorMessage ]]",
        "message": "[[ $chain.results.callRestEducationAloowanceDML.body.processingResult ]]"
      },
      "outcomes": {
        "success": "callFunctionCloseSpinnerDialog2"
      }
    },
    "return4": {
      "module": "vb/action/builtin/returnAction",
      "parameters": {
        "outcome": "failure"
      }
    },
    "parseChildEducationJSON": {
      "module": "vb/action/builtin/callModuleFunctionAction",
      "parameters": {
        "module": "[[ $application.functions ]]",
        "functionName": "parseJSON",
        "params": [
          "{{ $chain.results.callRestEducationAloowanceDML.body.XXYASMChildEducation }}"
        ]
      },
      "outcomes": {
        "success": "if3"
      }
    },
    "assignVariablesXxyasChildEducation": {
      "module": "vb/action/builtin/assignVariablesAction",
      "parameters": {
        "$page.variables.xxyasChildEducation": {
          "source": "{{ $chain.results.parseChildEducationJSON[0] || $page.variables.xxyasChildEducation }}",
          "auto": "always"
        }
      },
      "outcomes": {
        "success": "callChainUpdateMode"
      }
    },
    "callChainUpdateMode": {
      "module": "vb/action/builtin/callChainAction",
      "parameters": {
        "id": "updateMode"
      },
      "outcomes": {
        "success": "assignVariablesXxyasChildEducationOriginal"
      }
    },
    "callFunctionCloseSpinnerDialog2": {
      "module": "vb/action/builtin/callModuleFunctionAction",
      "parameters": {
        "module": "[[ $application.functions ]]",
        "functionName": "closeSpinnerDialog"
      },
      "outcomes": {
        "success": "return4"
      }
    },
    "assignVariablesXxyasChildEducationOriginal": {
      "module": "vb/action/builtin/assignVariablesAction",
      "parameters": {
        "$page.variables.xxyasChildEducationOriginal": {
          "source": "{{ $page.variables.xxyasChildEducation }}",
          "auto": "always",
          "reset": "empty"
        }
      },
      "outcomes": {
        "success": "callChainSaveAttachments"
      }
    },
    "assignVariablesPChiEduReqId": {
      "module": "vb/action/builtin/assignVariablesAction",
      "parameters": {
        "$page.variables.p_chiEduReqId": {
          "source": "{{ $page.variables.xxyasChildEducation.chiEduReqId }}"
        },
        "$page.variables.isSaved": {
          "source": "{{ true }}"
        },
        "$page.variables.p_requestType": {
          "source": "EDIT"
        }
      },
      "outcomes": {
        "success": "callFunctionCloseSpinnerDialog3"
      }
    },
    "callFunctionCloseSpinnerDialog3": {
      "module": "vb/action/builtin/callModuleFunctionAction",
      "parameters": {
        "module": "[[ $application.functions ]]",
        "functionName": "closeSpinnerDialog"
      },
      "outcomes": {
        "success": "fireNotification5"
      }
    },
    "return5": {
      "module": "vb/action/builtin/returnAction",
      "parameters": {
        "outcome": "success"
      }
    },
    "fireNotification5": {
      "module": "vb/action/builtin/fireNotificationEventAction",
      "parameters": {
        "target": "leaf",
        "summary": "Success",
        "type": "confirmation",
        "message": "[[ 'Request Saved Successfully : '+ $page.variables.xxyasChildEducation.chiEduReqNo ]]"
      },
      "outcomes": {
        "success": "return5"
      }
    },
    "if4": {
      "module": "vb/action/builtin/ifAction",
      "parameters": {
        "condition": "[[ $chain.results.callRestEducationAloowanceDML.body.processingResult == \"SUCCESS\" ]]"
      },
      "outcomes": {
        "false": "fireNotification4",
        "true": "parseChildEducationJSON"
      }
    },
    "callFunctionCloseSpinnerDialog4": {
      "module": "vb/action/builtin/callModuleFunctionAction",
      "parameters": {
        "module": "[[ $application.functions ]]",
        "functionName": "closeSpinnerDialog"
      },
      "outcomes": {
        "success": "fireNotification6"
      }
    },
    "fireNotification6": {
      "module": "vb/action/builtin/fireNotificationEventAction",
      "parameters": {
        "target": "leaf",
        "summary": "Error",
        "message": "Please Contact System Adminstrator"
      },
      "outcomes": {
        "success": "return6"
      }
    },
    "return6": {
      "module": "vb/action/builtin/returnAction",
      "parameters": {
        "outcome": "failure"
      }
    },
    "assignVariablesXxyasChildEducation2": {
      "module": "vb/action/builtin/assignVariablesAction",
      "parameters": {
        "$page.variables.xxyasChildEducation": {
          "source": {
            "mode": "{{ $page.variables.p_requestType }}",
            "requestedBy": "{{ $flow.variables.xxyasUser.personId }}"
          },
          "reset": "none",
          "auto": "always"
        }
      },
      "outcomes": {
        "success": "callRestEducationAloowanceDML"
      }
    },
    "fireNotification3": {
      "module": "vb/action/builtin/fireNotificationEventAction",
      "parameters": {
        "target": "leaf",
        "summary": "[[ $chain.results.callRestPostXXYASCOMMONLOV1GetLovData.message.summary ]]",
        "type": "error",
        "displayMode": "persist"
      },
      "outcomes": {
        "success": "return10"
      }
    },
    "callFunctionCloseSpinnerDialog5": {
      "module": "vb/action/builtin/callModuleFunctionAction",
      "parameters": {
        "module": "[[ $application.functions ]]",
        "functionName": "closeSpinnerDialog"
      },
      "outcomes": {
        "success": "fireNotification3"
      }
    },
    "callRestPostXXYASCOMMONLOV1GetLovData": {
      "module": "vb/action/builtin/restAction",
      "parameters": {
        "endpoint": "ics/postXXYAS_COMMON_LOV1_0GetLovData",
        "uriParams": {
          "lovName": "YAS_EA_RECIPTS_COUNT"
        },
        "body": {
          "XxLOVParameters": [
            {
              "parameter": "[[ $page.variables.xxyasChildEducation.personId ]]"
            },
{
              "parameter": "[[ $page.variables.xxyasChildEducation.receiptNumber ]]"
            },
            {
              "parameter": "[[ $page.variables.xxyasChildEducation.chiEduReqId ]]"
            }
          ]
        }
      },
      "outcomes": {
        "failure": "callFunctionCloseSpinnerDialog5",
        "success": "checkReciptsCount"
      }
    },
    "checkReciptsCount": {
      "module": "vb/action/builtin/callModuleFunctionAction",
      "parameters": {
        "module": "[[ $application.functions ]]",
        "functionName": "parseJSON",
        "params": [
          "{{ $chain.results.callRestPostXXYASCOMMONLOV1GetLovData.body.XxLOVResult || [] }}"
        ]
      },
      "outcomes": {
        "success": "if2"
      }
    },
    "return7": {
      "module": "vb/action/builtin/returnAction",
      "parameters": {
        "outcome": "failure"
      }
    },
    "fireNotification8": {
      "module": "vb/action/builtin/fireNotificationEventAction",
      "parameters": {
        "target": "leaf",
        "summary": "Warning",
        "type": "warning",
        "displayMode": "transient",
        "message": "Kindly note that there a request with the same receipt number, please contact the adminstrator!."
      },
      "outcomes": {
        "success": "return7"
      }
    },
    "fireNotification7": {
      "module": "vb/action/builtin/fireNotificationEventAction",
      "parameters": {
        "target": "leaf",
        "summary": "[[ $chain.results.callRestGetProbationPeriod.message.summary ]]",
        "type": "error",
        "displayMode": "transient",
        "message": "Error While checking Probation Period, Please Contact the Administrator!."
      },
      "outcomes": {
        "success": "return9"
      }
    },
    "callRestGetProbationPeriod": {
      "module": "vb/action/builtin/restAction",
      "parameters": {
        "endpoint": "ics/getXXYAS_EXT_OTBI_PROBAT_PERIOD1_0ProbationPeriod",
        "uriParams": {
          "Person_Id": "{{ $page.variables.xxyasChildEducation.personId }}"
        }
      },
      "outcomes": {
        "failure": "callFunctionCloseSpinnerDialog9",
        "success": "if6"
      }
    },
    "if6": {
      "module": "vb/action/builtin/ifAction",
      "parameters": {
        "condition": "[[ $chain.results.callRestGetProbationPeriod.body.XXYASProbationPeriod.status == \"Completed\" ]]"
      },
      "outcomes": {
        "true": "callRestPostXXYASCOMMONLOV1GetLovData",
        "false": "callFunctionCloseSpinnerDialog6"
      }
    },
    "return8": {
      "module": "vb/action/builtin/returnAction",
      "parameters": {
        "outcome": "failure"
      }
    },
    "fireNotification10": {
      "module": "vb/action/builtin/fireNotificationEventAction",
      "parameters": {
        "target": "leaf",
        "summary": "Warning",
        "message": "Probation Period is not Completed, So the Employee is not eligible yet. Please Contact the Administrator!.",
        "type": "error",
        "displayMode": "transient"
      },
      "outcomes": {
        "success": "return8"
      }
    },
    "return9": {
      "module": "vb/action/builtin/returnAction",
      "parameters": {
        "outcome": "failure"
      }
    },
    "callFunctionCloseSpinnerDialog6": {
      "module": "vb/action/builtin/callModuleFunctionAction",
      "parameters": {
        "module": "[[ $application.functions ]]",
        "functionName": "closeSpinnerDialog"
      },
      "outcomes": {
        "success": "fireNotification10"
      }
    },
    "return10": {
      "module": "vb/action/builtin/returnAction",
      "parameters": {
        "outcome": "failure"
      }
    },
    "callFunctionCloseSpinnerDialog7": {
      "module": "vb/action/builtin/callModuleFunctionAction",
      "parameters": {
        "module": "[[ $application.functions ]]",
        "functionName": "closeSpinnerDialog"
      },
      "outcomes": {
        "success": "fireNotification8"
      }
    },
    "if2": {
      "module": "vb/action/builtin/ifAction",
      "parameters": {
        "condition": "[[ $chain.results.checkReciptsCount[0].receiptscount==0 ]]"
      },
      "outcomes": {
        "true": "assignVariablesXxyasChildEducation2",
        "false": "callFunctionCloseSpinnerDialog7"
      }
    },
    "fireNotification9": {
      "module": "vb/action/builtin/fireNotificationEventAction",
      "parameters": {
        "target": "leaf",
        "summary": "[[ $chain.results.callRestGetCheckVisaValidation.message.summary ]]",
        "type": "error",
        "displayMode": "persist"
      },
      "outcomes": {
        "success": "callFunctionCloseSpinnerDialog10"
      }
    },
    "callRestGetCheckVisaValidation": {
      "module": "vb/action/builtin/restAction",
      "parameters": {
        "endpoint": "ics/getXXYAS_EXT_OTBI_FAMIL_VISA_VALID1_0CheckVisaValidation",
        "uriParams": {
          "Person_Id": "{{ $page.variables.xxyasChildEducation.personId }}"
        }
      },
      "outcomes": {
        "failure": "fireNotification9",
        "success": "FamilyVisaValidation"
      }
    },
    "if7": {
      "module": "vb/action/builtin/ifAction",
      "parameters": {
        "condition": "[[ $chain.results.FamilyVisaValidation.length == 0 ]]"
      },
      "outcomes": {
        "true": "callRestGetProbationPeriod",
        "false": "fireNotification12"
      }
    },
    "FamilyVisaValidation": {
      "module": "vb/action/builtin/callModuleFunctionAction",
      "parameters": {
        "module": "[[ $functions ]]",
        "functionName": "checkVisaValidation",
        "params": [
          "{{ $page.variables.xxyasChildEducation.contactPersonId }}",
          "{{ $chain.results.callRestGetCheckVisaValidation.body.XXYASVisaValidation || [] }}"
        ]
      },
      "outcomes": {
        "success": "if7"
      }
    },
    "fireNotification12": {
      "module": "vb/action/builtin/fireNotificationEventAction",
      "parameters": {
        "target": "leaf",
        "summary": "error",
        "message": "[[ $chain.results.FamilyVisaValidation[0].familyMemberResult ]]"
      },
      "outcomes": {
        "success": "callFunctionCloseSpinnerDialog8"
      }
    },
    "callFunctionCloseSpinnerDialog8": {
      "module": "vb/action/builtin/callModuleFunctionAction",
      "parameters": {
        "module": "[[ $application.functions ]]",
        "functionName": "closeSpinnerDialog"
      },
      "outcomes": {
        "success": "return11"
      }
    },
    "callFunctionCloseSpinnerDialog9": {
      "module": "vb/action/builtin/callModuleFunctionAction",
      "parameters": {
        "module": "[[ $application.functions ]]",
        "functionName": "closeSpinnerDialog"
      },
      "outcomes": {
        "success": "fireNotification7"
      }
    },
    "return11": {
      "module": "vb/action/builtin/returnAction",
      "parameters": {
        "outcome": "failure"
      }
    },
    "callFunctionCloseSpinnerDialog10": {
      "module": "vb/action/builtin/callModuleFunctionAction",
      "parameters": {
        "module": "[[ $application.functions ]]",
        "functionName": "closeSpinnerDialog"
      },
      "outcomes": {
        "success": "return12"
      }
    },
    "return12": {
      "module": "vb/action/builtin/returnAction",
      "parameters": {
        "outcome": "failure"
      }
    }
  },
  "variables": {}
}