{
  "description": "",
  "root": "callFunctionOpenSpinnerDialog",
  "actions": {
    "callFunctionOpenSpinnerDialog": {
      "module": "vb/action/builtin/callModuleFunctionAction",
      "parameters": {
        "module": "[[ $application.functions ]]",
        "functionName": "openSpinnerDialog"
      },
      "outcomes": {
        "success": "runInParallel"
      }
    },
    "fireNotification": {
      "module": "vb/action/builtin/fireNotificationEventAction",
      "parameters": {
        "target": "leaf",
        "summary": "[[ $chain.results.getPersonInfoCallRest.message.summary ]]",
        "type": "error",
        "displayMode": "persist"
      },
      "outcomes": {
        "success": "fireNotification2"
      }
    },
    "getPersonInfoCallRest": {
      "module": "vb/action/builtin/restAction",
      "parameters": {
        "endpoint": "ics/postXXYAS_COMMON_LOV1_0GetLovData",
        "uriParams": {
          "lovName": "YAS_PERSON_INFO"
        },
        "body": {
          "XxLOVParameters": [
            {
              "parameter": ""
            },
            {
              "parameter": "[[$flow.variables.xxyasPersonSearchCriteria.personNumber]]"
            },
            {
              "parameter": ""
            },
            {
              "parameter": "[[$flow.variables.xxyasPersonSearchCriteria.fullName]]"
            }
          ]
        }
      },
      "outcomes": {
        "failure": "fireNotification",
        "success": "parseEmployeesJSON"
      }
    },
    "runInParallel": {
      "module": "vb/action/builtin/forkAction",
      "parameters": {
        "actions": {
          "getPersonInfoCallRest": "getPersonInfoCallRest",
          "callRest": "getHrEmployeesCallRest"
        }
      },
      "outcomes": {
        "join": "filterEmployeesFunction"
      }
    },
    "parseEmployeesJSON": {
      "module": "vb/action/builtin/callModuleFunctionAction",
      "parameters": {
        "module": "[[ $application.functions ]]",
        "functionName": "parseJSON",
        "params": [
          "{{ $chain.results.getPersonInfoCallRest.body.XxLOVResult || [] }}"
        ]
      },
      "outcomes": {
        "success": "assignVariablesPersonsArr"
      }
    },
    "fireNotification2": {
      "module": "vb/action/builtin/fireNotificationEventAction",
      "parameters": {
        "target": "leaf",
        "summary": "[[ $chain.results.getHrEmployeesCallRest.message.summary ]]",
        "type": "error",
        "displayMode": "persist"
      },
      "outcomes": {
        "success": "fireNotification2"
      }
    },
    "getHrEmployeesCallRest": {
      "module": "vb/action/builtin/restAction",
      "parameters": {
        "endpoint": "ics/getXXYAS_OTBI_GEN_HR_REP_PERSO1_0HrRepPers",
        "uriParams": {
          "person_id": "{{ $flow.variables.xxyasUser.personId }}"
        }
      },
      "outcomes": {
        "failure": "fireNotification2",
        "success": "assignVariablesHrArr"
      }
    },
    "callFunctionCloseSpinnerDialog": {
      "module": "vb/action/builtin/callModuleFunctionAction",
      "parameters": {
        "module": "[[ $application.functions ]]",
        "functionName": "closeSpinnerDialog"
      }
    },
    "assignVariablesPersonsArr": {
      "module": "vb/action/builtin/assignVariablesAction",
      "parameters": {
        "$variables.personsArr": {
          "source": "{{ $chain.results.parseEmployeesJSON || [] }}",
          "reset": "empty"
        }
      }
    },
    "assignVariablesHrArr": {
      "module": "vb/action/builtin/assignVariablesAction",
      "parameters": {
        "$variables.hrArr": {
          "source": "{{ $chain.results.getHrEmployeesCallRest.body.XXYASPersons || [] }}",
          "reset": "empty"
        }
      }
    },
    "filterEmployeesFunction": {
      "module": "vb/action/builtin/callModuleFunctionAction",
      "parameters": {
        "module": "[[ $application.functions ]]",
        "functionName": "filterEmployees",
        "params": [
          "{{ $variables.personsArr }}",
          "{{ $variables.hrArr }}"
        ]
      },
      "outcomes": {
        "success": "assignVariablesXxyasEmployeesADP"
      }
    },
    "assignVariablesXxyasEmployeesADP": {
      "module": "vb/action/builtin/assignVariablesAction",
      "parameters": {
        "$page.variables.xxyasEmployeesADP": {
          "source": {
            "data": "{{ $chain.results.filterEmployeesFunction }}"
          },
          "reset": "none",
          "auto": "always",
          "mapping": {
            "$target.data": {
              "source": "$source.data",
              "reset": "empty"
            }
          }
        }
      },
      "outcomes": {
        "success": "callFunctionCloseSpinnerDialog"
      }
    }
  },
  "variables": {
    "hrArr": {
      "type": "object[]"
    },
    "personsArr": {
      "type": "object[]"
    }
  }
}