{
  "description": "",
  "root": "callFunctionOpenSpinnerDialog",
  "actions": {

    "fireNotification2": {
      "module": "vb/action/builtin/fireNotificationEventAction",
      "parameters": {
        "target": "leaf",
        "summary": "Success",
        "message": "Request Submitted successfully",
        "type": "confirmation",
        "displayMode": "transient"
      },
      "outcomes": {
        "success": "callFunctionCloseSpinnerDialog"
      }
    },
    "callFunctionOpenSpinnerDialog": {
      "module": "vb/action/builtin/callModuleFunctionAction",
      "parameters": {
        "module": "[[ $application.functions ]]",
        "functionName": "openSpinnerDialog"
      },
      "outcomes": {
        "success": "assignVariablesChildEducationInstance"
      }
    },
    "callFunctionCloseSpinnerDialog": {
      "module": "vb/action/builtin/callModuleFunctionAction",
      "parameters": {
        "module": "[[ $application.functions ]]",
        "functionName": "closeSpinnerDialog"
      }
    },
    "callFunctionCloseSpinnerDialog2": {
      "module": "vb/action/builtin/callModuleFunctionAction",
      "parameters": {
        "module": "[[ $application.functions ]]",
        "functionName": "closeSpinnerDialog"
      }
    },
    "assignVariablesPRequestType": {
      "module": "vb/action/builtin/assignVariablesAction",
      "parameters": {
        "$page.variables.p_requestType": {
          "source": "REVIEW"
        },
        "$page.variables.xxyasChildEducation": {
          "source": {
            "currentStatus": "PENDING"
          },
          "reset": "none",
          "auto": "always"
        },
        "$page.variables.xxyasChildEducationOriginal": {
          "source": {
            "currentStatus": "PENDING"
          },
          "reset": "none",
          "auto": "always"
        }
      },
      "outcomes": {
        "success": "fireNotification2"
      }
    },
    "fireNotification": {
      "module": "vb/action/builtin/fireNotificationEventAction",
      "parameters": {
        "target": "leaf",
        "summary": "[[ $chain.results.callRestCreateInstance.message.summary ]]",
        "type": "error",
        "displayMode": "persist"
      },
      "outcomes": {
        "success": "callFunctionCloseSpinnerDialog2"
      }
    },
    "callRestCreateInstance": {
      "module": "vb/action/builtin/restAction",
      "parameters": {
        "endpoint": "opa_ChildEducation/createInstance",
        "body": "{{ $page.variables.childEducationInstance }}"
      },
      "outcomes": {
        "success": "assignVariablesPRequestType",
        "failure": "fireNotification"
      }
    },
    "assignVariablesChildEducationInstance": {
      "module": "vb/action/builtin/assignVariablesAction",
      "parameters": {
        "$page.variables.childEducationInstance": {
          "source": {
            "params": {
              "applicationName": "XXYASChildEducationApplication",
              "processName": "XXYASChildEducationProcess"
            },
            "dataObject": {
              "childEducationRequest": "{{ $page.variables.xxyasChildEducation }}"
            }
          },
          "auto": "always",
          "reset": "none",
          "mapping": {
            "$target.dataObject": {
              "source": "$source.dataObject",
              "reset": "none",
              "auto": "always"
            }
          }
        }
      },
      "outcomes": {
        "success": "assignVariablesChildEducationInstance2"
      }
    },
    "assignVariablesChildEducationInstance2": {
      "module": "vb/action/builtin/assignVariablesAction",
      "parameters": {
        "$page.variables.childEducationInstance": {
          "source": {
            "dataObject": {
              "childEducationRequest": {
                "utilizedAmount": "{{ $page.variables.xxBaseUtilizedAmount }}",
                "balanceAmount": "{{ $page.variables.xxBaseBalanceAmount }}"
              }
            }
          },
          "reset": "none",
          "auto": "always",
          "mapping": {
            "$target.dataObject": {
              "source": "$source.dataObject",
              "reset": "none",
              "auto": "always",
              "mapping": {
                "$target.childEducationRequest": {
                  "source": "$source.childEducationRequest",
                  "reset": "none",
                  "auto": "always"
                }
              }
            }
          }
        }
      },
      "outcomes": {
        "success": "callRestCreateInstance"
      }
    }
  },
  "variables": {
    "detail": {
      "required": true,
      "type": "any",
      "input": "fromCaller"
    }
  }
}