{
  "description": "",
  "root": "assignVariablesTaskAction",
  "actions": {
    "assignVariablesTaskAction": {
      "module": "vb/action/builtin/assignVariablesAction",
      "parameters": {
        "$page.variables.taskAction": {
          "source": {
            "actionCode": "{{ $variables.actionCode }}",
            "actionId": "{{ $variables.actionId }}",
            "taskId": "{{ $variables.taskId }}"
          },
          "reset": "none",
          "auto": "always"
        }
      },
      "outcomes": {
        "success": "callComponentDialogApprovalOpen"
      }
    },
    "callComponentDialogApprovalOpen": {
      "module": "vb/action/builtin/callComponentMethodAction",
      "parameters": {
        "component": "{{ document.getElementById('dialog-approval') }}",
        "method": "open"
      }
    }
  },
  "variables": {
    "actionCode": {
      "type": "string",
      "required": true,
      "input": "fromCaller"
    },
    "actionId": {
      "type": "string",
      "required": true,
      "input": "fromCaller"
    },
    "taskId": {
      "type": "string",
      "required": true,
      "input": "fromCaller"
    }
  }
}