{
  "description": "",
  "root": "callFunctionSearchByKey",
  "actions": {
    "if": {
      "module": "vb/action/builtin/ifAction",
      "parameters": {
        "condition": "[[ !$application.functions.isEmpty($chain.results.callFunctionSearchByKey) ]]"
      },
      "outcomes": {
        "true": "assignVariablesXxyasChildEducation"
      }
    },
    "callFunctionSearchByKey": {
      "module": "vb/action/builtin/callModuleFunctionAction",
      "parameters": {
        "module": "[[ $application.functions ]]",
        "functionName": "searchByKey",
        "params": [
          "{{ $page.variables.xxyasChildADP.data }}",
          "contactPersonId",
          "{{ $page.variables.xxyasChildEducation.contactPersonId }}"
        ]
      },
      "outcomes": {
        "success": "if"
      }
    },
    "assignVariablesXxyasChildEducation": {
      "module": "vb/action/builtin/assignVariablesAction",
      "parameters": {
        "$page.variables.xxyasChildEducation": {
          "source": {
            "academicYear": "{{ $chain.results.callFunctionSearchByKey.academicYear }}",
            "childSchool": "{{ $chain.results.callFunctionSearchByKey.childSchool }}",
            "contactAge": "{{ $chain.results.callFunctionSearchByKey.contactAge }}",
            "contactDob": "{{ $chain.results.callFunctionSearchByKey.contactDob }}",
            "contactName": "{{ $chain.results.callFunctionSearchByKey.contactName }}",
            "receiptAmount": "{{ $page.variables.isPageLoading == 'LOADED' ? null : $page.variables.xxyasChildEducation.receiptAmount }}"
          },
          "reset": "none",
          "auto": "always"
        }
      },
      "outcomes": {
        "success": "callChainCalculateEligibilityAmount"
      }
    },
    "callChainCalculateEligibilityAmount": {
      "module": "vb/action/builtin/callChainAction",
      "parameters": {
        "id": "calculateEligibilityAmount"
      },
      "outcomes": {
        "success": "ifIsPageLoading"
      }
    },
    "ifIsPageLoading": {
      "module": "vb/action/builtin/ifAction",
      "parameters": {
        "condition": "[[ $page.variables.isPageLoading == \"LOADED\" ]]"
      },
      "outcomes": {
        "true": "callChainFetchSubmittedRequetsAmount"
      }
    },
    "callChainFetchSubmittedRequetsAmount": {
      "module": "vb/action/builtin/callChainAction",
      "parameters": {
        "id": "fetchSubmittedRequetsAmount",
        "params": {
          "p_contactPersonId": "{{ $page.variables.xxyasChildEducation.contactPersonId }}",
          "p_year": "{{ $page.variables.xxyasChildEducation.year }}",
          "p_personId": "{{ $page.variables.xxyasChildEducation.personId }}"
        }
      }
    }
  },
  "variables": {
    "value": {
      "required": true,
      "type": "any",
      "input": "fromCaller"
    }
  }
}