{
  "root": "assignVariablesPRequestType",
  "description": "",
  "actions": {
    "assignVariablesPRequestType": {
      "module": "vb/action/builtin/assignVariablesAction",
      "parameters": {
        "$page.variables.p_requestType": {
          "source": "{{ $page.variables.p_requestType == 'CREATE' && !$application.functions.isEmpty($page.variables.xxyasChildEducation.chiEduReqId) ?'EDIT' : $page.variables.p_requestType }}"
        }
      },
      "outcomes": {
        "success": "assignVariablesXxyasChildEducation"
      }
    },
    "assignVariablesXxyasChildEducation": {
      "module": "vb/action/builtin/assignVariablesAction",
      "parameters": {
        "$page.variables.xxyasChildEducation": {
          "source": {
            "mode": "{{ !$application.functions.isEmpty($page.variables.xxyasChildEducation.chiEduReqId)?'EDIT':'CREATE' }}"
          },
          "reset": "none",
          "auto": "always"
        }
      }
    }
  }
}