{
  "description": "",
  "root": "forEachInFiles",
  "actions": {
    "forEachInFiles": {
      "module": "vb/action/builtin/forEachAction",
      "parameters": {
        "items": "{{ Object.values($variables.files) }}",
        "actionId": "callFunctionLogger",
        "as": "fileRef"
      },
      "outcomes": {
        "success": "callFunctionLogger2"
      }
    },
    "callFunctionLogger": {
      "module": "vb/action/builtin/callModuleFunctionAction",
      "parameters": {
        "module": "[[ $application.functions ]]",
        "functionName": "logger",
        "params": [
          "{{ fileRef }}"
        ]
      },
      "outcomes": {
        "success": "ifXxyasAttachmentsADP"
      }
    },
    "readLocalFile": {
      "module": "vb/action/builtin/callModuleFunctionAction",
      "parameters": {
        "module": "[[ $application.functions ]]",
        "functionName": "readLocalFile",
        "params": [
          "{{ fileRef.data }}"
        ]
      },
      "outcomes": {
        "success": "callFunctionStr2ab"
      }
    },
    "callFunctionStr2ab": {
      "module": "vb/action/builtin/callModuleFunctionAction",
      "parameters": {
        "module": "[[ $application.functions ]]",
        "functionName": "str2ab",
        "params": [
          "{{ $chain.results.readLocalFile }}"
        ]
      },
      "outcomes": {
        "success": "createAttachment"
      }
    },
    "ifXxyasAttachmentsADP": {
      "module": "vb/action/builtin/ifAction",
      "parameters": {
        "condition": "[[ !$application.functions.checkExists($page.variables.xxyasAttachmentsADP.data, {\"uploadedFileName\":fileRef.data.name}, 'uploadedFileName') ]]"
      },
      "outcomes": {
        "true": "readLocalFile"
      }
    },
    "fireDataProviderEventXxyasAttachmentsADP": {
      "module": "vb/action/builtin/fireDataProviderEventAction",
      "parameters": {
        "target": "[[ $page.variables.xxyasAttachmentsADP ]]",
        "add": {
          "data": "{{ $chain.results.createAttachment }}"
        }
      }
    },
    "createAttachment": {
      "module": "vb/action/builtin/callModuleFunctionAction",
      "parameters": {
        "module": "[[ $application.functions ]]",
        "functionName": "createAttachment",
        "params": [
          "{{ fileRef.data }}",
          "EDUCATION_ALLOWANCE",
          "{{ $page.variables.xxyasChildEducation.chiEduReqId }}",
          "{{ $chain.results.callFunctionStr2ab }}"
        ]
      },
      "outcomes": {
        "success": "fireDataProviderEventXxyasAttachmentsADP"
      }
    },
    "callFunctionLogger2": {
      "module": "vb/action/builtin/callModuleFunctionAction",
      "parameters": {
        "module": "[[ $application.functions ]]",
        "functionName": "logger",
        "params": [
          "{{ $page.variables.xxyasAttachmentsADP }}"
        ]
      },
      "outcomes": {
        "success": "callFunctionLogger3"
      }
    },
    "callFunctionLogger3": {
      "module": "vb/action/builtin/callModuleFunctionAction",
      "parameters": {
        "module": "[[ $application.functions ]]",
        "functionName": "logger",
        "params": [
          "{{ $page.variables.xxyasAttachmentsADP.data }}"
        ]
      }
    }
  },
  "variables": {
    "files": {
      "required": true,
      "type": "object[]",
      "input": "fromCaller"
    }
  }
}