{
  "description": "",
  "root": "ifIsPageLoading",
  "actions": {
    "ifIsPageLoading": {
      "module": "vb/action/builtin/ifAction",
      "parameters": {
        "condition": "[[ $page.variables.isPageLoading == \"LOADED\" ]]"
      },
      "outcomes": {
        "true": "assignVariablesXxyasChildEducation"
      }
    },
    "validateChildName": {
      "module": "vb/action/builtin/callComponentMethodAction",
      "parameters": {
        "component": "{{ document.getElementById('EA-CHILD-NAME') }}",
        "method": "validate"
      },
      "outcomes": {
        "success": "assignVariablesIgnoreEmptyChild"
      }
    },
    "assignVariablesIgnoreEmptyChild": {
      "module": "vb/action/builtin/assignVariablesAction",
      "parameters": {
        "$page.variables.ignoreEmptyChild": {
          "source": "{{ false }}"
        }
      },
      "outcomes": {
        "success": "if"
      }
    },
    "assignVariablesIgnoreEmptyChild2": {
      "module": "vb/action/builtin/assignVariablesAction",
      "parameters": {
        "$page.variables.ignoreEmptyChild": {
          "source": "{{ true }}"
        }
      },
      "outcomes": {
        "success": "validateChildName"
      }
    },
    "if": {
      "module": "vb/action/builtin/ifAction",
      "parameters": {
        "condition": "[[ $chain.results.validateChildName == \"valid\" ]]"
      },
      "outcomes": {
        "true": "callChainCalculateEligibilityAmount"
      }
    },
    "callChainCalculateEligibilityAmount": {
      "module": "vb/action/builtin/callChainAction",
      "parameters": {
        "id": "calculateEligibilityAmount"
      },
      "outcomes": {
        "success": "validateReceiptAmount"
      }
    },
    "validateReceiptAmount": {
      "module": "vb/action/builtin/callComponentMethodAction",
      "parameters": {
        "component": "{{ document.getElementById('EA-RECEIPT-AMOUNT') }}",
        "method": "validate"
      },
      "outcomes": {
        "success": "if3"
      }
    },
    "if3": {
      "module": "vb/action/builtin/ifAction",
      "parameters": {
        "condition": "[[ $chain.results.validateReceiptAmount == \"valid\" ]]"
      },
      "outcomes": {
        "true": "callChainReceiptAmountChanged"
      }
    },
    "callChainReceiptAmountChanged": {
      "module": "vb/action/builtin/callChainAction",
      "parameters": {
        "id": "receiptAmountChanged"
      }
    },
    "callChainFetchSubmittedRequetsAmount": {
      "module": "vb/action/builtin/callChainAction",
      "parameters": {
        "id": "fetchSubmittedRequetsAmount",
        "params": {
          "p_personId": "{{ $page.variables.xxyasChildEducation.personId }}",
          "p_year": "{{ $page.variables.xxyasChildEducation.year }}",
          "p_contactPersonId": "{{ $page.variables.xxyasChildEducation.contactPersonId }}"
        }
      },
      "outcomes": {
        "success": "assignVariablesIgnoreEmptyChild2"
      }
    },
    "assignVariablesXxyasChildEducation": {
      "module": "vb/action/builtin/assignVariablesAction",
      "parameters": {
        "$page.variables.xxyasChildEducation": {
          "source": {
            "yearValue": "{{ $variables.yearMeaning }}"
          },
          "reset": "none",
          "auto": "always"
        }
      },
      "outcomes": {
        "success": "callChainFetchSubmittedRequetsAmount"
      }
    }
  },
  "variables": {
    "value": {
      "required": true,
      "type": "any",
      "input": "fromCaller"
    },
    "valueEvent": {
      "type": "any",
      "input": "fromCaller"
    },
    "yearMeaning": {
      "type": "string",
      "input": "fromCaller"
    }
  }
}