{
  "description": "",
  "root": "if2",
  "actions": {
    "callChainPerformTaskAction": {
      "module": "vb/action/builtin/callChainAction",
      "parameters": {
        "id": "performTaskAction"
      },
      "outcomes": {
        "success": "resetVariablesApprovalComments"
      }
    },
    "resetVariablesApprovalComments": {
      "module": "vb/action/builtin/resetVariablesAction",
      "parameters": {
        "variables": [
          "$page.variables.approval_comments"
        ]
      },
      "outcomes": {
      }
    },
    "callChainSaveChildEducation": {
      "module": "vb/action/builtin/callChainAction",
      "parameters": {
        "id": "saveChildEducation"
      },
      "outcomes": {
        "success": "callChainPerformTaskAction"
      }
    },
    "if": {
      "module": "vb/action/builtin/ifAction",
      "parameters": {
        "condition": "[[ $application.functions.isFormValid('child-education-vg') ]]"
      },
      "outcomes": {
        "true": "callChainSaveChildEducation",
        "false": "resetVariablesApprovalComments"
      }
    },
    "callChainPerformTaskAction2": {
      "module": "vb/action/builtin/callChainAction",
      "parameters": {
        "id": "performTaskAction"
      },
      "outcomes": {
        "success": "resetVariablesApprovalComments"
      }
    },
    "ifTaskAction2": {
      "module": "vb/action/builtin/ifAction",
      "parameters": {
        "condition": "[[ $page.variables.taskAction.actionCode == 'SUBMIT' ]]"
      },
      "outcomes": {
        "true": "if",
        "false": "callChainPerformTaskAction2"
      }
    },
    "if2": {
      "module": "vb/action/builtin/ifAction",
      "parameters": {
        "condition": "[[ $page.variables.taskAction.actionCode == 'REJECT' || $page.variables.taskAction.actionCode == 'REQ_FOR_INFO' ]]"
      },
      "outcomes": {
        "false": "ifTaskAction2",
        "true": "callFunctionOpenSpinnerDialog"
      }
    },
    "callFunctionOpenSpinnerDialog": {
      "module": "vb/action/builtin/callModuleFunctionAction",
      "parameters": {
        "module": "[[ $application.functions ]]",
        "functionName": "openSpinnerDialog"
      },
      "outcomes": {
        "success": "assignVariablesXxyasApprovalLine"
      }
    },
    "assignVariablesXxyasApprovalLine": {
      "module": "vb/action/builtin/assignVariablesAction",
      "parameters": {
        "$page.variables.xxyasApprovalLine": {
          "source": {
            "approvalComments": "{{ $page.variables.approval_comments }}",
            "mode": "EDIT",
            "requestLineId": "{{ $application.functions.splitStringFromProcesInstance($page.variables.tasks.items[0].description).lineId }}",
            "rootInstanceId": "{{ $page.variables.tasks.items[0].rootInstanceId }}"
          },
          "reset": "none",
          "auto": "always"
        }
      },
      "outcomes": {
        "success": "callRestApprovalLinesDML"
      }
    },
    "fireNotification": {
      "module": "vb/action/builtin/fireNotificationEventAction",
      "parameters": {
        "target": "leaf",
        "summary": "[[ $chain.results.callRestApprovalLinesDML.message.summary ]]",
        "type": "error",
        "displayMode": "persist"
      },
      "outcomes": {
        "success": "callComponentDialogApprovalClose"
      }
    },
    "callRestApprovalLinesDML": {
      "module": "vb/action/builtin/restAction",
      "parameters": {
        "endpoint": "ics/approvalLinesDML",
        "body": {
          "XXYASApprovalLine": "[[ $page.variables.xxyasApprovalLine ]]"
        }
      },
      "outcomes": {
        "failure": "callFunctionCloseSpinnerDialog2",
        "success": "callFunctionCloseSpinnerDialog"
      }
    },
    "callFunctionCloseSpinnerDialog": {
      "module": "vb/action/builtin/callModuleFunctionAction",
      "parameters": {
        "module": "[[ $application.functions ]]",
        "functionName": "closeSpinnerDialog"
      },
      "outcomes": {
        "success": "callChainPerformTaskAction1"
      }
    },
    "callFunctionCloseSpinnerDialog2": {
      "module": "vb/action/builtin/callModuleFunctionAction",
      "parameters": {
        "module": "[[ $application.functions ]]",
        "functionName": "closeSpinnerDialog"
      },
      "outcomes": {
        "success": "fireNotification"
      }
    },
    "callChainPerformTaskAction1": {
      "module": "vb/action/builtin/callChainAction",
      "parameters": {
        "id": "performTaskAction"
      },
      "outcomes": {
        "success": "resetVariablesApprovalComments"
      }
    },
    "callComponentDialogApprovalClose": {
      "module": "vb/action/builtin/callComponentMethodAction",
      "parameters": {
        "component": "{{ document.getElementById('dialog-approval') }}",
        "method": "close"
      }
    }
  },
  "variables": {}
}