{
  "description": "",
  "root": "callComponentDialogUnsavedWarningClose",
  "actions": {
    "callComponentDialogUnsavedWarningClose": {
      "module": "vb/action/builtin/callComponentMethodAction",
      "parameters": {
        "component": "{{ document.getElementById('dialog-unsaved-warning') }}",
        "method": "close"
      },
      "outcomes": {
        "success": "navigateBack"
      }
    },
    "navigateBack": {
      "module": "vb/action/builtin/navigateBackAction"
    }
  },
  "variables": {}
}