{
  "title": "",
  "description": "",
  "variables": {
    "xxDeleteReq": {
      "type": {
        "index": "number",
        "module_name": "string",
        "request_id": "number",
        "request_no": "string"
      }
    },
    "xxSearchOffset": {
      "type": "number",
      "defaultValue": 0
    },
    "xxSearchResultCount": {
      "type": "number",
      "defaultValue": 0
    },
    "xxyasAirTicketADP": {
      "type": "vb/ArrayDataProvider2",
      "defaultValue": {
        "itemType": "flow:XXYASAirTicketReq",
        "keyAttributes": "airTicketReqId"
      }
    },
    "xxyasAirTicketDML": {
      "type": "flow:XXYASAirTicketReq"
    },
    "xxyasAnnualPassageADP": {
      "type": "vb/ArrayDataProvider2",
      "defaultValue": {
        "itemType": "flow:XXYASAnnualPassageReq",
        "keyAttributes": "annualPassageHId"
      }
    },
    "xxyasAnnualPassageDML": {
      "type": "flow:XXYASAnnualPassageReq"
    },
    "xxyasApprovalHistoryADP": {
      "type": "vb/ArrayDataProvider2",
      "defaultValue": {
        "itemType": "application:XXYASApprovalHistory",
        "keyAttributes": "requestLineId"
      }
    },
    "xxyasChildEducationADP": {
      "type": "vb/ArrayDataProvider2",
      "defaultValue": {
        "itemType": "flow:XXYASChildEducation",
        "keyAttributes": "chiEduReqId"
      }
    },
    "xxyasChildEducationRequest": {
      "type": "flow:XXYASChildEducation"
    },
    "xxyasLocalBusinessTravelADP": {
      "type": "vb/ArrayDataProvider2",
      "defaultValue": {
        "itemType": "flow:XXYASLocalBusinessTravelRequest",
        "keyAttributes": "loclBusTrvlId"
      }
    },
    "xxyasLoclBsnsTrvlRequest": {
      "type": "flow:XXYASLocalBusinessTravelRequest"
    },
    "xxyasOverSeasADP": {
      "type": "vb/ArrayDataProvider2",
      "defaultValue": {
        "itemType": "flow:XXYASOverSeasTravelType",
        "keyAttributes": "overBusTrvlId"
      }
    },
    "xxyasOverSeasRequest": {
      "type": "flow:XXYASOverSeasTravelType"
    },
    "xxyasSearchCriteria": {
      "type": {
        "fullName": "string",
        "legalEntityName": "string",
        "moduleKeyName": "string",
        "personNumber": "string",
        "requestNo": "string",
        "status": "string"
      }
    }

  },
  "metadata": {},
  "types": {},
  "eventListeners": {
    "aClick": {
      "chains": [
        {
          "chainId": "SeeMoreHyperlinkClickChain"
        }
      ]
    },
    "aClick2": {
      "chains": [
        {
          "chainId": "ReviewRequestHyperlinkClickChain",
          "parameters": {
            "key": "{{ $current.key }}",
            "index": "{{ $current.index }}",
            "current": "{{ $current }}"
          }
        }
      ]
    },
    "buttonAction": {
      "chains": [
        {
          "chainId": "CancelDeleteDialogButtonActionChain"
        }
      ]
    },
    "buttonAction2": {
      "chains": [
        {
          "chainId": "DeleteEducationReqButtonActionChain",
          "parameters": {
            "key": "{{ $current.key }}",
            "index": "{{ $current.index }}",
            "current": "{{ $current }}"
          }
        }
      ]
    },
    "buttonAction3": {
      "chains": [
        {
          "chainId": "YesDeleteDialogButtonActionChain"
        }
      ]
    },
    "buttonAction4": {
      "chains": [
        {
          "chainId": "DeleteLocalReqButtonActionChain",
          "parameters": {
            "key": "{{ $current.key }}",
            "index": "{{ $current.index }}",
            "current": "{{ $current }}"
          }
        }
      ]
    },
    "buttonAction5": {
      "chains": [
        {
          "chainId": "DeleteOverseasButtonActionChain",
          "parameters": {
            "key": "{{ $current.key }}",
            "index": "{{ $current.index }}",
            "current": "{{ $current }}"
          }
        }
      ]
    },
    "buttonAction6": {
      "chains": [
        {
          "chainId": "DeleteAirTicketRequestButtonActionChain",
          "parameters": {
            "key": "{{ $current.key }}",
            "index": "{{ $current.index }}",
            "current": "{{ $current }}"
          }
        }
      ]
    },
    "buttonAction7": {
      "chains": [
        {
          "chainId": "DeltelAnnualReqButtonActionChain",
          "parameters": {
            "key": "{{ $current.key }}",
            "index": "{{ $current.index }}",
            "current": "{{ $current }}"
          }
        }
      ]
    },
    "ojButtonOjAction": {
      "chains": [
        {
          "chainId": "ResetButtonActionChain"
        }
      ]
    },
    "ojButtonOjAction2": {
      "chains": [
        {
          "chainId": "SearchButtonActionChain"
        }
      ]
    },
    "ojButtonOjAction3": {
      "chains": [
        {
          "chainId": "ExportButtonActionChain"
        }
      ]
    },
    "ojButtonOjAction4": {
      "chains": [
        {
          "chainId": "FetchAssigneesButtonActionChain",
          "parameters": {
            "key": "{{ $current.key }}",
            "index": "{{ $current.index }}",
            "current": "{{ $current }}",
            "processId": "{{ $current.row.processId }}"
          }
        }
      ]
    },
    "ojComboboxOneValue": {
      "chains": [
        {
          "chainId": "SelfServiceTypeComboboxOneValueChangeChain",
          "parameters": {
            "value": "{{ $event.detail.value }}"
          }
        }
      ]
    },
    "showApprovalTaskPopupOjAction": {
      "chains": [
        {
          "chainId": "ApprovalHistoryButtonActionChain",
          "parameters": {
            "key": "{{ $current.key }}",
            "index": "{{ $current.index }}",
            "current": "{{ $current }}"
          }
        }
      ]
    }

  },
  "imports": {
    "components": {
      "oj-button": {
        "path": "ojs/ojbutton"
      },
      "oj-collapsible": {
        "path": "ojs/ojcollapsible"
      },
      "oj-combobox-one": {
        "path": "ojs/ojselectcombobox"
      },
      "oj-dialog": {
        "path": "ojs/ojdialog"
      },
      "oj-form-layout": {
        "path": "ojs/ojformlayout"
      },
      "oj-input-date": {
        "path": "ojs/ojdatetimepicker"
      },
      "oj-input-date-time": {
        "path": "ojs/ojdatetimepicker"
      },
      "oj-input-text": {
        "path": "ojs/ojinputtext"
      },
      "oj-label": {
        "path": "ojs/ojlabel"
      },
      "oj-list-view": {
        "path": "ojs/ojlistview"
      },
      "oj-option": {
        "path": "ojs/ojoption"
      },
      "oj-popup": {
        "path": "ojs/ojpopup"
      },
      "oj-select-one": {
        "path": "ojs/ojselectcombobox"
      },
      "oj-select-single": {
        "path": "ojs/ojselectsingle"
      },
      "oj-table": {
        "path": "ojs/ojtable"
      },
      "oj-toolbar": {
        "path": "ojs/ojtoolbar"
      },
      "oj-validation-group": {
        "path": "ojs/ojvalidationgroup"
      }

    },
    "modules": {
      "ojValidationDateTime": {
        "path": "ojs/ojvalidation-datetime"
      }
    }
  }
}
