{
    "count": 21,
    "hasMore": false,
    "totalResults": 21,
    "items": [
        {
            "title": "Instance #197628 of XXYASAirTicketProcess",
            "processId": "197628",
            "processName": "XXYASAirTicketProcess",
            "priority": 5,
            "ownedBy": "XXYASAirTicketApplication.ProcessOwner",
            "processNumber": 201526,
            "createdBy": "mohamed.mo.fathy@oracle.com",
            "state": "COMPLETED",
            "createdDate": "2021-08-12T11:31:49.000Z",
            "updatedDate": "2021-08-12T11:36:17.000Z",
            "processDN": "oracleinternalpcsplayer~XXYASAirTicketApplication!1.0~XXYASAirTicketProcess",
            "levels": 0,
            "href": "https://dev-oic-axnknj3nduol-dx.integration.ocp.oraclecloud.com:443/ic/api/process/v1/processes/197628"
        },
        {
            "title": "Instance #215132 of XXYASLoclBunsTrvlProcess",
            "processId": "215132",
            "processName": "XXYASLoclBunsTrvlProcess",
            "priority": 5,
            "ownedBy": "XXYASLoclBunsTrvlApplication.ProcessOwner",
            "processNumber": 201582,
            "createdBy": "hr_emp",
            "state": "COMPLETED",
            "createdDate": "2021-08-15T21:18:17.000Z",
            "updatedDate": "2021-08-17T12:13:23.000Z",
            "processDN": "oracleinternalpcsplayer~XXYASLoclBunsTrvlApplication!1.0~XXYASLoclBunsTrvlProcess",
            "levels": 0,
            "href": "https://dev-oic-axnknj3nduol-dx.integration.ocp.oraclecloud.com:443/ic/api/process/v1/processes/215132"
        },
        {
            "title": "Instance #207820 of XXYASChildEducationProcess",
            "processId": "207820",
            "processName": "XXYASChildEducationProcess",
            "priority": 5,
            "ownedBy": "XXYASChildEducationApplication.ProcessOwner",
            "processNumber": 201586,
            "createdBy": "hr_emp",
            "state": "COMPLETED",
            "createdDate": "2021-08-15T21:24:12.000Z",
            "updatedDate": "2021-08-15T21:28:47.000Z",
            "processDN": "oracleinternalpcsplayer~XXYASChildEducationApplication!1.0~XXYASChildEducationProcess",
            "levels": 0,
            "href": "https://dev-oic-axnknj3nduol-dx.integration.ocp.oraclecloud.com:443/ic/api/process/v1/processes/207820"
        },
        {
            "title": "Instance #215508 of XXYASChildEducationProcess",
            "processId": "215508",
            "processName": "XXYASChildEducationProcess",
            "priority": 5,
            "ownedBy": "XXYASChildEducationApplication.ProcessOwner",
            "processNumber": 201589,
            "createdBy": "hr_emp",
            "state": "COMPLETED",
            "createdDate": "2021-08-15T21:25:28.000Z",
            "updatedDate": "2021-08-15T21:27:16.000Z",
            "processDN": "oracleinternalpcsplayer~XXYASChildEducationApplication!1.0~XXYASChildEducationProcess",
            "levels": 0,
            "href": "https://dev-oic-axnknj3nduol-dx.integration.ocp.oraclecloud.com:443/ic/api/process/v1/processes/215508"
        },
        {
            "title": "Instance #207912 of XXYASAirTicketProcess",
            "processId": "207912",
            "processName": "XXYASAirTicketProcess",
            "priority": 5,
            "ownedBy": "XXYASAirTicketApplication.ProcessOwner",
            "processNumber": 201594,
            "createdBy": "hr_emp",
            "state": "COMPLETED",
            "createdDate": "2021-08-15T21:27:09.000Z",
            "updatedDate": "2021-08-15T21:32:33.000Z",
            "processDN": "oracleinternalpcsplayer~XXYASAirTicketApplication!1.0~XXYASAirTicketProcess",
            "levels": 0,
            "href": "https://dev-oic-axnknj3nduol-dx.integration.ocp.oraclecloud.com:443/ic/api/process/v1/processes/207912"
        },
        {
            "title": "Instance #219247 of XXYASAirTicketProcess",
            "processId": "219247",
            "processName": "XXYASAirTicketProcess",
            "priority": 5,
            "ownedBy": "XXYASAirTicketApplication.ProcessOwner",
            "processNumber": 201632,
            "createdBy": "mohamed.mo.fathy@oracle.com",
            "state": "COMPLETED",
            "createdDate": "2021-08-17T12:20:32.000Z",
            "updatedDate": "2021-08-17T12:43:28.000Z",
            "processDN": "oracleinternalpcsplayer~XXYASAirTicketApplication!1.0~XXYASAirTicketProcess",
            "levels": 0,
            "href": "https://dev-oic-axnknj3nduol-dx.integration.ocp.oraclecloud.com:443/ic/api/process/v1/processes/219247"
        },
        {
            "title": "Instance #232652 of XXYASLoclBunsTrvlProcess",
            "processId": "232652",
            "processName": "XXYASLoclBunsTrvlProcess",
            "priority": 5,
            "ownedBy": "XXYASLoclBunsTrvlApplication.ProcessOwner",
            "processNumber": 201683,
            "createdBy": "marharyta.c@globalhr.ae",
            "state": "COMPLETED",
            "createdDate": "2021-08-18T12:42:16.000Z",
            "updatedDate": "2021-08-18T13:02:41.000Z",
            "processDN": "oracleinternalpcsplayer~XXYASLoclBunsTrvlApplication!1.0~XXYASLoclBunsTrvlProcess",
            "levels": 0,
            "href": "https://dev-oic-axnknj3nduol-dx.integration.ocp.oraclecloud.com:443/ic/api/process/v1/processes/232652"
        },
        {
            "title": "Instance #232683 of XXYASChildEducationProcess",
            "processId": "232683",
            "processName": "XXYASChildEducationProcess",
            "priority": 5,
            "ownedBy": "XXYASChildEducationApplication.ProcessOwner",
            "processNumber": 201685,
            "createdBy": "srinivasa.murali@globalhr.ae",
            "state": "COMPLETED",
            "createdDate": "2021-08-18T12:42:31.000Z",
            "updatedDate": "2021-08-18T19:43:33.000Z",
            "processDN": "oracleinternalpcsplayer~XXYASChildEducationApplication!1.0~XXYASChildEducationProcess",
            "levels": 0,
            "href": "https://dev-oic-axnknj3nduol-dx.integration.ocp.oraclecloud.com:443/ic/api/process/v1/processes/232683"
        },
        {
            "title": "Instance #232705 of XXYASChildEducationProcess",
            "processId": "232705",
            "processName": "XXYASChildEducationProcess",
            "priority": 5,
            "ownedBy": "XXYASChildEducationApplication.ProcessOwner",
            "processNumber": 201687,
            "createdBy": "srinivasa.murali@globalhr.ae",
            "state": "COMPLETED",
            "createdDate": "2021-08-18T12:44:48.000Z",
            "updatedDate": "2021-08-18T19:42:12.000Z",
            "processDN": "oracleinternalpcsplayer~XXYASChildEducationApplication!1.0~XXYASChildEducationProcess",
            "levels": 0,
            "href": "https://dev-oic-axnknj3nduol-dx.integration.ocp.oraclecloud.com:443/ic/api/process/v1/processes/232705"
        },
        {
            "title": "Instance #233770 of XXYASOverSeasBusinessTrvlProcess",
            "processId": "233770",
            "processName": "XXYASOverSeasBusinessTrvlProcess",
            "priority": 5,
            "ownedBy": "XXYASOverSeasBusinessTrvlApplication.ProcessOwner",
            "processNumber": 201694,
            "createdBy": "marharyta.c@globalhr.ae",
            "state": "COMPLETED",
            "createdDate": "2021-08-18T12:54:07.000Z",
            "updatedDate": "2021-08-18T19:41:00.000Z",
            "processDN": "oracleinternalpcsplayer~XXYASOverSeasBusinessTrvlApplication!1.0~XXYASOverSeasBusinessTrvlProcess",
            "levels": 0,
            "href": "https://dev-oic-axnknj3nduol-dx.integration.ocp.oraclecloud.com:443/ic/api/process/v1/processes/233770"
        },
        {
            "title": "Instance #234100 of XXYASOverSeasBusinessTrvlProcess",
            "processId": "234100",
            "processName": "XXYASOverSeasBusinessTrvlProcess",
            "priority": 5,
            "ownedBy": "XXYASOverSeasBusinessTrvlApplication.ProcessOwner",
            "processNumber": 201710,
            "createdBy": "srinivasa.murali@globalhr.ae",
            "state": "COMPLETED",
            "createdDate": "2021-08-18T13:33:49.000Z",
            "updatedDate": "2021-08-18T19:34:41.000Z",
            "processDN": "oracleinternalpcsplayer~XXYASOverSeasBusinessTrvlApplication!1.0~XXYASOverSeasBusinessTrvlProcess",
            "levels": 0,
            "href": "https://dev-oic-axnknj3nduol-dx.integration.ocp.oraclecloud.com:443/ic/api/process/v1/processes/234100"
        },
        {
            "title": "Instance #234509 of XXYASChildEducationProcess",
            "processId": "234509",
            "processName": "XXYASChildEducationProcess",
            "priority": 5,
            "ownedBy": "XXYASChildEducationApplication.ProcessOwner",
            "processNumber": 201712,
            "createdBy": "muhammed.kabeer@globalhr.ae",
            "state": "COMPLETED",
            "createdDate": "2021-08-18T13:43:12.000Z",
            "updatedDate": "2021-08-18T19:30:02.000Z",
            "processDN": "oracleinternalpcsplayer~XXYASChildEducationApplication!1.0~XXYASChildEducationProcess",
            "levels": 0,
            "href": "https://dev-oic-axnknj3nduol-dx.integration.ocp.oraclecloud.com:443/ic/api/process/v1/processes/234509"
        },
        {
            "title": "Instance #234663 of XXYASOverSeasBusinessTrvlProcess",
            "processId": "234663",
            "processName": "XXYASOverSeasBusinessTrvlProcess",
            "priority": 5,
            "ownedBy": "XXYASOverSeasBusinessTrvlApplication.ProcessOwner",
            "processNumber": 201714,
            "createdBy": "srinivasa.murali@globalhr.ae",
            "state": "COMPLETED",
            "createdDate": "2021-08-18T13:50:35.000Z",
            "updatedDate": "2021-08-18T19:28:12.000Z",
            "processDN": "oracleinternalpcsplayer~XXYASOverSeasBusinessTrvlApplication!1.0~XXYASOverSeasBusinessTrvlProcess",
            "levels": 0,
            "href": "https://dev-oic-axnknj3nduol-dx.integration.ocp.oraclecloud.com:443/ic/api/process/v1/processes/234663"
        },
        {
            "title": "Instance #234748 of XXYASChildEducationProcess",
            "processId": "234748",
            "processName": "XXYASChildEducationProcess",
            "priority": 5,
            "ownedBy": "XXYASChildEducationApplication.ProcessOwner",
            "processNumber": 201716,
            "createdBy": "muhammed.kabeer@globalhr.ae",
            "state": "COMPLETED",
            "createdDate": "2021-08-18T13:53:21.000Z",
            "updatedDate": "2021-08-18T19:23:00.000Z",
            "processDN": "oracleinternalpcsplayer~XXYASChildEducationApplication!1.0~XXYASChildEducationProcess",
            "levels": 0,
            "href": "https://dev-oic-axnknj3nduol-dx.integration.ocp.oraclecloud.com:443/ic/api/process/v1/processes/234748"
        },
        {
            "title": "Instance #226207 of XXYASChildEducationProcess",
            "processId": "226207",
            "processName": "XXYASChildEducationProcess",
            "priority": 5,
            "ownedBy": "XXYASChildEducationApplication.ProcessOwner",
            "processNumber": 201718,
            "createdBy": "hr_emp",
            "state": "COMPLETED",
            "createdDate": "2021-08-18T17:28:23.000Z",
            "updatedDate": "2021-08-18T19:19:50.000Z",
            "processDN": "oracleinternalpcsplayer~XXYASChildEducationApplication!1.0~XXYASChildEducationProcess",
            "levels": 0,
            "href": "https://dev-oic-axnknj3nduol-dx.integration.ocp.oraclecloud.com:443/ic/api/process/v1/processes/226207"
        },
        {
            "title": "Instance #226229 of XXYASAnnualPassageProcess",
            "processId": "226229",
            "processName": "XXYASAnnualPassageProcess",
            "priority": 5,
            "ownedBy": "XXYASAnnualPassageApplication.ProcessOwner",
            "processNumber": 201720,
            "createdBy": "hr_emp",
            "state": "COMPLETED",
            "createdDate": "2021-08-18T17:41:28.000Z",
            "updatedDate": "2021-08-18T17:55:35.000Z",
            "processDN": "oracleinternalpcsplayer~XXYASAnnualPassageApplication!1.0~XXYASAnnualPassageProcess",
            "levels": 0,
            "href": "https://dev-oic-axnknj3nduol-dx.integration.ocp.oraclecloud.com:443/ic/api/process/v1/processes/226229"
        },
        {
            "title": "Instance #235628 of XXYASAnnualPassageProcess",
            "processId": "235628",
            "processName": "XXYASAnnualPassageProcess",
            "priority": 5,
            "ownedBy": "XXYASAnnualPassageApplication.ProcessOwner",
            "processNumber": 201727,
            "createdBy": "hr_emp",
            "state": "COMPLETED",
            "createdDate": "2021-08-18T18:07:14.000Z",
            "updatedDate": "2021-08-18T18:11:37.000Z",
            "processDN": "oracleinternalpcsplayer~XXYASAnnualPassageApplication!1.0~XXYASAnnualPassageProcess",
            "levels": 0,
            "href": "https://dev-oic-axnknj3nduol-dx.integration.ocp.oraclecloud.com:443/ic/api/process/v1/processes/235628"
        },
        {
            "title": "Instance #236092 of XXYASAnnualPassageProcess",
            "processId": "236092",
            "processName": "XXYASAnnualPassageProcess",
            "priority": 5,
            "ownedBy": "XXYASAnnualPassageApplication.ProcessOwner",
            "processNumber": 201733,
            "createdBy": "hr_emp",
            "state": "COMPLETED",
            "createdDate": "2021-08-18T18:51:07.000Z",
            "updatedDate": "2021-08-18T18:59:37.000Z",
            "processDN": "oracleinternalpcsplayer~XXYASAnnualPassageApplication!1.0~XXYASAnnualPassageProcess",
            "levels": 0,
            "href": "https://dev-oic-axnknj3nduol-dx.integration.ocp.oraclecloud.com:443/ic/api/process/v1/processes/236092"
        },
        {
            "title": "Instance #228392 of XXYASLoclBunsTrvlProcess",
            "processId": "228392",
            "processName": "XXYASLoclBunsTrvlProcess",
            "priority": 5,
            "ownedBy": "XXYASLoclBunsTrvlApplication.ProcessOwner",
            "processNumber": 201783,
            "createdBy": "muhammed.kabeer@globalhr.ae",
            "state": "OPEN",
            "createdDate": "2021-08-19T11:58:34.000Z",
            "updatedDate": "2021-08-19T19:03:14.000Z",
            "processDN": "oracleinternalpcsplayer~XXYASLoclBunsTrvlApplication!1.0~XXYASLoclBunsTrvlProcess",
            "levels": 0,
            "href": "https://dev-oic-axnknj3nduol-dx.integration.ocp.oraclecloud.com:443/ic/api/process/v1/processes/228392"
        },
        {
            "title": "Instance #238556 of XXYASOverSeasBusinessTrvlProcess",
            "processId": "238556",
            "processName": "XXYASOverSeasBusinessTrvlProcess",
            "priority": 5,
            "ownedBy": "XXYASOverSeasBusinessTrvlApplication.ProcessOwner",
            "processNumber": 201785,
            "createdBy": "muhammed.kabeer@globalhr.ae",
            "state": "OPEN",
            "createdDate": "2021-08-19T12:28:18.000Z",
            "updatedDate": "2021-08-19T12:28:24.000Z",
            "processDN": "oracleinternalpcsplayer~XXYASOverSeasBusinessTrvlApplication!1.0~XXYASOverSeasBusinessTrvlProcess",
            "levels": 0,
            "href": "https://dev-oic-axnknj3nduol-dx.integration.ocp.oraclecloud.com:443/ic/api/process/v1/processes/238556"
        },
        {
            "title": "Instance #239570 of XXYASChildEducationProcess",
            "processId": "239570",
            "processName": "XXYASChildEducationProcess",
            "priority": 5,
            "ownedBy": "XXYASChildEducationApplication.ProcessOwner",
            "processNumber": 201788,
            "createdBy": "hr.manager",
            "state": "COMPLETED",
            "createdDate": "2021-08-19T14:25:52.000Z",
            "updatedDate": "2021-08-19T17:24:22.000Z",
            "processDN": "oracleinternalpcsplayer~XXYASChildEducationApplication!1.0~XXYASChildEducationProcess",
            "levels": 0,
            "href": "https://dev-oic-axnknj3nduol-dx.integration.ocp.oraclecloud.com:443/ic/api/process/v1/processes/239570"
        }
    ]
}